game_pk,date,start_time_utc,venue,game_type,away_team,home_team,away_team_id,home_team_id,away_probable,home_probable,away_probable_id,home_probable_id,away_score,home_score,winner,home_won,total_runs,run_differential,double_header,game_number
778545,2025-03-27,2025-03-27T20:10:00Z,Petco Park,R,ATL,SD,144,135,Chris Sale,Michael King,519242,650633,4,7,SD,1,11,3,N,1
778546,2025-03-27,2025-03-27T23:10:00Z,Dodger Stadium,R,DET,LAD,116,119,Tarik Skubal,Blake Snell,669373,605483,4,5,LAD,1,9,1,N,1
778547,2025-03-27,2025-03-28T02:10:00Z,T-Mobile Park,R,ATH,SEA,133,136,Luis Severino,Logan Gilbert,622663,669302,2,4,SEA,1,6,2,N,1
778551,2025-03-27,2025-03-27T20:15:00Z,Busch Stadium,R,MIN,STL,142,138,Pablo López,Sonny Gray,641154,543243,3,5,STL,1,8,2,N,1
778552,2025-03-27,2025-03-28T02:10:00Z,Chase Field,R,CHC,AZ,112,109,Justin Steele,Zac Gallen,657006,668678,10,6,CHC,0,16,4,N,1
778553,2025-03-27,2025-03-27T20:05:00Z,Globe Life Field,R,BOS,TEX,111,140,Garrett Crochet,Nathan Eovaldi,676979,543135,5,2,BOS,0,7,3,N,1
778554,2025-03-27,2025-03-27T20:10:00Z,Rate Field,R,LAA,CWS,108,145,Yusei Kikuchi,Sean Burke,579328,680732,1,8,CWS,1,9,7,N,1
778555,2025-03-27,2025-03-27T20:05:00Z,Nationals Park,R,PHI,WSH,143,120,Zack Wheeler,MacKenzie Gore,554430,669022,7,3,PHI,0,10,4,N,1
778556,2025-03-27,2025-03-27T19:07:00Z,Rogers Centre,R,BAL,TOR,110,141,Zach Eflin,José Berríos,621107,621244,12,2,BAL,0,14,10,N,1
778557,2025-03-27,2025-03-27T19:05:00Z,Yankee Stadium,R,MIL,NYY,158,147,Freddy Peralta,Carlos Rodón,642547,607074,2,4,NYY,1,6,2,N,1
778558,2025-03-27,2025-03-27T20:10:00Z,Kauffman Stadium,R,CLE,KC,114,118,Ben Lively,Cole Ragans,594902,666142,7,4,CLE,0,11,3,N,1
778559,2025-03-27,2025-03-27T20:10:00Z,Daikin Park,R,NYM,HOU,121,117,Clay Holmes,Framber Valdez,605280,664285,1,3,HOU,1,4,2,N,1
778561,2025-03-27,2025-03-27T20:10:00Z,Great American Ball Park,R,SF,CIN,137,113,Logan Webb,Hunter Greene,657277,668881,6,4,SF,0,10,2,N,1
778562,2025-03-27,2025-03-27T20:10:00Z,loanDepot park,R,PIT,MIA,134,146,Paul Skenes,Sandy Alcantara,694973,645261,4,5,MIA,1,9,1,N,1
778518,2025-03-28,2025-03-29T00:10:00Z,Daikin Park,R,NYM,HOU,121,117,Tylor Megill,Hunter Brown,656731,686613,3,1,NYM,0,4,2,N,1
778541,2025-03-28,2025-03-29T01:40:00Z,T-Mobile Park,R,ATH,SEA,133,136,Jeffrey Springs,Luis Castillo,605488,622491,7,0,ATH,0,7,7,N,1
778542,2025-03-28,2025-03-29T01:40:00Z,Petco Park,R,ATL,SD,144,135,Reynaldo López,Dylan Cease,625643,656302,3,4,SD,1,7,1,N,1
778543,2025-03-28,2025-03-29T01:40:00Z,Chase Field,R,CHC,AZ,112,109,Jameson Taillon,Merrill Kelly,592791,518876,1,8,AZ,1,9,7,N,1
778544,2025-03-28,2025-03-29T02:10:00Z,Dodger Stadium,R,DET,LAD,116,119,Jack Flaherty,Yoshinobu Yamamoto,656427,808967,5,8,LAD,1,13,3,N,1
778548,2025-03-28,2025-03-28T23:10:00Z,loanDepot park,R,PIT,MIA,134,146,Mitch Keller,Connor Gillispie,656605,687362,4,3,PIT,0,7,1,N,1
778549,2025-03-28,2025-03-28T23:07:00Z,Rogers Centre,R,BAL,TOR,110,141,Charlie Morton,Kevin Gausman,450203,592332,2,8,TOR,1,10,6,N,1
778550,2025-03-28,2025-03-29T00:05:00Z,Globe Life Field,R,BOS,TEX,111,140,Tanner Houck,Jack Leiter,656557,683004,1,4,TEX,1,5,3,N,1
778560,2025-03-28,2025-03-28T20:10:00Z,George M. Steinbrenner Field,R,COL,TB,115,139,Kyle Freeland,Ryan Pepiot,607536,686752,2,3,TB,1,5,1,N,1
778520,2025-03-29,2025-03-29T23:15:00Z,Petco Park,R,ATL,SD,144,135,Spencer Schwellenbach,Randy Vásquez,680885,681190,0,1,SD,1,1,1,N,1
778521,2025-03-29,2025-03-30T01:40:00Z,T-Mobile Park,R,ATH,SEA,133,136,Osvaldo Bido,Bryce Miller,674370,682243,4,2,ATH,0,6,2,N,1
778528,2025-03-29,2025-03-29T18:15:00Z,Busch Stadium,R,MIN,STL,142,138,Joe Ryan,Erick Fedde,657746,607200,1,5,STL,1,6,4,N,1
778529,2025-03-29,2025-03-29T20:10:00Z,Kauffman Stadium,R,CLE,KC,114,118,Gavin Williams,Seth Lugo,668909,607625,3,4,KC,1,7,1,N,1
778530,2025-03-29,2025-03-29T23:15:00Z,Daikin Park,R,NYM,HOU,121,117,Griffin Canning,Spencer Arrighetti,656288,681293,1,2,HOU,1,3,1,N,1
778531,2025-03-29,2025-03-29T23:05:00Z,Globe Life Field,R,BOS,TEX,111,140,Walker Buehler,Tyler Mahle,621111,641816,3,4,TEX,1,7,1,N,1
778532,2025-03-29,2025-03-30T00:10:00Z,Chase Field,R,CHC,AZ,112,109,Shota Imanaga,Brandon Pfaadt,684007,694297,4,3,CHC,0,7,1,N,1
778533,2025-03-29,2025-03-30T01:10:00Z,Dodger Stadium,R,DET,LAD,116,119,Reese Olson,Roki Sasaki,681857,808963,3,7,LAD,1,10,4,N,1
778534,2025-03-29,2025-03-29T18:10:00Z,Rate Field,R,LAA,CWS,108,145,José Soriano,Jonathan Cannon,667755,686563,1,0,LAA,0,1,1,N,1
778535,2025-03-29,2025-03-29T20:05:00Z,Nationals Park,R,PHI,WSH,143,120,Jesús Luzardo,Jake Irvin,666200,663623,11,6,PHI,0,17,5,N,1
778536,2025-03-29,2025-03-29T19:07:00Z,Rogers Centre,R,BAL,TOR,110,141,Dean Kremer,Max Scherzer,665152,453286,9,5,BAL,0,14,4,N,1
778537,2025-03-29,2025-03-29T20:10:00Z,George M. Steinbrenner Field,R,COL,TB,115,139,Antonio Senzatela,Zack Littell,622608,641793,2,1,COL,0,3,1,N,1
778538,2025-03-29,2025-03-29T17:05:00Z,Yankee Stadium,R,MIL,NYY,158,147,Nestor Cortes,Max Fried,641482,608331,9,20,NYY,1,29,11,N,1
778539,2025-03-29,2025-03-29T20:10:00Z,loanDepot park,R,PIT,MIA,134,146,Bailey Falter,Valente Bellozo,663559,678368,4,5,MIA,1,9,1,N,1
778540,2025-03-29,2025-03-29T20:10:00Z,Great American Ball Park,R,SF,CIN,137,113,Justin Verlander,Nick Lodolo,434378,666157,2,3,CIN,1,5,1,N,1
778510,2025-03-30,2025-03-30T18:10:00Z,Kauffman Stadium,R,CLE,KC,114,118,Tanner Bibee,Michael Wacha,676440,608379,6,2,CLE,0,8,4,N,1
778513,2025-03-30,2025-03-30T20:10:00Z,T-Mobile Park,R,ATH,SEA,133,136,JP Sears,Bryan Woo,676664,693433,1,2,SEA,1,3,1,N,1
778514,2025-03-30,2025-03-30T23:10:00Z,Petco Park,R,ATL,SD,144,135,AJ Smith-Shawver,Nick Pivetta,700363,601713,0,5,SD,1,5,5,N,1
778515,2025-03-30,2025-03-30T20:10:00Z,Chase Field,R,CHC,AZ,112,109,Matthew Boyd,Eduardo Rodriguez,571510,593958,6,10,AZ,1,16,4,N,1
778516,2025-03-30,2025-03-30T18:35:00Z,Globe Life Field,R,BOS,TEX,111,140,Richard Fitts,Jacob deGrom,690916,594798,2,3,TEX,1,5,1,N,1
778517,2025-03-30,2025-03-30T18:15:00Z,Busch Stadium,R,MIN,STL,142,138,Bailey Ober,Andre Pallante,641927,669467,2,9,STL,1,11,7,N,1
778519,2025-03-30,2025-03-30T17:40:00Z,loanDepot park,R,PIT,MIA,134,146,Andrew Heaney,Max Meyer,571760,676974,2,3,MIA,1,5,1,N,1
778522,2025-03-30,2025-03-30T17:40:00Z,Great American Ball Park,R,SF,CIN,137,113,Robbie Ray,Nick Martinez,592662,607259,6,3,SF,0,9,3,N,1
778523,2025-03-30,2025-03-30T17:35:00Z,Yankee Stadium,R,MIL,NYY,158,147,Aaron Civale,Marcus Stroman,650644,573186,3,12,NYY,1,15,9,N,1
778524,2025-03-30,2025-03-30T17:40:00Z,George M. Steinbrenner Field,R,COL,TB,115,139,Ryan Feltner,Taj Bradley,663372,671737,4,6,TB,1,10,2,N,1
778525,2025-03-30,2025-03-30T17:37:00Z,Rogers Centre,R,BAL,TOR,110,141,Tomoyuki Sugano,Chris Bassitt,608372,605135,1,3,TOR,1,4,2,N,1
778526,2025-03-30,2025-03-30T17:35:00Z,Nationals Park,R,PHI,WSH,143,120,Aaron Nola,Mitchell Parker,605400,680730,1,5,WSH,1,6,4,N,1
778527,2025-03-30,2025-03-30T18:10:00Z,Rate Field,R,LAA,CWS,108,145,Jack Kochanowicz,Davis Martin,686799,663436,3,2,LAA,0,5,1,N,1
778496,2025-03-31,2025-04-01T01:40:00Z,T-Mobile Park,R,DET,SEA,116,136,Jackson Jobe,Emerson Hancock,695549,676106,9,6,DET,0,15,3,N,1
778499,2025-03-31,2025-04-01T01:40:00Z,Petco Park,R,CLE,SD,114,135,Luis Ortiz,Kyle Hart,682847,606996,2,7,SD,1,9,5,N,1
778500,2025-03-31,2025-04-01T02:10:00Z,Dodger Stadium,R,ATL,LAD,144,119,Grant Holmes,Tyler Glasnow,656550,607192,1,6,LAD,1,7,5,N,1
778501,2025-03-31,2025-04-01T02:05:00Z,Sutter Health Park,R,CHC,ATH,112,133,Ben Brown,Joey Estes,676962,683155,18,3,CHC,0,21,15,N,1
778502,2025-03-31,2025-03-31T19:05:00Z,Citizens Bank Park,R,COL,PHI,115,143,Germán Márquez,Cristopher Sánchez,608566,650911,1,6,PHI,1,7,5,N,1
778503,2025-03-31,2025-03-31T23:45:00Z,Busch Stadium,R,LAA,STL,108,138,Tyler Anderson,Miles Mikolas,542881,571945,5,4,LAA,0,9,1,N,1
778504,2025-03-31,2025-03-31T18:10:00Z,American Family Field,R,KC,MIL,118,158,Kris Bubic,Elvin Rodríguez,663460,660730,11,1,KC,0,12,10,N,1
778505,2025-03-31,2025-04-01T00:10:00Z,Daikin Park,R,SF,HOU,137,117,Jordan Hicks,Ronel Blanco,663855,669854,7,2,SF,0,9,5,N,1
778506,2025-03-31,2025-03-31T18:10:00Z,Rate Field,R,MIN,CWS,142,145,Chris Paddack,Martín Pérez,663978,527048,0,9,CWS,1,9,9,N,1
778507,2025-03-31,2025-03-31T23:07:00Z,Rogers Centre,R,WSH,TOR,120,141,Michael Soroka,Bowden Francis,647336,670102,2,5,TOR,1,7,3,N,1
778508,2025-03-31,2025-03-31T23:05:00Z,George M. Steinbrenner Field,R,PIT,TB,134,139,Carmen Mlodzinski,Drew Rasmussen,669387,656876,1,6,TB,1,7,5,N,1
778509,2025-03-31,2025-03-31T22:40:00Z,loanDepot park,R,NYM,MIA,121,146,David Peterson,Cal Quantrill,656849,615698,10,4,NYM,0,14,6,N,1
778511,2025-03-31,2025-03-31T22:40:00Z,Great American Ball Park,R,TEX,CIN,140,113,Kumar Rocker,Brady Singer,677958,663903,3,14,CIN,1,17,11,N,1
778512,2025-03-31,2025-03-31T18:35:00Z,Oriole Park at Camden Yards,R,BOS,BAL,111,110,Sean Newcomb,Cade Povich,656794,700249,5,8,BAL,1,13,3,N,1
778485,2025-04-01,2025-04-02T01:40:00Z,Petco Park,R,CLE,SD,114,135,Logan Allen,Michael King,671106,650633,0,7,SD,1,7,7,N,1
778486,2025-04-01,2025-04-02T01:40:00Z,T-Mobile Park,R,DET,SEA,116,136,Casey Mize,Logan Gilbert,663554,669302,4,1,DET,0,5,3,N,1
778487,2025-04-01,2025-04-02T02:10:00Z,Dodger Stadium,R,ATL,LAD,144,119,Chris Sale,Dustin May,519242,669160,1,3,LAD,1,4,2,N,1
778488,2025-04-01,2025-04-01T23:40:00Z,American Family Field,R,KC,MIL,118,158,Michael Lorenzen,Chad Patrick,547179,694477,0,5,MIL,1,5,5,N,1
778489,2025-04-01,2025-04-02T00:10:00Z,Daikin Park,R,SF,HOU,137,117,Logan Webb,Hayden Wesneski,657277,669713,3,1,SF,0,4,2,N,1
778490,2025-04-01,2025-04-01T23:40:00Z,Rate Field,R,MIN,CWS,142,145,Simeon Woods Richardson,Shane Smith,680573,681343,8,3,MIN,0,11,5,N,1
778491,2025-04-01,2025-04-01T23:07:00Z,Rogers Centre,R,WSH,TOR,120,141,Trevor Williams,José Berríos,592866,621244,3,5,TOR,1,8,2,N,1
778492,2025-04-01,2025-04-01T23:05:00Z,Yankee Stadium,R,AZ,NYY,109,147,Corbin Burnes,Will Warren,669203,701542,7,5,AZ,0,12,2,N,1
778493,2025-04-01,2025-04-01T23:05:00Z,George M. Steinbrenner Field,R,PIT,TB,134,139,Thomas Harrington,Shane Baz,802419,669358,0,7,TB,1,7,7,N,1
778494,2025-04-01,2025-04-02T02:05:00Z,Sutter Health Park,R,CHC,ATH,112,133,Justin Steele,Luis Severino,657006,622663,7,4,CHC,0,11,3,N,1
778495,2025-04-01,2025-04-01T23:45:00Z,Busch Stadium,R,LAA,STL,108,138,Kyle Hendricks,Matthew Liberatore,543294,669461,9,7,LAA,0,16,2,N,1
778497,2025-04-01,2025-04-01T22:40:00Z,loanDepot park,R,NYM,MIA,121,146,Kodai Senga,Sandy Alcantara,673540,645261,2,4,MIA,1,6,2,N,1
778498,2025-04-01,2025-04-01T22:40:00Z,Great American Ball Park,R,TEX,CIN,140,113,Nathan Eovaldi,Carson Spiers,543135,686730,1,0,TEX,0,1,1,N,1
778469,2025-04-02,2025-04-02T20:10:00Z,T-Mobile Park,R,DET,SEA,116,136,Tarik Skubal,Luis Castillo,669373,622491,2,3,SEA,1,5,1,N,1
778471,2025-04-02,2025-04-02T19:35:00Z,Sutter Health Park,R,CHC,ATH,112,133,Jameson Taillon,Jeffrey Springs,592791,605488,10,2,CHC,0,12,8,N,1
778472,2025-04-02,2025-04-03T00:38:00Z,Dodger Stadium,R,ATL,LAD,144,119,Bryce Elder,Blake Snell,693821,605483,5,6,LAD,1,11,1,N,1
778473,2025-04-02,2025-04-02T17:15:00Z,Busch Stadium,R,LAA,STL,108,138,Yusei Kikuchi,Sonny Gray,579328,543243,5,12,STL,1,17,7,N,1
778474,2025-04-02,2025-04-02T18:10:00Z,Rate Field,R,MIN,CWS,142,145,Pablo López,Sean Burke,641154,680732,6,1,MIN,0,7,5,N,1
778475,2025-04-02,2025-04-02T20:10:00Z,Daikin Park,R,SF,HOU,137,117,Landen Roupp,Framber Valdez,694738,664285,6,3,SF,0,9,3,N,1
778476,2025-04-02,2025-04-02T20:10:00Z,Petco Park,R,CLE,SD,114,135,Ben Lively,Dylan Cease,594902,656302,2,5,SD,1,7,3,N,1
778477,2025-04-02,2025-04-02T17:10:00Z,American Family Field,R,KC,MIL,118,158,Cole Ragans,Freddy Peralta,666142,642547,2,3,MIL,1,5,1,N,1
778478,2025-04-02,2025-04-02T19:07:00Z,Rogers Centre,R,WSH,TOR,120,141,MacKenzie Gore,Easton Lucas,669022,687922,2,4,TOR,1,6,2,N,1
778479,2025-04-02,2025-04-02T17:10:00Z,George M. Steinbrenner Field,R,PIT,TB,134,139,Paul Skenes,Ryan Pepiot,694973,686752,4,2,PIT,0,6,2,N,1
778480,2025-04-02,2025-04-02T16:40:00Z,Great American Ball Park,R,TEX,CIN,140,113,Jack Leiter,Hunter Greene,683004,668881,1,0,TEX,0,1,1,N,1
778481,2025-04-02,2025-04-02T20:40:00Z,loanDepot park,R,NYM,MIA,121,146,Clay Holmes,Connor Gillispie,605280,687362,6,5,NYM,0,11,1,N,1
778482,2025-04-02,2025-04-02T22:45:00Z,Citizens Bank Park,R,COL,PHI,115,143,Kyle Freeland,Zack Wheeler,607536,554430,1,5,PHI,1,6,4,N,1
778483,2025-04-02,2025-04-02T22:35:00Z,Oriole Park at Camden Yards,R,BOS,BAL,111,110,Garrett Crochet,Zach Eflin,676979,621107,3,0,BOS,0,3,3,N,1
778484,2025-04-02,2025-04-02T23:05:00Z,Yankee Stadium,R,AZ,NYY,109,147,Zac Gallen,Carlos Rodón,668678,607074,4,3,AZ,0,7,1,N,1
778462,2025-04-03,2025-04-03T20:10:00Z,Target Field,R,HOU,MIN,117,142,Hunter Brown,Joe Ryan,686613,657746,5,2,HOU,0,7,3,N,1
778466,2025-04-03,2025-04-03T23:05:00Z,Yankee Stadium,R,AZ,NYY,109,147,Merrill Kelly,Carlos Carrasco,518876,471911,7,9,NYY,1,16,2,N,1
778467,2025-04-03,2025-04-03T17:05:00Z,Citizens Bank Park,R,COL,PHI,115,143,Antonio Senzatela,Taijuan Walker,622608,592836,1,3,PHI,1,4,2,N,1
778468,2025-04-03,2025-04-03T23:40:00Z,American Family Field,R,CIN,MIL,113,158,Nick Lodolo,Nestor Cortes,666157,641482,0,1,MIL,1,1,1,N,1
778470,2025-04-03,2025-04-03T17:05:00Z,Oriole Park at Camden Yards,R,BOS,BAL,111,110,Tanner Houck,Charlie Morton,656557,450203,8,4,BOS,0,12,4,N,1
778444,2025-04-04,2025-04-04T20:35:00Z,Oracle Park,R,SEA,SF,136,137,Luis F. Castillo,Justin Verlander,622379,434378,9,10,SF,1,19,1,N,1
778447,2025-04-04,2025-04-05T01:38:00Z,Angel Stadium,R,CLE,LAA,114,108,Gavin Williams,José Soriano,668909,667755,8,6,CLE,0,14,2,N,1
778453,2025-04-04,2025-04-05T00:10:00Z,American Family Field,R,CIN,MIL,113,158,Nick Martinez,Tyler Alexander,607259,641302,2,3,MIL,1,5,1,N,1
778454,2025-04-04,2025-04-05T00:05:00Z,Globe Life Field,R,TB,TEX,139,140,Zack Littell,Tyler Mahle,641793,641816,2,5,TEX,1,7,3,N,1
778455,2025-04-04,2025-04-04T23:40:00Z,Kauffman Stadium,R,BAL,KC,110,118,Dean Kremer,Seth Lugo,665152,607625,2,8,KC,1,10,6,N,1
778456,2025-04-04,2025-04-04T20:10:00Z,Coors Field,R,ATH,COL,133,115,Osvaldo Bido,Ryan Feltner,674370,663372,6,3,ATH,0,9,3,N,1
778457,2025-04-04,2025-04-04T22:45:00Z,Nationals Park,R,AZ,WSH,109,120,Brandon Pfaadt,Jake Irvin,694297,663623,6,4,AZ,0,10,2,N,1
778458,2025-04-04,2025-04-04T17:10:00Z,Comerica Park,R,CWS,DET,145,116,Jonathan Cannon,Jack Flaherty,686563,656427,4,7,DET,1,11,3,N,1
778459,2025-04-04,2025-04-04T22:45:00Z,Citizens Bank Park,R,LAD,PHI,119,143,Yoshinobu Yamamoto,Jesús Luzardo,808967,666200,2,3,PHI,1,5,1,N,1
778460,2025-04-04,2025-04-04T18:20:00Z,Wrigley Field,R,SD,CHC,135,112,Randy Vásquez,Shota Imanaga,681190,684007,1,3,CHC,1,4,2,N,1
778461,2025-04-04,2025-04-04T20:12:00Z,PNC Park,R,NYY,PIT,147,134,Max Fried,Mitch Keller,608331,656605,9,4,NYY,0,13,5,N,1
778463,2025-04-04,2025-04-04T18:10:00Z,Fenway Park,R,STL,BOS,138,111,Erick Fedde,Walker Buehler,607200,621111,9,13,BOS,1,22,4,N,1
778464,2025-04-04,2025-04-04T23:15:00Z,Truist Park,R,MIA,ATL,146,144,Max Meyer,Spencer Schwellenbach,676974,680885,0,10,ATL,1,10,10,N,1
778465,2025-04-04,2025-04-04T19:10:00Z,Citi Field,R,TOR,NYM,141,121,Kevin Gausman,Tylor Megill,592332,656731,0,5,NYM,1,5,5,N,1
778436,2025-04-05,2025-04-06T01:05:00Z,Oracle Park,R,SEA,SF,136,137,Bryce Miller,Robbie Ray,682243,592662,1,4,SF,1,5,3,N,1
778437,2025-04-05,2025-04-06T01:38:00Z,Angel Stadium,R,CLE,LAA,114,108,Tanner Bibee,Jack Kochanowicz,676440,686799,4,10,LAA,1,14,6,N,1
778438,2025-04-05,2025-04-05T23:05:00Z,Globe Life Field,R,TB,TEX,139,140,Taj Bradley,Jacob deGrom,671737,594798,4,6,TEX,1,10,2,N,1
778439,2025-04-05,2025-04-05T23:10:00Z,American Family Field,R,CIN,MIL,113,158,Brady Singer,Elvin Rodríguez,663903,660730,11,7,CIN,0,18,4,N,1
778440,2025-04-05,2025-04-05T18:10:00Z,Target Field,R,HOU,MIN,117,142,Spencer Arrighetti,Bailey Ober,681293,641927,1,6,MIN,1,7,5,N,1
778441,2025-04-05,2025-04-05T20:10:00Z,Kauffman Stadium,R,BAL,KC,110,118,Tomoyuki Sugano,Michael Wacha,608372,608379,8,1,BAL,0,9,7,N,1
778442,2025-04-05,2025-04-06T00:10:00Z,Coors Field,R,ATH,COL,133,115,JP Sears,Germán Márquez,676664,608566,7,4,ATH,0,11,3,N,1
778445,2025-04-05,2025-04-05T17:10:00Z,Comerica Park,R,CWS,DET,145,116,Davis Martin,Reese Olson,663436,681857,2,7,DET,1,9,5,N,1
778446,2025-04-05,2025-04-05T23:10:00Z,Citi Field,R,TOR,NYM,141,121,Chris Bassitt,Griffin Canning,605135,656288,2,3,NYM,1,5,1,N,1
778448,2025-04-05,2025-04-05T20:05:00Z,Citizens Bank Park,R,LAD,PHI,119,143,Roki Sasaki,Aaron Nola,808963,605400,3,1,LAD,0,4,2,N,1
778449,2025-04-05,2025-04-05T20:05:00Z,PNC Park,R,NYY,PIT,147,134,Marcus Stroman,Bailey Falter,573186,663559,10,4,NYY,0,14,6,N,1
778450,2025-04-05,2025-04-05T18:20:00Z,Wrigley Field,R,SD,CHC,135,112,Nick Pivetta,Matthew Boyd,601713,571510,1,7,CHC,1,8,6,N,1
778451,2025-04-05,2025-04-05T23:15:00Z,Truist Park,R,MIA,ATL,146,144,Cal Quantrill,AJ Smith-Shawver,615698,700363,4,0,MIA,0,4,4,N,1
778452,2025-04-05,2025-04-05T20:05:00Z,Nationals Park,R,AZ,WSH,109,120,Eduardo Rodriguez,Mitchell Parker,593958,680730,3,4,WSH,1,7,1,N,1
778419,2025-04-06,2025-04-06T18:10:00Z,Target Field,R,HOU,MIN,117,142,Ronel Blanco,Chris Paddack,669854,663978,9,7,HOU,0,16,2,N,1
778420,2025-04-06,2025-04-06T18:35:00Z,Globe Life Field,R,TB,TEX,139,140,Drew Rasmussen,Kumar Rocker,656876,677958,3,4,TEX,1,7,1,N,1
778421,2025-04-06,2025-04-06T18:10:00Z,American Family Field,R,CIN,MIL,113,158,Carson Spiers,Chad Patrick,686730,694477,2,8,MIL,1,10,6,N,1
778422,2025-04-06,2025-04-06T18:10:00Z,Kauffman Stadium,R,BAL,KC,110,118,Cade Povich,Kris Bubic,700249,663460,1,4,KC,1,5,3,N,1
778423,2025-04-06,2025-04-06T19:10:00Z,Coors Field,R,ATH,COL,133,115,Joey Estes,Chase Dollander,683155,801403,5,12,COL,1,17,7,N,1
778425,2025-04-06,2025-04-06T20:07:00Z,Angel Stadium,R,CLE,LAA,114,108,Luis Ortiz,Tyler Anderson,682847,542881,2,6,LAA,1,8,4,N,1
778427,2025-04-06,2025-04-06T20:05:00Z,Oracle Park,R,SEA,SF,136,137,Bryan Woo,Jordan Hicks,693433,663855,4,5,SF,1,9,1,N,1
778428,2025-04-06,2025-04-06T17:35:00Z,PNC Park,R,NYY,PIT,147,134,Will Warren,Andrew Heaney,701542,571760,4,5,PIT,1,9,1,N,1
778429,2025-04-06,2025-04-06T17:35:00Z,Nationals Park,R,AZ,WSH,109,120,Corbin Burnes,Trevor Williams,669203,592866,4,5,WSH,1,9,1,N,1
778430,2025-04-06,2025-04-06T18:20:00Z,Wrigley Field,R,SD,CHC,135,112,Kyle Hart,Ben Brown,606996,676962,8,7,SD,0,15,1,N,1
778432,2025-04-06,2025-04-06T23:10:00Z,Fenway Park,R,STL,BOS,138,111,Miles Mikolas,Hunter Dobbins,571945,690928,7,18,BOS,1,25,11,S,2
778433,2025-04-06,2025-04-06T17:40:00Z,Comerica Park,R,CWS,DET,145,116,Martín Pérez,Jackson Jobe,527048,695549,3,4,DET,1,7,1,N,1
778434,2025-04-06,2025-04-06T17:35:00Z,Citizens Bank Park,R,LAD,PHI,119,143,Tyler Glasnow,Cristopher Sánchez,607192,650911,7,8,PHI,1,15,1,N,1
778435,2025-04-06,2025-04-06T17:40:00Z,Citi Field,R,TOR,NYM,141,121,Bowden Francis,David Peterson,670102,656849,1,2,NYM,1,3,1,N,1
778443,2025-04-06,2025-04-06T17:35:00Z,Fenway Park,R,STL,BOS,138,111,Andre Pallante,Sean Newcomb,669467,656794,4,5,BOS,1,9,1,S,1
778405,2025-04-07,2025-04-08T01:40:00Z,T-Mobile Park,R,HOU,SEA,117,136,Hayden Wesneski,Logan Gilbert,669713,669302,3,4,SEA,1,7,1,N,1
778410,2025-04-07,2025-04-08T01:45:00Z,Oracle Park,R,CIN,SF,113,137,Hunter Greene,Logan Webb,668881,657277,2,0,CIN,0,2,2,N,1
778411,2025-04-07,2025-04-07T23:40:00Z,Wrigley Field,R,TEX,CHC,140,112,Nathan Eovaldi,Justin Steele,543135,657006,0,7,CHC,1,7,7,N,1
778412,2025-04-07,2025-04-07T23:40:00Z,Kauffman Stadium,R,MIN,KC,142,118,Simeon Woods Richardson,Michael Lorenzen,680573,547179,2,4,KC,1,6,2,N,1
778413,2025-04-07,2025-04-08T01:40:00Z,Chase Field,R,BAL,AZ,110,109,Zach Eflin,Zac Gallen,621107,668678,5,1,BAL,0,6,4,N,1
778414,2025-04-07,2025-04-08T02:05:00Z,Sutter Health Park,R,SD,ATH,135,133,Michael King,Luis Severino,650633,622663,5,4,SD,0,9,1,N,1
778415,2025-04-07,2025-04-07T22:40:00Z,PNC Park,R,STL,PIT,138,134,Matthew Liberatore,Carmen Mlodzinski,669461,669387,4,8,PIT,1,12,4,N,1
778416,2025-04-07,2025-04-07T23:10:00Z,Citi Field,R,MIA,NYM,146,121,Valente Bellozo,Kodai Senga,678368,673540,0,2,NYM,1,2,2,N,1
778418,2025-04-07,2025-04-07T22:45:00Z,Nationals Park,R,LAD,WSH,119,120,Dustin May,MacKenzie Gore,669160,669022,4,6,WSH,1,10,2,N,1
778424,2025-04-07,2025-04-07T19:10:00Z,Comerica Park,R,NYY,DET,147,116,Carlos Rodón,Casey Mize,607074,663554,2,6,DET,1,8,4,N,1
778426,2025-04-07,2025-04-07T22:45:00Z,Fenway Park,R,TOR,BOS,141,111,José Berríos,Richard Fitts,621244,690916,6,2,TOR,0,8,4,N,1
778394,2025-04-08,2025-04-09T00:40:00Z,Coors Field,R,MIL,COL,158,115,Freddy Peralta,Kyle Freeland,642547,607536,7,1,MIL,0,8,6,N,1
778395,2025-04-08,2025-04-09T02:05:00Z,Sutter Health Park,R,SD,ATH,135,133,Dylan Cease,Jeffrey Springs,656302,605488,4,10,ATH,1,14,6,N,1
778396,2025-04-08,2025-04-09T01:40:00Z,Chase Field,R,BAL,AZ,110,109,Charlie Morton,Merrill Kelly,450203,518876,3,4,AZ,1,7,1,N,1
778397,2025-04-08,2025-04-09T01:45:00Z,Oracle Park,R,CIN,SF,113,137,Nick Lodolo,Landen Roupp,666157,694738,1,0,CIN,0,1,1,N,1
778398,2025-04-08,2025-04-09T01:40:00Z,T-Mobile Park,R,HOU,SEA,117,136,Framber Valdez,Luis Castillo,664285,622491,2,1,HOU,0,3,1,N,1
778400,2025-04-08,2025-04-08T23:40:00Z,Kauffman Stadium,R,MIN,KC,142,118,Pablo López,Cole Ragans,641154,666142,1,2,KC,1,3,1,N,1
778401,2025-04-08,2025-04-08T23:40:00Z,Wrigley Field,R,TEX,CHC,140,112,Patrick Corbin,Jameson Taillon,571578,592791,6,10,CHC,1,16,4,N,1
778402,2025-04-08,2025-04-08T20:10:00Z,Progressive Field,R,CWS,CLE,145,114,Shane Smith,Ben Lively,681343,594902,0,1,CLE,1,1,1,N,1
778403,2025-04-08,2025-04-08T17:10:00Z,Comerica Park,R,NYY,DET,147,116,Carlos Carrasco,Tarik Skubal,471911,669373,0,5,DET,1,5,5,N,1
778404,2025-04-08,2025-04-08T22:45:00Z,Fenway Park,R,TOR,BOS,141,111,Easton Lucas,Garrett Crochet,687922,676979,6,1,TOR,0,7,5,N,1
778406,2025-04-08,2025-04-08T23:15:00Z,Truist Park,R,PHI,ATL,143,144,Zack Wheeler,Chris Sale,554430,519242,5,7,ATL,1,12,2,N,1
778407,2025-04-08,2025-04-08T20:10:00Z,Citi Field,R,MIA,NYM,146,121,Connor Gillispie,Clay Holmes,687362,605280,5,10,NYM,1,15,5,N,1
778408,2025-04-08,2025-04-08T22:40:00Z,PNC Park,R,STL,PIT,138,134,Sonny Gray,Paul Skenes,543243,694973,5,3,STL,0,8,2,N,1
778409,2025-04-08,2025-04-08T22:45:00Z,Nationals Park,R,LAD,WSH,119,120,Justin Wrobleski,Brad Lord,680736,695418,2,8,WSH,1,10,6,N,1
778417,2025-04-08,2025-04-08T23:05:00Z,George M. Steinbrenner Field,R,LAA,TB,108,139,Kyle Hendricks,Shane Baz,543294,669358,4,3,LAA,0,7,1,N,1
778376,2025-04-09,2025-04-09T19:45:00Z,Oracle Park,R,CIN,SF,113,137,Nick Martinez,Justin Verlander,607259,434378,6,8,SF,1,14,2,N,1
778379,2025-04-09,2025-04-10T00:40:00Z,Coors Field,R,MIL,COL,158,115,Tyler Alexander,Antonio Senzatela,641302,622608,17,2,MIL,0,19,15,N,1
778380,2025-04-09,2025-04-09T19:40:00Z,Chase Field,R,BAL,AZ,110,109,Dean Kremer,Brandon Pfaadt,665152,694297,0,9,AZ,1,9,9,N,1
778381,2025-04-09,2025-04-09T19:35:00Z,Sutter Health Park,R,SD,ATH,135,133,Randy Vásquez,Osvaldo Bido,681190,674370,2,1,SD,0,3,1,N,1
778383,2025-04-09,2025-04-09T20:10:00Z,T-Mobile Park,R,HOU,SEA,117,136,Hunter Brown,Luis F. Castillo,686613,622379,6,7,SEA,1,13,1,N,1
778385,2025-04-09,2025-04-09T18:20:00Z,Wrigley Field,R,TEX,CHC,140,112,Tyler Mahle,Shota Imanaga,641816,684007,6,2,TEX,0,8,4,N,1
778386,2025-04-09,2025-04-09T22:45:00Z,Fenway Park,R,TOR,BOS,141,111,Kevin Gausman,Tanner Houck,592332,656557,2,1,TOR,0,3,1,N,1
778387,2025-04-09,2025-04-09T17:10:00Z,Comerica Park,R,NYY,DET,147,116,Max Fried,Jack Flaherty,608331,656427,4,3,NYY,0,7,1,N,1
778388,2025-04-09,2025-04-09T23:40:00Z,Kauffman Stadium,R,MIN,KC,142,118,Joe Ryan,Seth Lugo,657746,607625,4,0,MIN,0,4,4,N,1
778389,2025-04-09,2025-04-09T16:35:00Z,PNC Park,R,STL,PIT,138,134,Erick Fedde,Mitch Keller,607200,656605,1,2,PIT,1,3,1,N,1
778390,2025-04-09,2025-04-09T17:10:00Z,Citi Field,R,MIA,NYM,146,121,Max Meyer,Tylor Megill,676974,656731,5,0,MIA,0,5,5,N,1
778391,2025-04-09,2025-04-09T22:10:00Z,Progressive Field,R,CWS,CLE,145,114,Sean Burke,Logan Allen,680732,671106,2,3,CLE,1,5,1,N,1
778392,2025-04-09,2025-04-09T20:05:00Z,Nationals Park,R,LAD,WSH,119,120,Landon Knack,Jake Irvin,689017,663623,6,5,LAD,0,11,1,N,1
778393,2025-04-09,2025-04-09T23:15:00Z,Truist Park,R,PHI,ATL,143,144,Taijuan Walker,Grant Holmes,592836,656550,4,3,PHI,0,7,1,N,1
778399,2025-04-09,2025-04-09T23:05:00Z,George M. Steinbrenner Field,R,LAA,TB,108,139,Yusei Kikuchi,Ryan Pepiot,579328,686752,4,5,TB,1,9,1,N,1
778371,2025-04-10,2025-04-10T19:10:00Z,Coors Field,R,MIL,COL,158,115,Quinn Priester,Ryan Feltner,682990,663372,2,7,COL,1,9,5,N,1
778373,2025-04-10,2025-04-10T18:10:00Z,Kauffman Stadium,R,MIN,KC,142,118,Bailey Ober,Michael Wacha,641927,608379,2,3,KC,1,5,1,N,1
778377,2025-04-10,2025-04-10T20:10:00Z,Fenway Park,R,TOR,BOS,141,111,Chris Bassitt,Walker Buehler,605135,621111,3,4,BOS,1,7,1,N,1
778378,2025-04-10,2025-04-10T17:10:00Z,Progressive Field,R,CWS,CLE,145,114,Jonathan Cannon,Gavin Williams,686563,668909,1,6,CLE,1,7,5,N,1
778382,2025-04-10,2025-04-10T17:10:00Z,George M. Steinbrenner Field,R,LAA,TB,108,139,José Soriano,Zack Littell,667755,641793,11,1,LAA,0,12,10,N,1
778384,2025-04-10,2025-04-10T23:15:00Z,Truist Park,R,PHI,ATL,143,144,Jesús Luzardo,Spencer Schwellenbach,666200,680885,2,4,ATL,1,6,2,N,1
778356,2025-04-11,2025-04-12T02:10:00Z,Dodger Stadium,R,CHC,LAD,112,119,Matthew Boyd,Yoshinobu Yamamoto,571510,808967,0,3,LAD,1,3,3,N,1
778358,2025-04-11,2025-04-12T02:05:00Z,Sutter Health Park,R,NYM,ATH,121,133,Griffin Canning,JP Sears,656288,676664,7,6,NYM,0,13,1,N,1
778360,2025-04-11,2025-04-12T01:40:00Z,T-Mobile Park,R,TEX,SEA,140,136,Jacob deGrom,Bryce Miller,594798,682243,3,5,SEA,1,8,2,N,1
778361,2025-04-11,2025-04-12T01:40:00Z,Petco Park,R,COL,SD,115,135,Germán Márquez,Nick Pivetta,608566,601713,0,8,SD,1,8,8,N,1
778363,2025-04-11,2025-04-12T00:10:00Z,Target Field,R,DET,MIN,116,142,Reese Olson,David Festa,681857,701581,7,6,DET,0,13,1,N,1
778364,2025-04-11,2025-04-12T01:40:00Z,Chase Field,R,MIL,AZ,158,109,Jose Quintana,Eduardo Rodriguez,500779,593958,7,0,MIL,0,7,7,N,1
778365,2025-04-11,2025-04-12T00:15:00Z,Busch Stadium,R,PHI,STL,143,138,Aaron Nola,Andre Pallante,605400,669467,0,2,STL,1,2,2,N,1
778366,2025-04-11,2025-04-11T23:40:00Z,Rate Field,R,BOS,CWS,111,145,Sean Newcomb,Davis Martin,656794,663436,1,11,CWS,1,12,10,N,1
778367,2025-04-11,2025-04-11T23:05:00Z,George M. Steinbrenner Field,R,ATL,TB,144,139,Bryce Elder,Taj Bradley,693821,671737,3,6,TB,1,9,3,N,1
778368,2025-04-11,2025-04-12T00:10:00Z,Daikin Park,R,LAA,HOU,108,117,Jack Kochanowicz,Ronel Blanco,686799,669854,3,14,HOU,1,17,11,N,1
778369,2025-04-11,2025-04-11T23:10:00Z,loanDepot park,R,WSH,MIA,120,146,Mitchell Parker,Edward Cabrera,680730,665795,7,4,WSH,0,11,3,N,1
778370,2025-04-11,2025-04-11T23:05:00Z,Yankee Stadium,R,SF,NYY,137,147,Robbie Ray,Marcus Stroman,592662,573186,9,1,SF,0,10,8,N,1
778374,2025-04-11,2025-04-11T22:40:00Z,Great American Ball Park,R,PIT,CIN,134,113,Bailey Falter,Brady Singer,663559,663903,3,5,CIN,1,8,2,N,1
778375,2025-04-11,2025-04-11T22:10:00Z,Progressive Field,R,KC,CLE,118,114,Kris Bubic,Tanner Bibee,663460,676440,0,7,CLE,1,7,7,N,1
778341,2025-04-12,2025-04-13T01:40:00Z,T-Mobile Park,R,TEX,SEA,140,136,Kumar Rocker,Bryan Woo,677958,693433,2,9,SEA,1,11,7,N,1
778345,2025-04-12,2025-04-13T01:10:00Z,Dodger Stadium,R,CHC,LAD,112,119,Ben Brown,Roki Sasaki,676962,808963,16,0,CHC,0,16,16,N,1
778346,2025-04-12,2025-04-12T20:05:00Z,Sutter Health Park,R,NYM,ATH,121,133,David Peterson,J.T. Ginn,656849,669372,1,3,ATH,1,4,2,N,1
778347,2025-04-12,2025-04-12T18:15:00Z,Busch Stadium,R,PHI,STL,143,138,Cristopher Sánchez,Miles Mikolas,650911,571945,4,1,PHI,0,5,3,N,1
778348,2025-04-12,2025-04-12T18:10:00Z,Target Field,R,DET,MIN,116,142,Jackson Jobe,Chris Paddack,695549,663978,4,0,DET,0,4,4,N,1
778349,2025-04-12,2025-04-12T20:10:00Z,Rate Field,R,BOS,CWS,111,145,Richard Fitts,Martín Pérez,690916,527048,2,3,CWS,1,5,1,N,1
778350,2025-04-12,2025-04-13T00:10:00Z,Chase Field,R,MIL,AZ,158,109,Chad Patrick,Corbin Burnes,694477,669203,4,5,AZ,1,9,1,N,1
778351,2025-04-12,2025-04-12T23:10:00Z,Daikin Park,R,LAA,HOU,108,117,Tyler Anderson,Ryan Gusto,542881,687473,4,1,LAA,0,5,3,N,1
778352,2025-04-12,2025-04-13T00:40:00Z,Petco Park,R,COL,SD,115,135,Chase Dollander,Kyle Hart,801403,606996,0,2,SD,1,2,2,N,1
778353,2025-04-12,2025-04-12T20:10:00Z,George M. Steinbrenner Field,R,ATL,TB,144,139,AJ Smith-Shawver,Drew Rasmussen,700363,656876,5,4,ATL,0,9,1,N,1
778354,2025-04-12,2025-04-12T20:10:00Z,loanDepot park,R,WSH,MIA,120,146,Trevor Williams,Sandy Alcantara,592866,645261,6,7,MIA,1,13,1,N,1
778355,2025-04-12,2025-04-12T19:05:00Z,Yankee Stadium,R,SF,NYY,137,147,Jordan Hicks,Will Warren,663855,701542,4,8,NYY,1,12,4,N,1
778357,2025-04-12,2025-04-12T22:40:00Z,Great American Ball Park,R,PIT,CIN,134,113,Andrew Heaney,Andrew Abbott,571760,671096,2,5,CIN,1,7,3,N,1
778359,2025-04-12,2025-04-12T22:10:00Z,Progressive Field,R,KC,CLE,118,114,Michael Lorenzen,Luis Ortiz,547179,682847,3,6,CLE,1,9,3,N,1
778362,2025-04-12,2025-04-12T20:05:00Z,Oriole Park at Camden Yards,R,TOR,BAL,141,110,Bowden Francis,Tomoyuki Sugano,670102,608372,4,5,BAL,1,9,1,N,1
778329,2025-04-13,2025-04-13T18:10:00Z,Daikin Park,R,LAA,HOU,108,117,Kyle Hendricks,Hayden Wesneski,543294,669713,3,7,HOU,1,10,4,N,1
778330,2025-04-13,2025-04-13T20:10:00Z,Petco Park,R,COL,SD,115,135,Kyle Freeland,Michael King,607536,650633,0,6,SD,1,6,6,N,1
778331,2025-04-13,2025-04-13T23:10:00Z,Dodger Stadium,R,CHC,LAD,112,119,Colin Rea,Tyler Glasnow,607067,607192,4,2,CHC,0,6,2,N,1
778332,2025-04-13,2025-04-13T20:10:00Z,Chase Field,R,MIL,AZ,158,109,Freddy Peralta,Zac Gallen,642547,668678,2,5,AZ,1,7,3,N,1
778333,2025-04-13,2025-04-13T20:05:00Z,Sutter Health Park,R,NYM,ATH,121,133,Kodai Senga,Luis Severino,673540,622663,8,0,NYM,0,8,8,N,1
778334,2025-04-13,2025-04-13T20:10:00Z,T-Mobile Park,R,TEX,SEA,140,136,Nathan Eovaldi,Logan Gilbert,543135,669302,1,3,SEA,1,4,2,N,1
778335,2025-04-13,2025-04-13T18:10:00Z,Target Field,R,DET,MIN,116,142,Casey Mize,Simeon Woods Richardson,663554,680573,1,5,MIN,1,6,4,N,1
778336,2025-04-13,2025-04-13T18:15:00Z,Busch Stadium,R,PHI,STL,143,138,Zack Wheeler,Matthew Liberatore,554430,669461,0,7,STL,1,7,7,N,1
778337,2025-04-13,2025-04-13T17:40:00Z,loanDepot park,R,WSH,MIA,120,146,MacKenzie Gore,Cal Quantrill,669022,615698,4,11,MIA,1,15,7,N,1
778338,2025-04-13,2025-04-13T18:10:00Z,Rate Field,R,BOS,CWS,111,145,Garrett Crochet,Shane Smith,676979,681343,3,1,BOS,0,4,2,N,1
778339,2025-04-13,2025-04-13T17:35:00Z,Yankee Stadium,R,SF,NYY,137,147,Logan Webb,Carlos Rodón,657277,607074,5,4,SF,0,9,1,N,1
778340,2025-04-13,2025-04-13T17:40:00Z,George M. Steinbrenner Field,R,ATL,TB,144,139,Chris Sale,Joe Boyle,519242,671212,3,8,TB,1,11,5,N,1
778342,2025-04-13,2025-04-13T17:40:00Z,Progressive Field,R,KC,CLE,118,114,Cole Ragans,Ben Lively,666142,594902,4,2,KC,0,6,2,N,1
778343,2025-04-13,2025-04-13T17:40:00Z,Great American Ball Park,R,PIT,CIN,134,113,Carmen Mlodzinski,Hunter Greene,669387,668881,0,4,CIN,1,4,4,N,1
778344,2025-04-13,2025-04-13T17:35:00Z,Oriole Park at Camden Yards,R,TOR,BAL,141,110,José Berríos,Cade Povich,621244,700249,7,6,TOR,0,13,1,N,1
778315,2025-04-14,2025-04-15T01:40:00Z,Petco Park,R,CHC,SD,112,135,Jameson Taillon,Dylan Cease,592791,656302,4,10,SD,1,14,6,N,1
778320,2025-04-14,2025-04-14T22:45:00Z,Citizens Bank Park,R,SF,PHI,137,143,Landen Roupp,Taijuan Walker,694738,592836,10,4,SF,0,14,6,N,1
778321,2025-04-14,2025-04-14T22:40:00Z,PNC Park,R,WSH,PIT,120,134,Brad Lord,Paul Skenes,695418,694973,3,10,PIT,1,13,7,N,1
778322,2025-04-14,2025-04-14T23:07:00Z,Rogers Centre,R,ATL,TOR,144,141,Grant Holmes,Easton Lucas,656550,687922,8,4,ATL,0,12,4,N,1
778323,2025-04-14,2025-04-14T23:40:00Z,American Family Field,R,DET,MIL,116,158,Tarik Skubal,Tyler Alexander,669373,641302,9,1,DET,0,10,8,N,1
778324,2025-04-14,2025-04-14T23:40:00Z,Target Field,R,NYM,MIN,121,142,Clay Holmes,Joe Ryan,605280,657746,5,1,NYM,0,6,4,N,1
778325,2025-04-14,2025-04-14T23:45:00Z,Busch Stadium,R,HOU,STL,117,138,Framber Valdez,Sonny Gray,664285,543243,3,8,STL,1,11,5,N,1
778326,2025-04-14,2025-04-15T02:10:00Z,Dodger Stadium,R,COL,LAD,115,119,Antonio Senzatela,Dustin May,622608,669160,3,5,LAD,1,8,2,N,1
778327,2025-04-14,2025-04-14T23:05:00Z,Yankee Stadium,R,KC,NYY,118,147,Seth Lugo,Carlos Carrasco,607625,471911,1,4,NYY,1,5,3,N,1
778328,2025-04-14,2025-04-14T23:05:00Z,George M. Steinbrenner Field,R,BOS,TB,111,139,Tanner Houck,Shane Baz,656557,669358,1,16,TB,1,17,15,N,1
778302,2025-04-15,2025-04-16T02:10:00Z,Dodger Stadium,R,COL,LAD,115,119,Ryan Feltner,Landon Knack,663372,689017,2,6,LAD,1,8,4,N,1
778305,2025-04-15,2025-04-16T01:40:00Z,Petco Park,R,CHC,SD,112,135,Shota Imanaga,Randy Vásquez,684007,681190,2,1,CHC,0,3,1,N,1
778306,2025-04-15,2025-04-16T00:05:00Z,Globe Life Field,R,LAA,TEX,108,140,Yusei Kikuchi,Tyler Mahle,579328,641816,0,4,TEX,1,4,4,N,1
778307,2025-04-15,2025-04-15T23:40:00Z,Target Field,R,NYM,MIN,121,142,Tylor Megill,Bailey Ober,656731,641927,3,6,MIN,1,9,3,N,1
778308,2025-04-15,2025-04-15T23:45:00Z,Busch Stadium,R,HOU,STL,117,138,Hunter Brown,Erick Fedde,686613,607200,2,0,HOU,0,2,2,N,1
778309,2025-04-15,2025-04-15T23:40:00Z,Rate Field,R,ATH,CWS,133,145,Jeffrey Springs,Sean Burke,605488,680732,12,3,ATH,0,15,9,N,1
778310,2025-04-15,2025-04-15T23:40:00Z,American Family Field,R,DET,MIL,116,158,Jack Flaherty,Quinn Priester,656427,682990,0,5,MIL,1,5,5,N,1
778311,2025-04-15,2025-04-15T23:07:00Z,Rogers Centre,R,ATL,TOR,144,141,Spencer Schwellenbach,Kevin Gausman,680885,592332,3,6,TOR,1,9,3,N,1
778312,2025-04-15,2025-04-15T23:05:00Z,Yankee Stadium,R,KC,NYY,118,147,Michael Wacha,Max Fried,608379,608331,2,4,NYY,1,6,2,N,1
778313,2025-04-15,2025-04-15T22:45:00Z,Citizens Bank Park,R,SF,PHI,137,143,Justin Verlander,Jesús Luzardo,434378,666200,4,6,PHI,1,10,2,N,1
778314,2025-04-15,2025-04-15T22:40:00Z,PNC Park,R,WSH,PIT,120,134,Jake Irvin,Mitch Keller,663623,656605,3,0,WSH,0,3,3,N,1
778316,2025-04-15,2025-04-15T22:40:00Z,Great American Ball Park,R,SEA,CIN,136,113,Luis Castillo,Nick Lodolo,622491,666157,4,8,CIN,1,12,4,N,1
778317,2025-04-15,2025-04-15T23:05:00Z,Oriole Park at Camden Yards,R,CLE,BAL,114,110,Logan Allen,Charlie Morton,671106,450203,6,3,CLE,0,9,3,N,1
778318,2025-04-15,2025-04-15T22:40:00Z,loanDepot park,R,AZ,MIA,109,146,Merrill Kelly,Connor Gillispie,518876,687362,10,4,AZ,0,14,6,N,1
778319,2025-04-15,2025-04-15T23:05:00Z,George M. Steinbrenner Field,R,BOS,TB,111,139,Walker Buehler,Ryan Pepiot,621111,686752,7,4,BOS,0,11,3,N,1
778287,2025-04-16,2025-04-17T02:10:00Z,Dodger Stadium,R,COL,LAD,115,119,Germán Márquez,Bobby Miller,608566,676272,7,8,LAD,1,15,1,N,1
778288,2025-04-16,2025-04-16T20:10:00Z,Petco Park,R,CHC,SD,112,135,Matthew Boyd,Nick Pivetta,571510,601713,2,4,SD,1,6,2,N,1
778289,2025-04-16,2025-04-17T00:05:00Z,Globe Life Field,R,LAA,TEX,108,140,José Soriano,Patrick Corbin,667755,571578,1,3,TEX,1,4,2,N,1
778290,2025-04-16,2025-04-16T17:15:00Z,Busch Stadium,R,HOU,STL,117,138,Ronel Blanco,Steven Matz,669854,571927,1,4,STL,1,5,3,N,1
778293,2025-04-16,2025-04-16T22:40:00Z,PNC Park,R,WSH,PIT,120,134,Mitchell Parker,Bailey Falter,680730,663559,1,6,PIT,1,7,5,N,1
778294,2025-04-16,2025-04-16T23:40:00Z,Rate Field,R,ATH,CWS,133,145,Osvaldo Bido,Jonathan Cannon,674370,686563,3,1,ATH,0,4,2,N,1
778295,2025-04-16,2025-04-16T17:10:00Z,American Family Field,R,DET,MIL,116,158,Keider Montero,Jose Quintana,672456,500779,1,5,MIL,1,6,4,N,1
778296,2025-04-16,2025-04-16T22:45:00Z,Citizens Bank Park,R,SF,PHI,137,143,Robbie Ray,Aaron Nola,592662,605400,11,4,SF,0,15,7,N,1
778297,2025-04-16,2025-04-16T17:07:00Z,Rogers Centre,R,ATL,TOR,144,141,Spencer Strider,Chris Bassitt,675911,605135,1,3,TOR,1,4,2,N,1
778298,2025-04-16,2025-04-16T23:05:00Z,George M. Steinbrenner Field,R,BOS,TB,111,139,Sean Newcomb,Zack Littell,656794,641793,1,0,BOS,0,1,1,N,1
778299,2025-04-16,2025-04-16T17:10:00Z,Target Field,R,NYM,MIN,121,142,Huascar Brazobán,David Festa,623211,701581,3,4,MIN,1,7,1,N,1
778300,2025-04-16,2025-04-16T23:05:00Z,Yankee Stadium,R,KC,NYY,118,147,Kris Bubic,Clarke Schmidt,663460,657376,3,4,NYY,1,7,1,N,1
778301,2025-04-16,2025-04-16T22:35:00Z,Oriole Park at Camden Yards,R,CLE,BAL,114,110,Gavin Williams,Dean Kremer,668909,665152,1,9,BAL,1,10,8,N,1
778303,2025-04-16,2025-04-16T22:40:00Z,loanDepot park,R,AZ,MIA,109,146,Brandon Pfaadt,Max Meyer,694297,676974,6,2,AZ,0,8,4,N,1
778304,2025-04-16,2025-04-16T22:40:00Z,Great American Ball Park,R,SEA,CIN,136,113,Bryce Miller,Nick Martinez,682243,607259,5,3,SEA,0,8,2,N,1
778278,2025-04-17,2025-04-17T23:10:00Z,Citi Field,R,STL,NYM,138,121,Andre Pallante,Griffin Canning,669467,656288,1,4,NYM,1,5,3,N,1
778279,2025-04-17,2025-04-17T20:05:00Z,Citizens Bank Park,R,SF,PHI,137,143,Jordan Hicks,Cristopher Sánchez,663855,650911,4,6,PHI,1,10,2,N,1
778280,2025-04-17,2025-04-17T16:35:00Z,PNC Park,R,WSH,PIT,120,134,Trevor Williams,Andrew Heaney,592866,571760,0,1,PIT,1,1,1,N,1
778281,2025-04-17,2025-04-18T00:05:00Z,Globe Life Field,R,LAA,TEX,108,140,Jack Kochanowicz,Kumar Rocker,686799,677958,3,5,TEX,1,8,2,N,1
778282,2025-04-17,2025-04-17T23:05:00Z,George M. Steinbrenner Field,R,NYY,TB,147,139,Will Warren,Taj Bradley,701542,671737,6,3,NYY,0,9,3,N,1
778283,2025-04-17,2025-04-17T18:10:00Z,Rate Field,R,ATH,CWS,133,145,JP Sears,Davis Martin,676664,663436,8,0,ATH,0,8,8,N,1
778285,2025-04-17,2025-04-17T16:40:00Z,Great American Ball Park,R,SEA,CIN,136,113,Emerson Hancock,Brady Singer,676106,663903,11,7,SEA,0,18,4,N,1
778286,2025-04-17,2025-04-17T22:40:00Z,Comerica Park,R,KC,DET,118,116,Michael Lorenzen,Reese Olson,547179,681857,1,6,DET,1,7,5,N,1
778291,2025-04-17,2025-04-17T16:10:00Z,loanDepot park,R,AZ,MIA,109,146,Eduardo Rodriguez,Edward Cabrera,593958,665795,6,4,AZ,0,10,2,N,1
778292,2025-04-17,2025-04-17T22:35:00Z,Oriole Park at Camden Yards,R,CLE,BAL,114,110,Tanner Bibee,Tomoyuki Sugano,676440,608372,2,6,BAL,1,8,4,N,1
778260,2025-04-18,2025-04-19T01:38:00Z,Angel Stadium,R,SF,LAA,137,108,Logan Webb,Tyler Anderson,657277,542881,0,2,LAA,1,2,2,N,1
778261,2025-04-18,2025-04-19T00:10:00Z,American Family Field,R,ATH,MIL,133,158,J.T. Ginn,Freddy Peralta,669372,642547,3,5,MIL,1,8,2,N,1
778263,2025-04-18,2025-04-19T00:05:00Z,Globe Life Field,R,LAD,TEX,119,140,Yoshinobu Yamamoto,Jacob deGrom,808967,594798,3,0,LAD,0,3,3,N,1
778268,2025-04-18,2025-04-18T18:20:00Z,Wrigley Field,R,AZ,CHC,109,112,Corbin Burnes,Colin Rea,669203,607067,11,13,CHC,1,24,2,N,1
778269,2025-04-18,2025-04-19T00:10:00Z,Daikin Park,R,SD,HOU,135,117,Kyle Hart,Ryan Gusto,606996,687473,4,6,HOU,1,10,2,N,1
778270,2025-04-18,2025-04-18T23:10:00Z,Citi Field,R,STL,NYM,138,121,Miles Mikolas,David Peterson,571945,656849,4,5,NYM,1,9,1,N,1
778271,2025-04-18,2025-04-18T22:40:00Z,PNC Park,R,CLE,PIT,114,134,Luis Ortiz,Carmen Mlodzinski,682847,669387,10,7,CLE,0,17,3,N,1
778272,2025-04-18,2025-04-18T23:05:00Z,George M. Steinbrenner Field,R,NYY,TB,147,139,Carlos Rodón,Drew Rasmussen,607074,656876,1,0,NYY,0,1,1,N,1
778273,2025-04-18,2025-04-18T23:07:00Z,Rogers Centre,R,SEA,TOR,136,141,Bryan Woo,Bowden Francis,693433,670102,1,3,TOR,1,4,2,N,1
778274,2025-04-18,2025-04-18T22:45:00Z,Citizens Bank Park,R,MIA,PHI,146,143,Sandy Alcantara,Zack Wheeler,645261,554430,2,7,PHI,1,9,5,N,1
778275,2025-04-18,2025-04-18T23:10:00Z,Fenway Park,R,CWS,BOS,145,111,Martín Pérez,Hunter Dobbins,527048,690928,3,10,BOS,1,13,7,N,1
778276,2025-04-18,2025-04-18T23:05:00Z,Oriole Park at Camden Yards,R,CIN,BAL,113,110,Andrew Abbott,Cade Povich,671096,700249,8,3,CIN,0,11,5,N,1
778277,2025-04-18,2025-04-18T22:40:00Z,Comerica Park,R,KC,DET,118,116,Cole Ragans,Jackson Jobe,666142,695549,3,7,DET,1,10,4,N,1
778284,2025-04-18,2025-04-18T23:15:00Z,Truist Park,R,MIN,ATL,142,144,Chris Paddack,Bryce Elder,663978,693821,4,6,ATL,1,10,2,N,1
778243,2025-04-19,2025-04-20T01:38:00Z,Angel Stadium,R,SF,LAA,137,108,Landen Roupp,Kyle Hendricks,694738,543294,3,2,SF,0,5,1,N,1
778247,2025-04-19,2025-04-19T20:10:00Z,Coors Field,R,WSH,COL,120,115,MacKenzie Gore,Chase Dollander,669022,801403,12,11,WSH,0,23,1,N,1
778251,2025-04-19,2025-04-19T20:05:00Z,Globe Life Field,R,LAD,TEX,119,140,Roki Sasaki,Nathan Eovaldi,808963,543135,3,4,TEX,1,7,1,N,1
778252,2025-04-19,2025-04-19T17:05:00Z,Citizens Bank Park,R,MIA,PHI,146,143,Cal Quantrill,Taijuan Walker,615698,592836,10,11,PHI,1,21,1,N,1
778253,2025-04-19,2025-04-19T23:10:00Z,American Family Field,R,ATH,MIL,133,158,Luis Severino,Chad Patrick,622663,694477,3,1,ATH,0,4,2,N,1
778254,2025-04-19,2025-04-19T20:05:00Z,PNC Park,R,CLE,PIT,114,134,Ben Lively,Paul Skenes,594902,694973,3,0,CLE,0,3,3,N,1
778255,2025-04-19,2025-04-19T20:10:00Z,George M. Steinbrenner Field,R,NYY,TB,147,139,Carlos Carrasco,Shane Baz,471911,669358,8,10,TB,1,18,2,N,1
778256,2025-04-19,2025-04-19T20:05:00Z,Citi Field,R,STL,NYM,138,121,Matthew Liberatore,Kodai Senga,669461,673540,0,3,NYM,1,3,3,N,1
778257,2025-04-19,2025-04-19T18:20:00Z,Wrigley Field,R,AZ,CHC,109,112,Zac Gallen,Ben Brown,668678,676962,2,6,CHC,1,8,4,N,1
778258,2025-04-19,2025-04-19T19:07:00Z,Rogers Centre,R,SEA,TOR,136,141,Logan Gilbert,José Berríos,669302,621244,8,4,SEA,0,12,4,N,1
778259,2025-04-19,2025-04-19T23:10:00Z,Daikin Park,R,SD,HOU,135,117,Michael King,Hayden Wesneski,650633,669713,2,3,HOU,1,5,1,N,1
778262,2025-04-19,2025-04-19T20:05:00Z,Oriole Park at Camden Yards,R,CIN,BAL,113,110,Hunter Greene,Brandon Young,668881,687064,5,9,BAL,1,14,4,N,1
778264,2025-04-19,2025-04-19T20:10:00Z,Fenway Park,R,CWS,BOS,145,111,Shane Smith,Garrett Crochet,681343,676979,3,4,BOS,1,7,1,N,1
778265,2025-04-19,2025-04-19T17:10:00Z,Comerica Park,R,KC,DET,118,116,Seth Lugo,Casey Mize,607625,663554,1,3,DET,1,4,2,N,1
778267,2025-04-19,2025-04-19T23:15:00Z,Truist Park,R,MIN,ATL,142,144,Justin Topa,Chris Sale,623437,519242,3,4,ATL,1,7,1,N,1
778232,2025-04-20,2025-04-20T20:07:00Z,Angel Stadium,R,SF,LAA,137,108,Justin Verlander,Yusei Kikuchi,434378,579328,4,5,LAA,1,9,1,N,1
778234,2025-04-20,2025-04-20T18:35:00Z,Globe Life Field,R,LAD,TEX,119,140,Tyler Glasnow,Tyler Mahle,607192,641816,1,0,LAD,0,1,1,N,1
778235,2025-04-20,2025-04-20T19:10:00Z,Coors Field,R,WSH,COL,120,115,Jake Irvin,Kyle Freeland,663623,607536,3,2,WSH,0,5,1,S,1
778236,2025-04-20,2025-04-20T18:20:00Z,Wrigley Field,R,AZ,CHC,109,112,Merrill Kelly,Jameson Taillon,518876,592791,3,2,AZ,0,5,1,N,1
778237,2025-04-20,2025-04-20T23:10:00Z,Daikin Park,R,SD,HOU,135,117,Dylan Cease,Framber Valdez,656302,664285,3,2,SD,0,5,1,N,1
778239,2025-04-20,2025-04-20T18:10:00Z,American Family Field,R,ATH,MIL,133,158,Jeffrey Springs,Logan Henderson,605488,701656,1,14,MIL,1,15,13,N,1
778240,2025-04-20,2025-04-20T17:40:00Z,George M. Steinbrenner Field,R,NYY,TB,147,139,Max Fried,Ryan Pepiot,608331,686752,4,0,NYY,0,4,4,N,1
778241,2025-04-20,2025-04-20T17:37:00Z,Rogers Centre,R,SEA,TOR,136,141,Luis Castillo,Easton Lucas,622491,687922,8,3,SEA,0,11,5,N,1
778242,2025-04-20,2025-04-20T17:35:00Z,PNC Park,R,CLE,PIT,114,134,Logan Allen,Mitch Keller,671106,656605,5,4,CLE,0,9,1,N,1
778244,2025-04-20,2025-04-20T17:40:00Z,Citi Field,R,STL,NYM,138,121,Sonny Gray,Clay Holmes,543243,605280,4,7,NYM,1,11,3,N,1
778245,2025-04-20,2025-04-20T17:35:00Z,Fenway Park,R,CWS,BOS,145,111,Sean Burke,Tanner Houck,680732,656557,8,4,CWS,0,12,4,N,1
778246,2025-04-20,2025-04-20T17:40:00Z,Comerica Park,R,KC,DET,118,116,Michael Wacha,Tarik Skubal,608379,669373,4,3,KC,0,7,1,N,1
778248,2025-04-20,2025-04-20T17:35:00Z,Citizens Bank Park,R,MIA,PHI,146,143,Connor Gillispie,Jesús Luzardo,687362,666200,7,5,MIA,0,12,2,N,1
778249,2025-04-20,2025-04-20T17:35:00Z,Truist Park,R,MIN,ATL,142,144,Joe Ryan,Grant Holmes,657746,656550,2,6,ATL,1,8,4,N,1
778250,2025-04-20,2025-04-20T17:35:00Z,Oriole Park at Camden Yards,R,CIN,BAL,113,110,Brent Suter,Charlie Morton,608718,450203,24,2,CIN,0,26,22,N,1
778266,2025-04-20,2025-04-21T00:10:00Z,Coors Field,R,WSH,COL,120,115,Brad Lord,Antonio Senzatela,695418,622608,1,3,COL,1,4,2,S,2
778225,2025-04-21,2025-04-21T23:10:00Z,Citi Field,R,PHI,NYM,143,121,Aaron Nola,Tylor Megill,605400,656731,4,5,NYM,1,9,1,N,1
778226,2025-04-21,2025-04-22T01:45:00Z,Oracle Park,R,MIL,SF,158,137,Quinn Priester,Robbie Ray,682990,592662,2,5,SF,1,7,3,N,1
778227,2025-04-21,2025-04-21T22:10:00Z,Progressive Field,R,NYY,CLE,147,114,Clarke Schmidt,Gavin Williams,657376,668909,4,6,CLE,1,10,2,N,1
778228,2025-04-21,2025-04-21T22:40:00Z,Comerica Park,R,SD,DET,135,116,Randy Vásquez,Keider Montero,681190,672456,4,6,DET,1,10,2,N,1
778230,2025-04-21,2025-04-21T22:40:00Z,loanDepot park,R,CIN,MIA,113,146,Nick Lodolo,Max Meyer,666157,676974,3,6,MIA,1,9,3,N,1
778231,2025-04-21,2025-04-22T00:10:00Z,Daikin Park,R,TOR,HOU,141,117,Kevin Gausman,Hunter Brown,592332,686613,0,7,HOU,1,7,7,N,1
778233,2025-04-21,2025-04-21T23:15:00Z,Truist Park,R,STL,ATL,138,144,Erick Fedde,Spencer Schwellenbach,607200,680885,6,7,ATL,1,13,1,N,1
778238,2025-04-21,2025-04-21T15:10:00Z,Fenway Park,R,CWS,BOS,145,111,Jonathan Cannon,Walker Buehler,686563,621111,2,4,BOS,1,6,2,N,1
778210,2025-04-22,2025-04-23T01:45:00Z,Oracle Park,R,MIL,SF,158,137,Jose Quintana,Jordan Hicks,500779,663855,11,3,MIL,0,14,8,N,1
778211,2025-04-22,2025-04-23T01:38:00Z,Angel Stadium,R,PIT,LAA,134,108,Bailey Falter,José Soriano,663559,667755,9,3,PIT,0,12,6,N,1
778212,2025-04-22,2025-04-23T01:40:00Z,Chase Field,R,TB,AZ,139,109,Zack Littell,Brandon Pfaadt,641793,694297,1,5,AZ,1,6,4,N,1
778213,2025-04-22,2025-04-23T02:05:00Z,Sutter Health Park,R,TEX,ATH,140,133,Patrick Corbin,Osvaldo Bido,571578,674370,8,5,TEX,0,13,3,N,1
778215,2025-04-22,2025-04-22T23:40:00Z,Kauffman Stadium,R,COL,KC,115,118,Ryan Feltner,Kris Bubic,663372,663460,3,4,KC,1,7,1,N,1
778216,2025-04-22,2025-04-22T23:40:00Z,Target Field,R,CWS,MIN,145,142,Davis Martin,Bailey Ober,663436,641927,2,4,MIN,1,6,2,N,1
778217,2025-04-22,2025-04-23T00:10:00Z,Daikin Park,R,TOR,HOU,141,117,Chris Bassitt,Ronel Blanco,605135,669854,1,5,HOU,1,6,4,N,1
778218,2025-04-22,2025-04-22T22:10:00Z,Progressive Field,R,NYY,CLE,147,114,Will Warren,Tanner Bibee,701542,676440,2,3,CLE,1,5,1,N,1
778219,2025-04-22,2025-04-22T22:40:00Z,loanDepot park,R,CIN,MIA,113,146,Nick Martinez,Edward Cabrera,607259,665795,3,4,MIA,1,7,1,N,1
778220,2025-04-22,2025-04-22T23:40:00Z,Wrigley Field,R,LAD,CHC,119,112,Dustin May,Shota Imanaga,669160,684007,10,11,CHC,1,21,1,N,1
778221,2025-04-22,2025-04-22T22:40:00Z,Comerica Park,R,SD,DET,135,116,Nick Pivetta,Jack Flaherty,601713,656427,2,0,SD,0,2,2,N,1
778222,2025-04-22,2025-04-22T22:45:00Z,Nationals Park,R,BAL,WSH,110,120,Dean Kremer,Mitchell Parker,665152,680730,0,7,WSH,1,7,7,N,1
778223,2025-04-22,2025-04-22T23:10:00Z,Citi Field,R,PHI,NYM,143,121,Cristopher Sánchez,Griffin Canning,650911,656288,1,5,NYM,1,6,4,N,1
778224,2025-04-22,2025-04-22T22:45:00Z,Fenway Park,R,SEA,BOS,136,111,Bryce Miller,Brayan Bello,682243,678394,3,8,BOS,1,11,5,N,1
778229,2025-04-22,2025-04-22T23:15:00Z,Truist Park,R,STL,ATL,138,144,Andre Pallante,Scott Blewett,669467,656240,10,4,STL,0,14,6,N,1
778197,2025-04-23,2025-04-24T02:05:00Z,Sutter Health Park,R,TEX,ATH,140,133,Kumar Rocker,JP Sears,677958,676664,2,5,ATH,1,7,3,N,1
778198,2025-04-23,2025-04-24T01:45:00Z,Oracle Park,R,MIL,SF,158,137,Freddy Peralta,Logan Webb,642547,657277,2,4,SF,1,6,2,N,1
778199,2025-04-23,2025-04-24T01:40:00Z,Chase Field,R,TB,AZ,139,109,Taj Bradley,Eduardo Rodriguez,671737,593958,7,6,TB,0,13,1,N,1
778200,2025-04-23,2025-04-23T23:40:00Z,Daikin Park,R,TOR,HOU,141,117,Bowden Francis,Ryan Gusto,670102,687473,1,3,HOU,1,4,2,N,1
778201,2025-04-23,2025-04-23T23:40:00Z,Target Field,R,CWS,MIN,145,142,Bryse Wilson,David Festa,669060,701581,3,6,MIN,1,9,3,N,1
778202,2025-04-23,2025-04-24T01:38:00Z,Angel Stadium,R,PIT,LAA,134,108,Andrew Heaney,Jack Kochanowicz,571760,686799,3,0,PIT,0,3,3,N,1
778203,2025-04-23,2025-04-23T17:10:00Z,Citi Field,R,PHI,NYM,143,121,Zack Wheeler,David Peterson,554430,656849,3,4,NYM,1,7,1,N,1
778204,2025-04-23,2025-04-23T22:45:00Z,Nationals Park,R,BAL,WSH,110,120,Tomoyuki Sugano,Trevor Williams,608372,592866,3,4,WSH,1,7,1,N,1
778205,2025-04-23,2025-04-23T23:00:00Z,Wrigley Field,R,LAD,CHC,119,112,Ben Casparius,Matthew Boyd,676508,571510,6,7,CHC,1,13,1,N,1
778206,2025-04-23,2025-04-23T17:10:00Z,Progressive Field,R,NYY,CLE,147,114,Carlos Rodón,Luis Ortiz,607074,682847,5,1,NYY,0,6,4,N,1
778207,2025-04-23,2025-04-23T22:45:00Z,Fenway Park,R,SEA,BOS,136,111,Emerson Hancock,Sean Newcomb,676106,656794,8,5,SEA,0,13,3,N,1
778208,2025-04-23,2025-04-23T17:10:00Z,loanDepot park,R,CIN,MIA,113,146,Brady Singer,Sandy Alcantara,663903,645261,5,2,CIN,0,7,3,N,1
778209,2025-04-23,2025-04-23T17:10:00Z,Comerica Park,R,SD,DET,135,116,Kyle Hart,Reese Olson,606996,681857,0,6,DET,1,6,6,N,1
778214,2025-04-23,2025-04-23T16:15:00Z,Truist Park,R,STL,ATL,138,144,Miles Mikolas,Bryce Elder,571945,693821,1,4,ATL,1,5,3,N,1
778188,2025-04-24,2025-04-25T01:40:00Z,Chase Field,R,TB,AZ,139,109,Drew Rasmussen,Corbin Burnes,656876,669203,7,4,TB,0,11,3,N,1
778189,2025-04-24,2025-04-24T17:10:00Z,Target Field,R,CWS,MIN,145,142,Shane Smith,Chris Paddack,681343,663978,3,0,CWS,0,3,3,N,1
778190,2025-04-24,2025-04-24T18:10:00Z,Kauffman Stadium,R,COL,KC,115,118,Germán Márquez,Cole Ragans,608566,666142,4,7,KC,1,11,3,Y,1
778191,2025-04-24,2025-04-25T01:29:00Z,Angel Stadium,R,PIT,LAA,134,108,Carmen Mlodzinski,Tyler Anderson,669387,542881,3,4,LAA,1,7,1,N,1
778192,2025-04-24,2025-04-25T02:05:00Z,Sutter Health Park,R,TEX,ATH,140,133,Jacob deGrom,J.T. Ginn,594798,669372,3,4,ATH,1,7,1,N,1
778193,2025-04-24,2025-04-24T22:45:00Z,Nationals Park,R,BAL,WSH,110,120,Cade Povich,MacKenzie Gore,700249,669022,2,1,BAL,0,3,1,N,1
778194,2025-04-24,2025-04-24T19:45:00Z,Oracle Park,R,MIL,SF,158,137,Tobias Myers,Landen Roupp,668964,694738,5,6,SF,1,11,1,N,1
778195,2025-04-24,2025-04-24T18:15:00Z,Kauffman Stadium,R,COL,KC,115,118,Chase Dollander,Michael Lorenzen,801403,547179,2,6,KC,1,8,4,Y,2
778196,2025-04-24,2025-04-24T17:35:00Z,Fenway Park,R,SEA,BOS,136,111,Bryan Woo,Garrett Crochet,693433,676979,4,3,SEA,0,7,1,N,1
778171,2025-04-25,2025-04-26T02:15:00Z,Oracle Park,R,TEX,SF,140,137,Nathan Eovaldi,Justin Verlander,543135,434378,2,0,TEX,0,2,2,N,1
778172,2025-04-25,2025-04-26T01:40:00Z,Petco Park,R,TB,SD,139,135,Shane Baz,Michael King,669358,650633,1,0,TB,0,1,1,N,1
778175,2025-04-25,2025-04-26T01:40:00Z,T-Mobile Park,R,MIA,SEA,146,136,Cal Quantrill,Logan Gilbert,615698,669302,8,4,MIA,0,12,4,N,1
778176,2025-04-25,2025-04-26T02:10:00Z,Dodger Stadium,R,PIT,LAD,134,119,Paul Skenes,Yoshinobu Yamamoto,694973,808967,3,0,PIT,0,3,3,N,1
778177,2025-04-25,2025-04-26T01:40:00Z,Chase Field,R,ATL,AZ,144,109,Chris Sale,Zac Gallen,519242,668678,8,2,ATL,0,10,6,N,1
778178,2025-04-25,2025-04-26T02:05:00Z,Sutter Health Park,R,CWS,ATH,145,133,Tyler Gilbert,Luis Severino,656457,622663,5,6,ATH,1,11,1,N,1
778181,2025-04-25,2025-04-26T00:40:00Z,Coors Field,R,CIN,COL,113,115,Andrew Abbott,Kyle Freeland,671096,607536,8,7,CIN,0,15,1,N,1
778182,2025-04-25,2025-04-25T18:20:00Z,Wrigley Field,R,PHI,CHC,143,112,Taijuan Walker,Colin Rea,592836,607067,0,4,CHC,1,4,4,N,1
778183,2025-04-25,2025-04-25T22:45:00Z,Nationals Park,R,NYM,WSH,121,120,Kodai Senga,Jake Irvin,673540,663623,4,5,WSH,1,9,1,N,1
778184,2025-04-25,2025-04-26T00:15:00Z,Busch Stadium,R,MIL,STL,158,138,Chad Patrick,Matthew Liberatore,694477,669461,2,3,STL,1,5,1,N,1
778185,2025-04-25,2025-04-25T23:05:00Z,Yankee Stadium,R,TOR,NYY,141,147,José Berríos,Carlos Carrasco,621244,471911,4,2,TOR,0,6,2,N,1
778186,2025-04-25,2025-04-25T23:40:00Z,Target Field,R,LAA,MIN,108,142,Kyle Hendricks,Pablo López,543294,641154,4,11,MIN,1,15,7,N,1
778187,2025-04-25,2025-04-25T23:40:00Z,Kauffman Stadium,R,HOU,KC,117,118,Hayden Wesneski,Seth Lugo,669713,607625,0,2,KC,1,2,2,N,1
778154,2025-04-26,2025-04-27T01:40:00Z,T-Mobile Park,R,MIA,SEA,146,136,Connor Gillispie,Luis Castillo,687362,622491,0,14,SEA,1,14,14,N,1
778159,2025-04-26,2025-04-26T20:05:00Z,Oracle Park,R,TEX,SF,140,137,Tyler Mahle,Robbie Ray,641816,592662,2,3,SF,1,5,1,N,1
778160,2025-04-26,2025-04-27T00:40:00Z,Petco Park,R,TB,SD,139,135,Ryan Pepiot,Dylan Cease,686752,656302,4,1,TB,0,5,3,N,1
778161,2025-04-26,2025-04-26T19:10:00Z,Coors Field,R,CIN,COL,113,115,Hunter Greene,Antonio Senzatela,668881,622608,6,4,CIN,0,10,2,N,1
778162,2025-04-26,2025-04-27T00:10:00Z,Chase Field,R,ATL,AZ,144,109,Grant Holmes,Merrill Kelly,656550,518876,8,7,ATL,0,15,1,N,1
778163,2025-04-26,2025-04-27T01:10:00Z,Dodger Stadium,R,PIT,LAD,134,119,Mitch Keller,Roki Sasaki,656605,808963,4,8,LAD,1,12,4,N,1
778164,2025-04-26,2025-04-26T18:15:00Z,Busch Stadium,R,MIL,STL,158,138,Quinn Priester,Sonny Gray,682990,543243,5,6,STL,1,11,1,N,1
778165,2025-04-26,2025-04-26T20:05:00Z,Sutter Health Park,R,CWS,ATH,145,133,Tyler Gilbert,Jeffrey Springs,656457,605488,10,3,CWS,0,13,7,N,1
778166,2025-04-26,2025-04-26T18:10:00Z,Target Field,R,LAA,MIN,108,142,Yusei Kikuchi,Simeon Woods Richardson,579328,680573,1,5,MIN,1,6,4,N,1
778167,2025-04-26,2025-04-26T23:10:00Z,Kauffman Stadium,R,HOU,KC,117,118,Framber Valdez,Michael Wacha,664285,608379,0,2,KC,1,2,2,N,1
778168,2025-04-26,2025-04-26T17:10:00Z,Comerica Park,R,BAL,DET,110,116,Brandon Young,Casey Mize,687064,663554,3,4,DET,1,7,1,S,1
778169,2025-04-26,2025-04-26T22:10:00Z,Progressive Field,R,BOS,CLE,111,114,Walker Buehler,Doug Nikhazy,621111,680951,7,3,BOS,0,10,4,S,2
778173,2025-04-26,2025-04-26T20:05:00Z,Nationals Park,R,NYM,WSH,121,120,Clay Holmes,Brad Lord,605280,695418,2,0,NYM,0,2,2,N,1
778174,2025-04-26,2025-04-26T20:05:00Z,Wrigley Field,R,PHI,CHC,143,112,Jesús Luzardo,Ben Brown,666200,676962,10,4,PHI,0,14,6,N,1
778179,2025-04-26,2025-04-26T17:10:00Z,Progressive Field,R,BOS,CLE,111,114,Tanner Houck,Ben Lively,656557,594902,4,5,CLE,1,9,1,S,1
778180,2025-04-26,2025-04-26T22:10:00Z,Comerica Park,R,BAL,DET,110,116,Keegan Akin,Keider Montero,669211,672456,2,6,DET,1,8,4,S,2
778136,2025-04-27,2025-04-27T20:10:00Z,T-Mobile Park,R,MIA,SEA,146,136,Max Meyer,Logan Evans,676974,688138,6,7,SEA,1,13,1,N,1
778144,2025-04-27,2025-04-27T17:40:00Z,Target Field,R,LAA,MIN,108,142,José Soriano,Joe Ryan,667755,657746,0,5,MIN,1,5,5,N,1
778145,2025-04-27,2025-04-27T20:10:00Z,Dodger Stadium,R,PIT,LAD,134,119,Bailey Falter,Tyler Glasnow,663559,607192,2,9,LAD,1,11,7,N,1
778146,2025-04-27,2025-04-27T20:10:00Z,Petco Park,R,TB,SD,139,135,Zack Littell,Randy Vásquez,641793,681190,4,2,TB,0,6,2,N,1
778147,2025-04-27,2025-04-27T20:10:00Z,Chase Field,R,ATL,AZ,144,109,Spencer Schwellenbach,Brandon Pfaadt,680885,694297,4,6,AZ,1,10,2,N,1
778148,2025-04-27,2025-04-27T19:10:00Z,Coors Field,R,CIN,COL,113,115,Nick Lodolo,Bradley Blalock,666157,687134,8,1,CIN,0,9,7,N,1
778149,2025-04-27,2025-04-27T20:05:00Z,Sutter Health Park,R,CWS,ATH,145,133,Brandon Eisert,Osvaldo Bido,685126,674370,2,3,ATH,1,5,1,N,1
778150,2025-04-27,2025-04-27T18:15:00Z,Busch Stadium,R,MIL,STL,158,138,Jose Quintana,Erick Fedde,500779,607200,7,1,MIL,0,8,6,N,1
778151,2025-04-27,2025-04-27T20:05:00Z,Oracle Park,R,TEX,SF,140,137,Jack Leiter,Jordan Hicks,683004,663855,2,3,SF,1,5,1,N,1
778152,2025-04-27,2025-04-27T18:10:00Z,Kauffman Stadium,R,HOU,KC,117,118,Hunter Brown,Kris Bubic,686613,663460,7,3,HOU,0,10,4,N,1
778153,2025-04-27,2025-04-27T17:35:00Z,Nationals Park,R,NYM,WSH,121,120,Tylor Megill,Mitchell Parker,656731,680730,7,8,WSH,1,15,1,N,1
778155,2025-04-27,2025-04-27T17:40:00Z,Comerica Park,R,BAL,DET,110,116,Dean Kremer,Tarik Skubal,665152,669373,0,7,DET,1,7,7,N,1
778156,2025-04-27,2025-04-27T17:35:00Z,Yankee Stadium,R,TOR,NYY,141,147,Kevin Gausman,Max Fried,592332,608331,2,11,NYY,1,13,9,Y,1
778157,2025-04-27,2025-04-27T17:40:00Z,Progressive Field,R,BOS,CLE,111,114,Brayan Bello,Logan Allen,678394,671106,13,3,BOS,0,16,10,N,1
778158,2025-04-27,2025-04-27T23:10:00Z,Wrigley Field,R,PHI,CHC,143,112,Aaron Nola,Jameson Taillon,605400,592791,3,1,PHI,0,4,2,N,1
778170,2025-04-27,2025-04-27T17:40:00Z,Yankee Stadium,R,TOR,NYY,141,147,Chris Bassitt,Clarke Schmidt,605135,657376,1,5,NYY,1,6,4,Y,2
778132,2025-04-28,2025-04-29T02:10:00Z,Dodger Stadium,R,MIA,LAD,146,119,Edward Cabrera,Dustin May,665795,669160,6,7,LAD,1,13,1,N,1
778137,2025-04-28,2025-04-29T00:40:00Z,Coors Field,R,ATL,COL,144,115,Bryce Elder,Ryan Feltner,693821,663372,6,3,ATL,0,9,3,N,1
778138,2025-04-28,2025-04-28T20:05:00Z,Nationals Park,R,NYM,WSH,121,120,Griffin Canning,Trevor Williams,656288,592866,19,5,NYM,0,24,14,N,1
778139,2025-04-28,2025-04-28T22:10:00Z,Progressive Field,R,MIN,CLE,142,114,Bailey Ober,Gavin Williams,641927,668909,11,1,MIN,0,12,10,N,1
778140,2025-04-28,2025-04-28T22:35:00Z,Oriole Park at Camden Yards,R,NYY,BAL,147,110,Will Warren,Tomoyuki Sugano,701542,608372,3,4,BAL,1,7,1,N,1
778141,2025-04-28,2025-04-28T22:40:00Z,Great American Ball Park,R,STL,CIN,138,113,Andre Pallante,Nick Martinez,669467,607259,1,3,CIN,1,4,2,N,1
778142,2025-04-28,2025-04-29T00:10:00Z,Daikin Park,R,DET,HOU,116,117,Jack Flaherty,Ronel Blanco,656427,669854,5,8,HOU,1,13,3,N,1
778143,2025-04-28,2025-04-29T00:05:00Z,Globe Life Field,R,ATH,TEX,133,140,JP Sears,Patrick Corbin,676664,571578,2,1,ATH,0,3,1,N,1
778120,2025-04-29,2025-04-30T00:40:00Z,Coors Field,R,ATL,COL,144,115,AJ Smith-Shawver,Germán Márquez,700363,608566,8,2,ATL,0,10,6,N,1
778121,2025-04-29,2025-04-30T01:40:00Z,T-Mobile Park,R,LAA,SEA,108,136,Jack Kochanowicz,Bryce Miller,686799,682243,3,5,SEA,1,8,2,N,1
778122,2025-04-29,2025-04-30T00:05:00Z,Globe Life Field,R,ATH,TEX,133,140,Jacob Lopez,Jacob deGrom,682052,594798,2,15,TEX,1,17,13,N,1
778123,2025-04-29,2025-04-30T02:10:00Z,Dodger Stadium,R,MIA,LAD,146,119,Sandy Alcantara,,645261,,2,15,LAD,1,17,13,N,1
778124,2025-04-29,2025-04-30T00:10:00Z,Daikin Park,R,DET,HOU,116,117,Reese Olson,Ryan Gusto,681857,687473,4,6,HOU,1,10,2,N,1
778125,2025-04-29,2025-04-29T23:40:00Z,Rate Field,R,MIL,CWS,158,145,Freddy Peralta,Bryse Wilson,642547,669060,7,2,MIL,0,9,5,N,1
778126,2025-04-29,2025-04-30T01:40:00Z,Petco Park,R,SF,SD,137,135,Logan Webb,Nick Pivetta,657277,601713,4,7,SD,1,11,3,N,1
778127,2025-04-29,2025-04-29T23:07:00Z,Rogers Centre,R,BOS,TOR,111,141,Garrett Crochet,Bowden Francis,676979,670102,10,2,BOS,0,12,8,N,1
778128,2025-04-29,2025-04-29T23:05:00Z,George M. Steinbrenner Field,R,KC,TB,118,139,Michael Lorenzen,Taj Bradley,547179,671737,3,1,KC,0,4,2,N,1
778129,2025-04-29,2025-04-29T22:10:00Z,Progressive Field,R,MIN,CLE,142,114,Chris Paddack,Tanner Bibee,663978,676440,1,2,CLE,1,3,1,N,1
778130,2025-04-29,2025-04-29T23:10:00Z,Citi Field,R,AZ,NYM,109,121,Eduardo Rodriguez,David Peterson,593958,656849,3,8,NYM,1,11,5,N,1
778131,2025-04-29,2025-04-29T22:45:00Z,Citizens Bank Park,R,WSH,PHI,120,143,MacKenzie Gore,Zack Wheeler,669022,554430,6,7,PHI,1,13,1,N,1
778133,2025-04-29,2025-04-29T22:35:00Z,Oriole Park at Camden Yards,R,NYY,BAL,147,110,Carlos Rodón,Kyle Gibson,607074,502043,15,3,NYY,0,18,12,N,1
778135,2025-04-29,2025-04-29T22:40:00Z,PNC Park,R,CHC,PIT,112,134,Shota Imanaga,Andrew Heaney,684007,571760,9,0,CHC,0,9,9,N,1
778102,2025-04-30,2025-04-30T19:10:00Z,Coors Field,R,ATL,COL,144,115,Chris Sale,Chase Dollander,519242,801403,1,2,COL,1,3,1,N,1
778104,2025-04-30,2025-04-30T20:10:00Z,T-Mobile Park,R,LAA,SEA,108,136,Tyler Anderson,Emerson Hancock,542881,676106,3,9,SEA,1,12,6,N,1
778105,2025-04-30,2025-04-30T20:10:00Z,Petco Park,R,SF,SD,137,135,Landen Roupp,Michael King,694738,650633,3,5,SD,1,8,2,N,1
778106,2025-04-30,2025-05-01T00:05:00Z,Globe Life Field,R,ATH,TEX,133,140,Luis Severino,Nathan Eovaldi,622663,543135,7,1,ATH,0,8,6,N,1
778109,2025-04-30,2025-04-30T19:10:00Z,Dodger Stadium,R,MIA,LAD,146,119,Cal Quantrill,Tony Gonsolin,615698,664062,7,12,LAD,1,19,5,N,1
778110,2025-04-30,2025-04-30T18:10:00Z,Daikin Park,R,DET,HOU,116,117,Jackson Jobe,AJ Blubaugh,695549,805123,7,4,DET,0,11,3,N,1
778111,2025-04-30,2025-04-30T23:40:00Z,Rate Field,R,MIL,CWS,158,145,Tobias Myers,Shane Smith,668964,681343,6,4,MIL,0,10,2,N,1
778112,2025-04-30,2025-04-30T22:40:00Z,PNC Park,R,CHC,PIT,112,134,Matthew Boyd,Carmen Mlodzinski,571510,669387,3,4,PIT,1,7,1,N,1
778113,2025-04-30,2025-04-30T23:05:00Z,George M. Steinbrenner Field,R,KC,TB,118,139,Noah Cameron,Drew Rasmussen,702070,656876,3,0,KC,0,3,3,N,1
778114,2025-04-30,2025-04-30T23:07:00Z,Rogers Centre,R,BOS,TOR,111,141,Lucas Giolito,Yariel Rodríguez,608337,684320,6,7,TOR,1,13,1,N,1
778115,2025-04-30,2025-04-30T22:35:00Z,Oriole Park at Camden Yards,R,NYY,BAL,147,110,Carlos Carrasco,Cade Povich,471911,700249,4,5,BAL,1,9,1,N,1
778116,2025-04-30,2025-04-30T22:10:00Z,Progressive Field,R,MIN,CLE,142,114,Pablo López,Luis Ortiz,641154,682847,2,4,CLE,1,6,2,N,1
778117,2025-04-30,2025-04-30T23:10:00Z,Citi Field,R,AZ,NYM,109,121,Corbin Burnes,Huascar Brazobán,669203,623211,4,3,AZ,0,7,1,N,1
778118,2025-04-30,2025-04-30T22:45:00Z,Citizens Bank Park,R,WSH,PHI,120,143,Jake Irvin,Cristopher Sánchez,663623,650911,2,7,PHI,1,9,5,N,1
778119,2025-04-30,2025-04-30T22:40:00Z,Great American Ball Park,R,STL,CIN,138,113,Steven Matz,Chase Petty,571927,695534,9,1,STL,0,10,8,S,2
778134,2025-04-30,2025-04-30T16:40:00Z,Great American Ball Park,R,STL,CIN,138,113,Miles Mikolas,Brady Singer,571945,663903,6,0,STL,0,6,6,S,1
778094,2025-05-01,2025-05-01T18:10:00Z,Rate Field,R,MIL,CWS,158,145,Chad Patrick,Sean Burke,694477,680732,0,8,CWS,1,8,8,N,1
778095,2025-05-01,2025-05-01T23:07:00Z,Rogers Centre,R,BOS,TOR,111,141,Tanner Houck,José Berríos,656557,621244,2,4,TOR,1,6,2,N,1
778096,2025-05-01,2025-05-01T18:35:00Z,Globe Life Field,R,ATH,TEX,133,140,Jeffrey Springs,Tyler Mahle,605488,641816,3,0,ATH,0,3,3,N,1
778097,2025-05-01,2025-05-01T17:10:00Z,George M. Steinbrenner Field,R,KC,TB,118,139,Seth Lugo,Shane Baz,607625,669358,8,2,KC,0,10,6,N,1
778098,2025-05-01,2025-05-02T01:45:00Z,Oracle Park,R,COL,SF,115,137,Kyle Freeland,Justin Verlander,607536,434378,4,3,COL,0,7,1,N,1
778099,2025-05-01,2025-05-01T22:45:00Z,Citizens Bank Park,R,WSH,PHI,120,143,Brad Lord,Taijuan Walker,695418,592836,4,2,WSH,0,6,2,N,1
778100,2025-05-01,2025-05-01T16:35:00Z,PNC Park,R,CHC,PIT,112,134,Colin Rea,Paul Skenes,607067,694973,8,3,CHC,0,11,5,N,1
778101,2025-05-01,2025-05-02T01:38:00Z,Angel Stadium,R,DET,LAA,116,108,Casey Mize,Yusei Kikuchi,663554,579328,10,4,DET,0,14,6,N,1
778103,2025-05-01,2025-05-01T17:10:00Z,Citi Field,R,AZ,NYM,109,121,Zac Gallen,Kodai Senga,668678,673540,4,2,AZ,0,6,2,N,1
778107,2025-05-01,2025-05-01T16:40:00Z,Great American Ball Park,R,STL,CIN,138,113,Matthew Liberatore,Andrew Abbott,669461,671096,1,9,CIN,1,10,8,N,1
778108,2025-05-01,2025-05-01T17:10:00Z,Progressive Field,R,MIN,CLE,142,114,Simeon Woods Richardson,Ben Lively,680573,594902,3,4,CLE,1,7,1,N,1
778079,2025-05-02,2025-05-02T23:40:00Z,Rate Field,R,HOU,CWS,117,145,Framber Valdez,Jonathan Cannon,664285,686563,3,7,CWS,1,10,4,N,1
778080,2025-05-02,2025-05-03T00:10:00Z,American Family Field,R,CHC,MIL,112,158,Ben Brown,Tyler Alexander,676962,641302,10,0,CHC,0,10,10,N,1
778081,2025-05-02,2025-05-02T23:07:00Z,Rogers Centre,R,CLE,TOR,114,141,Logan Allen,Chris Bassitt,671106,605135,3,5,TOR,1,8,2,N,1
778082,2025-05-02,2025-05-03T02:15:00Z,Oracle Park,R,COL,SF,115,137,Antonio Senzatela,Robbie Ray,622608,592662,0,4,SF,1,4,4,N,1
778083,2025-05-02,2025-05-03T00:05:00Z,Globe Life Field,R,SEA,TEX,136,140,Bryan Woo,Jack Leiter,693433,683004,13,1,SEA,0,14,12,N,1
778084,2025-05-02,2025-05-03T00:15:00Z,Busch Stadium,R,NYM,STL,121,138,Clay Holmes,Sonny Gray,605280,543243,9,3,NYM,0,12,6,N,1
778085,2025-05-02,2025-05-03T01:38:00Z,Angel Stadium,R,DET,LAA,116,108,Tarik Skubal,José Soriano,669373,667755,9,1,DET,0,10,8,N,1
778086,2025-05-02,2025-05-02T22:45:00Z,Citizens Bank Park,R,AZ,PHI,109,143,Merrill Kelly,Jesús Luzardo,518876,666200,2,3,PHI,1,5,1,N,1
778087,2025-05-02,2025-05-02T22:10:00Z,Great American Ball Park,R,WSH,CIN,120,113,Mitchell Parker,Hunter Greene,680730,668881,1,6,CIN,1,7,5,N,1
778088,2025-05-02,2025-05-02T23:05:00Z,Yankee Stadium,R,TB,NYY,139,147,Ryan Pepiot,Max Fried,686752,608331,0,3,NYY,1,3,3,N,1
778089,2025-05-02,2025-05-02T23:10:00Z,Fenway Park,R,MIN,BOS,142,111,Joe Ryan,Brayan Bello,657746,678394,1,6,BOS,1,7,5,N,1
778090,2025-05-02,2025-05-02T22:40:00Z,PNC Park,R,SD,PIT,135,134,Dylan Cease,Mitch Keller,656302,656605,9,4,SD,0,13,5,N,1
778091,2025-05-02,2025-05-02T23:10:00Z,loanDepot park,R,ATH,MIA,133,146,Gunnar Hoglund,Valente Bellozo,680684,678368,6,1,ATH,0,7,5,N,1
778092,2025-05-02,2025-05-02T23:15:00Z,Truist Park,R,LAD,ATL,119,144,Yoshinobu Yamamoto,Grant Holmes,808967,656550,2,1,LAD,0,3,1,N,1
778093,2025-05-02,2025-05-02T23:05:00Z,Oriole Park at Camden Yards,R,KC,BAL,118,110,Michael Wacha,Dean Kremer,608379,665152,0,3,BAL,1,3,3,N,1
778064,2025-05-03,2025-05-03T19:07:00Z,Rogers Centre,R,CLE,TOR,114,141,Gavin Williams,Kevin Gausman,668909,592332,5,3,CLE,0,8,2,N,1
778065,2025-05-03,2025-05-03T20:05:00Z,PNC Park,R,SD,PIT,135,134,Randy Vásquez,Bailey Falter,681190,663559,2,1,SD,0,3,1,N,1
778066,2025-05-03,2025-05-03T18:10:00Z,Rate Field,R,HOU,CWS,117,145,Hunter Brown,Davis Martin,686613,663436,8,3,HOU,0,11,5,N,1
778067,2025-05-03,2025-05-04T01:38:00Z,Angel Stadium,R,DET,LAA,116,108,Jack Flaherty,Kyle Hendricks,656427,543294,2,5,LAA,1,7,3,N,1
778069,2025-05-03,2025-05-03T20:05:00Z,Oracle Park,R,COL,SF,115,137,Bradley Blalock,Jordan Hicks,687134,663855,3,6,SF,1,9,3,N,1
778070,2025-05-03,2025-05-03T23:05:00Z,Globe Life Field,R,SEA,TEX,136,140,Luis Castillo,Patrick Corbin,622491,571578,2,1,SEA,0,3,1,N,1
778071,2025-05-03,2025-05-03T23:10:00Z,American Family Field,R,CHC,MIL,112,158,Jameson Taillon,Jose Quintana,592791,500779,6,2,CHC,0,8,4,N,1
778072,2025-05-03,2025-05-03T23:15:00Z,Oriole Park at Camden Yards,R,KC,BAL,118,110,Kris Bubic,Tomoyuki Sugano,663460,608372,4,0,KC,0,4,4,N,1
778073,2025-05-03,2025-05-03T20:10:00Z,Fenway Park,R,MIN,BOS,142,111,Bailey Ober,Hunter Dobbins,641927,690928,4,3,MIN,0,7,1,N,1
778074,2025-05-03,2025-05-03T17:05:00Z,Yankee Stadium,R,TB,NYY,139,147,Zack Littell,Ryan Yarbrough,641793,642232,3,2,TB,0,5,1,N,1
778075,2025-05-03,2025-05-03T20:10:00Z,loanDepot park,R,ATH,MIA,133,146,Osvaldo Bido,Max Meyer,674370,676974,6,9,MIA,1,15,3,N,1
778076,2025-05-03,2025-05-03T23:15:00Z,Truist Park,R,LAD,ATL,119,144,Roki Sasaki,Spencer Schwellenbach,808963,680885,10,3,LAD,0,13,7,N,1
778077,2025-05-03,2025-05-03T22:40:00Z,Great American Ball Park,R,WSH,CIN,120,113,Trevor Williams,Nick Lodolo,592866,666157,11,6,WSH,0,17,5,N,1
778078,2025-05-03,2025-05-03T22:05:00Z,Citizens Bank Park,R,AZ,PHI,109,143,Brandon Pfaadt,Aaron Nola,694297,605400,2,7,PHI,1,9,5,N,1
778048,2025-05-04,2025-05-04T20:05:00Z,Oracle Park,R,COL,SF,115,137,Germán Márquez,Logan Webb,608566,657277,3,9,SF,1,12,6,N,1
778050,2025-05-04,2025-05-04T20:07:00Z,Angel Stadium,R,DET,LAA,116,108,Reese Olson,Jack Kochanowicz,681857,686799,13,1,DET,0,14,12,N,1
778051,2025-05-04,2025-05-04T17:35:00Z,PNC Park,R,SD,PIT,135,134,Stephen Kolek,Andrew Heaney,663568,571760,4,0,SD,0,4,4,N,1
778052,2025-05-04,2025-05-04T18:35:00Z,Globe Life Field,R,SEA,TEX,136,140,Logan Evans,Jacob deGrom,688138,594798,1,8,TEX,1,9,7,N,1
778053,2025-05-04,2025-05-04T17:15:00Z,Busch Stadium,R,NYM,STL,121,138,Blade Tidwell,Erick Fedde,694918,607200,5,6,STL,1,11,1,S,1
778054,2025-05-04,2025-05-04T18:10:00Z,American Family Field,R,CHC,MIL,112,158,Shota Imanaga,Freddy Peralta,684007,642547,0,4,MIL,1,4,4,N,1
778055,2025-05-04,2025-05-04T18:10:00Z,Rate Field,R,HOU,CWS,117,145,Lance McCullers Jr.,Bryse Wilson,621121,669060,4,5,CWS,1,9,1,N,1
778056,2025-05-04,2025-05-04T17:37:00Z,Rogers Centre,R,CLE,TOR,114,141,Tanner Bibee,Bowden Francis,676440,670102,5,4,CLE,0,9,1,N,1
778057,2025-05-04,2025-05-04T17:35:00Z,Yankee Stadium,R,TB,NYY,139,147,Taj Bradley,Will Warren,671737,701542,7,5,TB,0,12,2,N,1
778058,2025-05-04,2025-05-04T20:10:00Z,Great American Ball Park,R,WSH,CIN,120,113,MacKenzie Gore,Nick Martinez,669022,607259,4,1,WSH,0,5,3,N,1
778059,2025-05-04,2025-05-04T18:05:00Z,Citizens Bank Park,R,AZ,PHI,109,143,Eduardo Rodriguez,Ranger Suarez,593958,624133,11,9,AZ,0,20,2,N,1
778060,2025-05-04,2025-05-04T23:10:00Z,Truist Park,R,LAD,ATL,119,144,Dustin May,Bryce Elder,669160,693821,3,4,ATL,1,7,1,N,1
778061,2025-05-04,2025-05-04T17:40:00Z,loanDepot park,R,ATH,MIA,133,146,JP Sears,Edward Cabrera,676664,665795,3,2,ATH,0,5,1,N,1
778062,2025-05-04,2025-05-04T17:35:00Z,Oriole Park at Camden Yards,R,KC,BAL,118,110,Michael Lorenzen,Kyle Gibson,547179,502043,11,6,KC,0,17,5,N,1
778063,2025-05-04,2025-05-04T17:35:00Z,Fenway Park,R,MIN,BOS,142,111,Chris Paddack,Garrett Crochet,663978,676979,5,4,MIN,0,9,1,N,1
778068,2025-05-04,2025-05-04T22:15:00Z,Busch Stadium,R,NYM,STL,121,138,Tylor Megill,Andre Pallante,656731,669467,4,5,STL,1,9,1,S,2
778036,2025-05-05,2025-05-05T23:45:00Z,Busch Stadium,R,PIT,STL,134,138,Carmen Mlodzinski,Miles Mikolas,669387,571945,3,6,STL,1,9,3,N,1
778038,2025-05-05,2025-05-06T02:05:00Z,Sutter Health Park,R,SEA,ATH,136,133,Bryce Miller,Luis Severino,682243,622663,6,7,ATH,1,13,1,N,1
778039,2025-05-05,2025-05-06T01:40:00Z,Chase Field,R,NYM,AZ,121,109,Griffin Canning,Ryne Nelson,656288,669194,5,4,NYM,0,9,1,N,1
778042,2025-05-05,2025-05-05T23:40:00Z,American Family Field,R,HOU,MIL,117,158,Ronel Blanco,Tobias Myers,669854,668964,1,5,MIL,1,6,4,N,1
778043,2025-05-05,2025-05-05T23:40:00Z,Kauffman Stadium,R,CWS,KC,145,118,Shane Smith,Cole Ragans,681343,666142,0,3,KC,1,3,3,N,1
778044,2025-05-05,2025-05-05T23:40:00Z,Wrigley Field,R,SF,CHC,137,112,Landen Roupp,Matthew Boyd,694738,571510,2,9,CHC,1,11,7,N,1
778045,2025-05-05,2025-05-05T23:05:00Z,Yankee Stadium,R,SD,NYY,135,147,Nick Pivetta,Carlos Rodón,601713,607074,4,3,SD,0,7,1,N,1
778047,2025-05-05,2025-05-05T22:40:00Z,loanDepot park,R,LAD,MIA,119,146,Jack Dreyer,Sandy Alcantara,676263,645261,7,4,LAD,0,11,3,N,1
778049,2025-05-05,2025-05-05T23:15:00Z,Truist Park,R,CIN,ATL,113,144,Brady Singer,AJ Smith-Shawver,663903,700363,0,4,ATL,1,4,4,N,1
778024,2025-05-06,2025-05-07T02:05:00Z,Sutter Health Park,R,SEA,ATH,136,133,Emerson Hancock,Jeffrey Springs,676106,605488,5,3,SEA,0,8,2,N,1
778025,2025-05-06,2025-05-07T01:38:00Z,Angel Stadium,R,TOR,LAA,141,108,José Ureña,Tyler Anderson,570632,542881,3,8,LAA,1,11,5,N,1
778026,2025-05-06,2025-05-06T19:35:00Z,Nationals Park,R,CLE,WSH,114,120,Luis Ortiz,Jake Irvin,682847,663623,9,10,WSH,1,19,1,Y,1
778027,2025-05-06,2025-05-06T23:40:00Z,Wrigley Field,R,SF,CHC,137,112,Justin Verlander,Colin Rea,434378,607067,14,5,SF,0,19,9,N,1
778028,2025-05-06,2025-05-06T23:40:00Z,Target Field,R,BAL,MIN,110,142,Cade Povich,Pablo López,700249,641154,1,9,MIN,1,10,8,N,1
778030,2025-05-06,2025-05-06T23:45:00Z,Busch Stadium,R,PIT,STL,134,138,Paul Skenes,Matthew Liberatore,694973,669461,1,2,STL,1,3,1,N,1
778031,2025-05-06,2025-05-06T23:40:00Z,American Family Field,R,HOU,MIL,117,158,Hayden Wesneski,Chad Patrick,669713,694477,3,4,MIL,1,7,1,N,1
778032,2025-05-06,2025-05-07T01:40:00Z,Chase Field,R,NYM,AZ,121,109,David Peterson,Zac Gallen,656849,668678,1,5,AZ,1,6,4,N,1
778033,2025-05-06,2025-05-06T23:40:00Z,Kauffman Stadium,R,CWS,KC,145,118,Sean Burke,Seth Lugo,680732,607625,3,4,KC,1,7,1,N,1
778034,2025-05-06,2025-05-06T23:15:00Z,Truist Park,R,CIN,ATL,113,144,Andrew Abbott,Chris Sale,671096,519242,1,2,ATL,1,3,1,N,1
778035,2025-05-06,2025-05-06T22:40:00Z,loanDepot park,R,LAD,MIA,119,146,Tony Gonsolin,Cal Quantrill,664062,615698,4,5,MIA,1,9,1,N,1
778037,2025-05-06,2025-05-06T22:45:00Z,Fenway Park,R,TEX,BOS,140,111,Nathan Eovaldi,Lucas Giolito,543135,608337,6,1,TEX,0,7,5,N,1
778040,2025-05-06,2025-05-06T23:05:00Z,George M. Steinbrenner Field,R,PHI,TB,143,139,Zack Wheeler,Drew Rasmussen,554430,656876,8,4,PHI,0,12,4,N,1
778041,2025-05-06,2025-05-06T23:05:00Z,Yankee Stadium,R,SD,NYY,135,147,Michael King,Clarke Schmidt,650633,657376,3,12,NYY,1,15,9,N,1
778046,2025-05-06,2025-05-06T19:40:00Z,Nationals Park,R,CLE,WSH,114,120,Ben Lively,Brad Lord,594902,695418,9,1,CLE,0,10,8,Y,2
778009,2025-05-07,2025-05-08T01:38:00Z,Angel Stadium,R,TOR,LAA,141,108,José Berríos,Yusei Kikuchi,621244,579328,4,5,LAA,1,9,1,N,1
778010,2025-05-07,2025-05-07T19:35:00Z,Sutter Health Park,R,SEA,ATH,136,133,Bryan Woo,Gunnar Hoglund,693433,680684,6,5,SEA,0,11,1,N,1
778011,2025-05-07,2025-05-07T23:40:00Z,Target Field,R,BAL,MIN,110,142,Charlie Morton,Simeon Woods Richardson,450203,680573,2,5,MIN,1,7,3,N,1
778012,2025-05-07,2025-05-07T23:40:00Z,Kauffman Stadium,R,CWS,KC,145,118,Jonathan Cannon,Michael Wacha,686563,608379,1,2,KC,1,3,1,N,1
778013,2025-05-07,2025-05-08T00:40:00Z,Coors Field,R,DET,COL,116,115,Jackson Jobe,Chase Dollander,695549,801403,8,6,DET,0,14,2,N,1
778014,2025-05-07,2025-05-07T19:40:00Z,Chase Field,R,NYM,AZ,121,109,Kodai Senga,Merrill Kelly,673540,518876,7,1,NYM,0,8,6,N,1
778015,2025-05-07,2025-05-07T17:10:00Z,American Family Field,R,HOU,MIL,117,158,Framber Valdez,Quinn Priester,664285,682990,9,1,HOU,0,10,8,N,1
778016,2025-05-07,2025-05-07T17:15:00Z,Busch Stadium,R,PIT,STL,134,138,Mitch Keller,Sonny Gray,656605,543243,0,5,STL,1,5,5,N,1
778017,2025-05-07,2025-05-07T20:40:00Z,loanDepot park,R,LAD,MIA,119,146,Landon Knack,Valente Bellozo,689017,678368,10,1,LAD,0,11,9,N,1
778018,2025-05-07,2025-05-07T22:45:00Z,Fenway Park,R,TEX,BOS,140,111,Tyler Mahle,Tanner Houck,641816,656557,4,6,BOS,1,10,2,N,1
778019,2025-05-07,2025-05-07T23:05:00Z,Yankee Stadium,R,SD,NYY,135,147,Dylan Cease,Max Fried,656302,608331,3,4,NYY,1,7,1,N,1
778020,2025-05-07,2025-05-07T18:20:00Z,Wrigley Field,R,SF,CHC,137,112,Robbie Ray,Ben Brown,592662,676962,3,1,SF,0,4,2,N,1
778021,2025-05-07,2025-05-07T23:05:00Z,George M. Steinbrenner Field,R,PHI,TB,143,139,Cristopher Sánchez,Shane Baz,650911,669358,7,0,PHI,0,7,7,N,1
778022,2025-05-07,2025-05-07T16:05:00Z,Nationals Park,R,CLE,WSH,114,120,Logan Allen,Michael Soroka,671106,647336,8,6,CLE,0,14,2,N,1
778023,2025-05-07,2025-05-07T23:15:00Z,Truist Park,R,CIN,ATL,113,144,Hunter Greene,Grant Holmes,668881,656550,4,3,CIN,0,7,1,N,1
777999,2025-05-08,2025-05-09T01:40:00Z,Chase Field,R,LAD,AZ,119,109,Yoshinobu Yamamoto,Brandon Pfaadt,808967,694297,3,5,AZ,1,8,2,N,1
778000,2025-05-08,2025-05-09T01:38:00Z,Angel Stadium,R,TOR,LAA,141,108,Chris Bassitt,José Soriano,605135,667755,8,5,TOR,0,13,3,N,1
778003,2025-05-08,2025-05-08T23:15:00Z,Truist Park,R,CIN,ATL,113,144,Nick Lodolo,Spencer Schwellenbach,666157,680885,4,5,ATL,1,9,1,N,1
778004,2025-05-08,2025-05-08T19:10:00Z,Coors Field,R,DET,COL,116,115,Casey Mize,Kyle Freeland,663554,607536,10,2,DET,0,12,8,Y,1
778005,2025-05-08,2025-05-08T23:05:00Z,George M. Steinbrenner Field,R,PHI,TB,143,139,Jesús Luzardo,Ryan Pepiot,666200,686752,7,6,PHI,0,13,1,N,1
778006,2025-05-08,2025-05-08T17:35:00Z,Fenway Park,R,TEX,BOS,140,111,Jack Leiter,Brayan Bello,683004,678394,0,5,BOS,1,5,5,N,1
778007,2025-05-08,2025-05-08T17:10:00Z,Target Field,R,BAL,MIN,110,142,Dean Kremer,Bailey Ober,665152,641927,2,5,MIN,1,7,3,N,1
778008,2025-05-08,2025-05-08T18:10:00Z,Kauffman Stadium,R,CWS,KC,145,118,Davis Martin,Kris Bubic,663436,663460,0,10,KC,1,10,10,N,1
778029,2025-05-08,2025-05-08T19:15:00Z,Coors Field,R,DET,COL,116,115,Keider Montero,Tanner Gordon,672456,685299,11,1,DET,0,12,10,Y,2
777984,2025-05-09,2025-05-10T01:40:00Z,T-Mobile Park,R,TOR,SEA,141,136,Kevin Gausman,Luis Castillo,592332,622491,6,3,TOR,0,9,3,N,1
777986,2025-05-09,2025-05-10T01:38:00Z,Angel Stadium,R,BAL,LAA,110,108,Tomoyuki Sugano,Kyle Hendricks,608372,543294,4,1,BAL,0,5,3,N,1
777988,2025-05-09,2025-05-10T01:40:00Z,Chase Field,R,LAD,AZ,119,109,Roki Sasaki,Eduardo Rodriguez,808963,593958,14,11,LAD,0,25,3,N,1
777989,2025-05-09,2025-05-10T00:10:00Z,Daikin Park,R,CIN,HOU,113,117,Nick Martinez,Hunter Brown,607259,686613,0,3,HOU,1,3,3,N,1
777990,2025-05-09,2025-05-09T23:40:00Z,Kauffman Stadium,R,BOS,KC,111,118,Hunter Dobbins,Michael Lorenzen,690928,547179,1,2,KC,1,3,1,N,1
777991,2025-05-09,2025-05-09T23:40:00Z,Rate Field,R,MIA,CWS,146,145,Max Meyer,Bryse Wilson,676974,669060,2,6,CWS,1,8,4,N,1
777992,2025-05-09,2025-05-10T00:10:00Z,Target Field,R,SF,MIN,137,142,Jordan Hicks,Chris Paddack,663855,663978,1,3,MIN,1,4,2,N,1
777993,2025-05-09,2025-05-10T00:40:00Z,Coors Field,R,SD,COL,135,115,Randy Vásquez,Antonio Senzatela,681190,622608,13,9,SD,0,22,4,N,1
777994,2025-05-09,2025-05-10T02:05:00Z,Sutter Health Park,R,NYY,ATH,147,133,Will Warren,Osvaldo Bido,701542,674370,10,2,NYY,0,12,8,N,1
777995,2025-05-09,2025-05-09T22:45:00Z,Nationals Park,R,STL,WSH,138,120,Erick Fedde,Mitchell Parker,607200,680730,10,0,STL,0,10,10,N,1
777996,2025-05-09,2025-05-09T22:40:00Z,Comerica Park,R,TEX,DET,140,116,Patrick Corbin,Tarik Skubal,571578,669373,1,2,DET,1,3,1,N,1
777997,2025-05-09,2025-05-09T23:10:00Z,Progressive Field,R,PHI,CLE,143,114,Aaron Nola,Gavin Williams,605400,668909,0,6,CLE,1,6,6,N,1
777998,2025-05-09,2025-05-09T22:40:00Z,PNC Park,R,ATL,PIT,144,134,Bryce Elder,Bailey Falter,693821,663559,2,3,PIT,1,5,1,N,1
778001,2025-05-09,2025-05-09T23:10:00Z,Citi Field,R,CHC,NYM,112,121,Jameson Taillon,Clay Holmes,592791,605280,2,7,NYM,1,9,5,N,1
778002,2025-05-09,2025-05-09T23:05:00Z,George M. Steinbrenner Field,R,MIL,TB,158,139,Jose Quintana,Zack Littell,500779,641793,3,4,TB,1,7,1,N,1
777970,2025-05-10,2025-05-11T01:40:00Z,T-Mobile Park,R,TOR,SEA,141,136,Bowden Francis,Logan Evans,670102,688138,6,3,TOR,0,9,3,N,1
777972,2025-05-10,2025-05-10T20:05:00Z,Sutter Health Park,R,NYY,ATH,147,133,Carlos Rodón,JP Sears,607074,676664,7,11,ATH,1,18,4,N,1
777973,2025-05-10,2025-05-11T01:38:00Z,Angel Stadium,R,BAL,LAA,110,108,Kyle Gibson,Jack Kochanowicz,502043,686799,2,5,LAA,1,7,3,N,1
777974,2025-05-10,2025-05-10T23:15:00Z,Target Field,R,SF,MIN,137,142,Logan Webb,Joe Ryan,657277,657746,1,2,MIN,1,3,1,N,1
777975,2025-05-10,2025-05-11T00:10:00Z,Chase Field,R,LAD,AZ,119,109,Dustin May,Corbin Burnes,669160,669203,0,3,AZ,1,3,3,N,1
777976,2025-05-10,2025-05-11T00:10:00Z,Coors Field,R,SD,COL,135,115,Stephen Kolek,Bradley Blalock,663568,687134,21,0,SD,0,21,21,N,1
777977,2025-05-10,2025-05-10T23:10:00Z,Kauffman Stadium,R,BOS,KC,111,118,Garrett Crochet,Cole Ragans,676979,666142,10,1,BOS,0,11,9,N,1
777978,2025-05-10,2025-05-10T23:10:00Z,Rate Field,R,MIA,CWS,146,145,Edward Cabrera,Shane Smith,665795,681343,3,1,MIA,0,4,2,N,1
777979,2025-05-10,2025-05-10T23:10:00Z,Daikin Park,R,CIN,HOU,113,117,Brady Singer,Lance McCullers Jr.,663903,621121,13,9,CIN,0,22,4,N,1
777980,2025-05-10,2025-05-10T20:05:00Z,Nationals Park,R,STL,WSH,138,120,Andre Pallante,Trevor Williams,669467,592866,4,2,STL,0,6,2,N,1
777981,2025-05-10,2025-05-10T20:10:00Z,George M. Steinbrenner Field,R,MIL,TB,158,139,Tobias Myers,Taj Bradley,668964,671737,2,3,TB,1,5,1,N,1
777982,2025-05-10,2025-05-10T23:15:00Z,Citi Field,R,CHC,NYM,112,121,Brad Keller,Tylor Megill,641745,656731,6,5,CHC,0,11,1,N,1
777983,2025-05-10,2025-05-10T22:10:00Z,Progressive Field,R,PHI,CLE,143,114,Ranger Suarez,Tanner Bibee,624133,676440,7,1,PHI,0,8,6,N,1
777985,2025-05-10,2025-05-10T20:05:00Z,PNC Park,R,ATL,PIT,144,134,AJ Smith-Shawver,Andrew Heaney,700363,571760,3,2,ATL,0,5,1,N,1
777987,2025-05-10,2025-05-10T22:10:00Z,Comerica Park,R,TEX,DET,140,116,Jacob deGrom,Jack Flaherty,594798,656427,10,3,TEX,0,13,7,N,1
777954,2025-05-11,2025-05-11T20:10:00Z,Chase Field,R,LAD,AZ,119,109,Tony Gonsolin,Zac Gallen,664062,668678,8,1,LAD,0,9,7,N,1
777955,2025-05-11,2025-05-11T19:10:00Z,Coors Field,R,SD,COL,135,115,Nick Pivetta,Germán Márquez,601713,608566,3,9,COL,1,12,6,N,1
777956,2025-05-11,2025-05-11T18:10:00Z,Target Field,R,SF,MIN,137,142,Landen Roupp,Pablo López,694738,641154,6,7,MIN,1,13,1,N,1
777957,2025-05-11,2025-05-11T20:05:00Z,Sutter Health Park,R,NYY,ATH,147,133,Ryan Yarbrough,Luis Severino,642232,622663,12,2,NYY,0,14,10,N,1
777958,2025-05-11,2025-05-11T20:10:00Z,T-Mobile Park,R,TOR,SEA,141,136,José Ureña,Bryce Miller,570632,682243,9,1,TOR,0,10,8,N,1
777961,2025-05-11,2025-05-11T20:07:00Z,Angel Stadium,R,BAL,LAA,110,108,Zach Eflin,Tyler Anderson,621107,542881,7,3,BAL,0,10,4,N,1
777962,2025-05-11,2025-05-11T17:35:00Z,Nationals Park,R,STL,WSH,138,120,Miles Mikolas,MacKenzie Gore,571945,669022,6,1,STL,0,7,5,N,1
777963,2025-05-11,2025-05-11T18:10:00Z,Daikin Park,R,CIN,HOU,113,117,Chase Petty,Ronel Blanco,695534,669854,0,6,HOU,1,6,6,N,1
777964,2025-05-11,2025-05-11T17:40:00Z,George M. Steinbrenner Field,R,MIL,TB,158,139,Chad Patrick,Drew Rasmussen,694477,656876,4,2,MIL,0,6,2,N,1
777965,2025-05-11,2025-05-11T18:10:00Z,Kauffman Stadium,R,BOS,KC,111,118,Lucas Giolito,Seth Lugo,608337,607625,3,1,BOS,0,4,2,N,1
777966,2025-05-11,2025-05-11T18:10:00Z,Rate Field,R,MIA,CWS,146,145,Sandy Alcantara,Sean Burke,645261,680732,2,4,CWS,1,6,2,N,1
777967,2025-05-11,2025-05-11T17:35:00Z,PNC Park,R,ATL,PIT,144,134,Chris Sale,Carmen Mlodzinski,519242,669387,3,4,PIT,1,7,1,N,1
777968,2025-05-11,2025-05-11T16:05:00Z,Citi Field,R,CHC,NYM,112,121,Matthew Boyd,Griffin Canning,571510,656288,2,6,NYM,1,8,4,N,1
777969,2025-05-11,2025-05-11T17:40:00Z,Comerica Park,R,TEX,DET,140,116,Nathan Eovaldi,Reese Olson,543135,681857,6,1,TEX,0,7,5,N,1
777971,2025-05-11,2025-05-11T23:10:00Z,Progressive Field,R,PHI,CLE,143,114,Zack Wheeler,Luis Ortiz,554430,682847,3,0,PHI,0,3,3,N,1
777939,2025-05-12,2025-05-13T01:45:00Z,Oracle Park,R,AZ,SF,109,137,Merrill Kelly,Justin Verlander,518876,434378,2,1,AZ,0,3,1,N,1
777941,2025-05-12,2025-05-13T01:40:00Z,T-Mobile Park,R,NYY,SEA,147,136,Clarke Schmidt,Emerson Hancock,657376,676106,11,5,NYY,0,16,6,N,1
777947,2025-05-12,2025-05-13T01:40:00Z,Petco Park,R,LAA,SD,108,135,Yusei Kikuchi,Michael King,579328,650633,9,5,LAA,0,14,4,N,1
777948,2025-05-12,2025-05-13T00:10:00Z,Daikin Park,R,KC,HOU,118,117,Michael Wacha,Ryan Gusto,608379,687473,7,5,KC,0,12,2,N,1
777949,2025-05-12,2025-05-13T00:05:00Z,Globe Life Field,R,COL,TEX,115,140,Chase Dollander,Tyler Mahle,801403,641816,1,2,TEX,1,3,1,N,1
777950,2025-05-12,2025-05-12T23:10:00Z,Citi Field,R,PIT,NYM,134,121,Paul Skenes,David Peterson,694973,656849,3,4,NYM,1,7,1,N,1
777951,2025-05-12,2025-05-12T22:40:00Z,Comerica Park,R,BOS,DET,111,116,Tanner Houck,Jackson Jobe,656557,695549,2,14,DET,1,16,12,N,1
777952,2025-05-12,2025-05-12T23:40:00Z,Wrigley Field,R,MIA,CHC,146,112,Cal Quantrill,Colin Rea,615698,607067,2,5,CHC,1,7,3,N,1
777953,2025-05-12,2025-05-12T22:45:00Z,Citizens Bank Park,R,STL,PHI,138,143,Matthew Liberatore,Cristopher Sánchez,669461,650911,3,2,STL,0,5,1,N,1
777959,2025-05-12,2025-05-12T23:15:00Z,Truist Park,R,WSH,ATL,120,144,Jake Irvin,Grant Holmes,663623,656550,3,4,ATL,1,7,1,N,1
777960,2025-05-12,2025-05-12T22:10:00Z,Progressive Field,R,MIL,CLE,158,114,Freddy Peralta,Ben Lively,642547,594902,0,5,CLE,1,5,5,N,1
777926,2025-05-13,2025-05-14T01:40:00Z,T-Mobile Park,R,NYY,SEA,147,136,Max Fried,Bryan Woo,608331,693433,1,2,SEA,1,3,1,N,1
777930,2025-05-13,2025-05-14T01:45:00Z,Oracle Park,R,AZ,SF,109,137,Brandon Pfaadt,Robbie Ray,694297,592662,6,10,SF,1,16,4,N,1
777931,2025-05-13,2025-05-14T00:10:00Z,Daikin Park,R,KC,HOU,118,117,Kris Bubic,Framber Valdez,663460,664285,1,2,HOU,1,3,1,N,1
777932,2025-05-13,2025-05-14T01:40:00Z,Petco Park,R,LAA,SD,108,135,José Soriano,Dylan Cease,667755,656302,4,6,SD,1,10,2,N,1
777934,2025-05-13,2025-05-14T00:05:00Z,Globe Life Field,R,COL,TEX,115,140,Kyle Freeland,Jack Leiter,607536,683004,1,4,TEX,1,5,3,N,1
777935,2025-05-13,2025-05-13T23:07:00Z,Rogers Centre,R,TB,TOR,139,141,Shane Baz,José Berríos,669358,621244,11,9,TB,0,20,2,N,1
777936,2025-05-13,2025-05-13T23:40:00Z,Wrigley Field,R,MIA,CHC,146,112,Valente Bellozo,Ben Brown,678368,676962,4,5,CHC,1,9,1,N,1
777937,2025-05-13,2025-05-14T02:10:00Z,Dodger Stadium,R,ATH,LAD,133,119,Jeffrey Springs,Landon Knack,605488,689017,11,1,ATH,0,12,10,N,1
777940,2025-05-13,2025-05-13T22:40:00Z,Comerica Park,R,BOS,DET,111,116,Brayan Bello,Tyler Holton,678394,663947,9,10,DET,1,19,1,N,1
777942,2025-05-13,2025-05-13T23:15:00Z,Truist Park,R,WSH,ATL,120,144,Michael Soroka,Spencer Schwellenbach,647336,680885,2,5,ATL,1,7,3,N,1
777943,2025-05-13,2025-05-13T23:10:00Z,Citi Field,R,PIT,NYM,134,121,Mitch Keller,Kodai Senga,656605,673540,1,2,NYM,1,3,1,N,1
777944,2025-05-13,2025-05-13T22:10:00Z,Progressive Field,R,MIL,CLE,158,114,Quinn Priester,Logan Allen,682990,671106,0,2,CLE,1,2,2,N,1
777945,2025-05-13,2025-05-13T22:40:00Z,Great American Ball Park,R,CWS,CIN,145,113,Jonathan Cannon,Andrew Abbott,686563,671096,5,1,CWS,0,6,4,N,1
777914,2025-05-14,2025-05-15T01:40:00Z,Petco Park,R,LAA,SD,108,135,Kyle Hendricks,Randy Vásquez,543294,681190,1,5,SD,1,6,4,N,1
777915,2025-05-14,2025-05-14T20:10:00Z,T-Mobile Park,R,NYY,SEA,147,136,Will Warren,Luis Castillo,701542,622491,3,2,NYY,0,5,1,N,1
777916,2025-05-14,2025-05-14T19:45:00Z,Oracle Park,R,AZ,SF,109,137,Eduardo Rodriguez,Jordan Hicks,593958,663855,8,7,AZ,0,15,1,N,1
777917,2025-05-14,2025-05-15T02:10:00Z,Dodger Stadium,R,ATH,LAD,133,119,Gunnar Hoglund,Yoshinobu Yamamoto,680684,808967,3,9,LAD,1,12,6,N,1
777918,2025-05-14,2025-05-15T00:05:00Z,Globe Life Field,R,COL,TEX,115,140,Antonio Senzatela,Patrick Corbin,622608,571578,3,8,TEX,1,11,5,N,1
777919,2025-05-14,2025-05-14T23:10:00Z,Citi Field,R,PIT,NYM,134,121,Bailey Falter,Clay Holmes,663559,605280,4,0,PIT,0,4,4,N,1
777920,2025-05-14,2025-05-15T00:10:00Z,Daikin Park,R,KC,HOU,118,117,Michael Lorenzen,Colton Gordon,547179,676467,3,4,HOU,1,7,1,N,1
777921,2025-05-14,2025-05-14T23:40:00Z,Wrigley Field,R,MIA,CHC,146,112,Ryan Weathers,Jameson Taillon,677960,592791,3,1,MIA,0,4,2,N,1
777922,2025-05-14,2025-05-14T17:05:00Z,Citizens Bank Park,R,STL,PHI,138,143,Erick Fedde,Jesús Luzardo,607200,666200,1,2,PHI,1,3,1,S,1
777923,2025-05-14,2025-05-14T23:07:00Z,Rogers Centre,R,TB,TOR,139,141,Ryan Pepiot,Chris Bassitt,686752,605135,1,3,TOR,1,4,2,N,1
777924,2025-05-14,2025-05-14T16:05:00Z,Oriole Park at Camden Yards,R,MIN,BAL,142,110,Bailey Ober,Dean Kremer,641927,665152,6,3,MIN,0,9,3,Y,1
777925,2025-05-14,2025-05-14T17:10:00Z,Progressive Field,R,MIL,CLE,158,114,Logan Henderson,Gavin Williams,701656,668909,9,5,MIL,0,14,4,N,1
777927,2025-05-14,2025-05-14T22:40:00Z,Comerica Park,R,BOS,DET,111,116,Hunter Dobbins,Tarik Skubal,690928,669373,5,6,DET,1,11,1,N,1
777928,2025-05-14,2025-05-14T23:14:00Z,Great American Ball Park,R,CWS,CIN,145,113,Davis Martin,Nick Lodolo,663436,666157,4,2,CWS,0,6,2,N,1
777929,2025-05-14,2025-05-14T23:15:00Z,Truist Park,R,WSH,ATL,120,144,Mitchell Parker,Bryce Elder,680730,693821,5,4,WSH,0,9,1,N,1
777933,2025-05-14,2025-05-14T22:15:00Z,Citizens Bank Park,R,STL,PHI,138,143,Sonny Gray,Aaron Nola,543243,605400,14,7,STL,0,21,7,S,2
777938,2025-05-14,2025-05-14T16:10:00Z,Oriole Park at Camden Yards,R,MIN,BAL,142,110,Simeon Woods Richardson,Chayce McDermott,680573,694646,8,6,MIN,0,14,2,Y,2
777909,2025-05-15,2025-05-15T16:15:00Z,Truist Park,R,WSH,ATL,120,144,Trevor Williams,AJ Smith-Shawver,592866,700363,2,5,ATL,1,7,3,N,1
777910,2025-05-15,2025-05-16T00:05:00Z,Globe Life Field,R,HOU,TEX,117,140,Hunter Brown,Jacob deGrom,686613,594798,0,1,TEX,1,1,1,N,1
777911,2025-05-15,2025-05-15T16:35:00Z,Oriole Park at Camden Yards,R,MIN,BAL,142,110,Chris Paddack,Tomoyuki Sugano,663978,608372,4,0,MIN,0,4,4,N,1
777912,2025-05-15,2025-05-15T16:40:00Z,Great American Ball Park,R,CWS,CIN,145,113,Bryse Wilson,Nick Martinez,669060,607259,1,7,CIN,1,8,6,N,1
777913,2025-05-15,2025-05-15T19:07:00Z,Rogers Centre,R,TB,TOR,139,141,Zack Littell,Kevin Gausman,641793,592332,8,3,TB,0,11,5,N,1
777946,2025-05-15,2025-05-16T02:10:00Z,Dodger Stadium,R,ATH,LAD,133,119,Osvaldo Bido,Matt Sauer,674370,669422,2,19,LAD,1,21,17,N,1
777891,2025-05-16,2025-05-17T02:15:00Z,Oracle Park,R,ATH,SF,133,137,JP Sears,Logan Webb,676664,657277,1,9,SF,1,10,8,N,1
777895,2025-05-16,2025-05-17T00:05:00Z,Globe Life Field,R,HOU,TEX,117,140,Lance McCullers Jr.,Nathan Eovaldi,621121,543135,6,3,HOU,0,9,3,N,1
777896,2025-05-16,2025-05-17T01:40:00Z,Petco Park,R,SEA,SD,136,135,Logan Evans,Stephen Kolek,688138,663568,5,1,SEA,0,6,4,N,1
777897,2025-05-16,2025-05-17T01:40:00Z,Chase Field,R,COL,AZ,115,109,Carson Palmquist,Corbin Burnes,687223,669203,0,8,AZ,1,8,8,N,1
777898,2025-05-16,2025-05-17T00:10:00Z,American Family Field,R,MIN,MIL,142,158,Joe Ryan,Chad Patrick,657746,694477,3,0,MIN,0,3,3,N,1
777899,2025-05-16,2025-05-17T02:10:00Z,Dodger Stadium,R,LAA,LAD,108,119,Jack Kochanowicz,Dustin May,686799,669160,6,2,LAA,0,8,4,N,1
777900,2025-05-16,2025-05-16T18:20:00Z,Wrigley Field,R,CWS,CHC,145,112,Shane Smith,Cade Horton,681343,690990,3,13,CHC,1,16,10,N,1
777901,2025-05-16,2025-05-16T23:40:00Z,Kauffman Stadium,R,STL,KC,138,118,Andre Pallante,Cole Ragans,669467,666142,10,3,STL,0,13,7,N,1
777902,2025-05-16,2025-05-16T21:10:00Z,Great American Ball Park,R,CLE,CIN,114,113,Tanner Bibee,Brady Singer,676440,663903,4,5,CIN,1,9,1,N,1
777903,2025-05-16,2025-05-16T23:10:00Z,loanDepot park,R,TB,MIA,139,146,Taj Bradley,Max Meyer,671737,676974,4,9,MIA,1,13,5,N,1
777904,2025-05-16,2025-05-16T23:05:00Z,Yankee Stadium,R,NYM,NYY,121,147,Tylor Megill,Carlos Rodón,656731,607074,2,6,NYY,1,8,4,N,1
777905,2025-05-16,2025-05-16T22:45:00Z,Citizens Bank Park,R,PIT,PHI,134,143,Andrew Heaney,Ranger Suarez,571760,624133,4,8,PHI,1,12,4,N,1
777906,2025-05-16,2025-05-16T23:07:00Z,Rogers Centre,R,DET,TOR,116,141,Jack Flaherty,Bowden Francis,656427,670102,5,4,DET,0,9,1,N,1
777907,2025-05-16,2025-05-16T23:05:00Z,Oriole Park at Camden Yards,R,WSH,BAL,120,110,MacKenzie Gore,Cade Povich,669022,700249,4,3,WSH,0,7,1,N,1
777908,2025-05-16,2025-05-16T23:10:00Z,Fenway Park,R,ATL,BOS,144,111,Chris Sale,Garrett Crochet,519242,676979,4,2,ATL,0,6,2,N,1
777875,2025-05-17,2025-05-18T00:40:00Z,Petco Park,R,SEA,SD,136,135,Emerson Hancock,Nick Pivetta,676106,601713,4,1,SEA,0,5,3,N,1
777879,2025-05-17,2025-05-18T01:05:00Z,Oracle Park,R,ATH,SF,133,137,Luis Severino,Landen Roupp,622663,694738,0,1,SF,1,1,1,N,1
777881,2025-05-17,2025-05-17T18:20:00Z,Wrigley Field,R,CWS,CHC,145,112,Sean Burke,Matthew Boyd,680732,571510,3,7,CHC,1,10,4,N,1
777882,2025-05-17,2025-05-17T23:05:00Z,Globe Life Field,R,HOU,TEX,117,140,Ronel Blanco,Tyler Mahle,669854,641816,1,5,TEX,1,6,4,N,1
777883,2025-05-17,2025-05-17T23:15:00Z,American Family Field,R,MIN,MIL,142,158,Pablo López,Tobias Myers,641154,668964,7,0,MIN,0,7,7,N,1
777884,2025-05-17,2025-05-18T01:10:00Z,Dodger Stadium,R,LAA,LAD,108,119,Tyler Anderson,Clayton Kershaw,542881,477132,11,9,LAA,0,20,2,N,1
777885,2025-05-17,2025-05-17T23:10:00Z,Kauffman Stadium,R,STL,KC,138,118,Miles Mikolas,Noah Cameron,571945,702070,1,0,STL,0,1,1,N,1
777886,2025-05-17,2025-05-17T19:07:00Z,Rogers Centre,R,DET,TOR,116,141,Reese Olson,Eric Lauer,681857,641778,1,2,TOR,1,3,1,N,1
777887,2025-05-17,2025-05-18T00:10:00Z,Chase Field,R,COL,AZ,115,109,Germán Márquez,Zac Gallen,608566,668678,14,12,COL,0,26,2,N,1
777888,2025-05-17,2025-05-17T17:05:00Z,Yankee Stadium,R,NYM,NYY,121,147,Griffin Canning,Clarke Schmidt,656288,657376,3,2,NYM,0,5,1,N,1
777889,2025-05-17,2025-05-17T20:10:00Z,loanDepot park,R,TB,MIA,139,146,Drew Rasmussen,Sandy Alcantara,656876,645261,4,0,TB,0,4,4,N,1
777890,2025-05-17,2025-05-17T20:05:00Z,Oriole Park at Camden Yards,R,WSH,BAL,120,110,Jake Irvin,Kyle Gibson,663623,502043,10,6,WSH,0,16,4,N,1
777892,2025-05-17,2025-05-17T22:40:00Z,Great American Ball Park,R,CLE,CIN,114,113,Slade Cecconi,Brent Suter,677944,608718,1,4,CIN,1,5,3,N,1
777893,2025-05-17,2025-05-17T23:15:00Z,Fenway Park,R,ATL,BOS,144,111,Grant Holmes,Lucas Giolito,656550,608337,6,7,BOS,1,13,1,N,1
777894,2025-05-17,2025-05-17T22:05:00Z,Citizens Bank Park,R,PIT,PHI,134,143,Carmen Mlodzinski,Zack Wheeler,669387,554430,2,5,PHI,1,7,3,N,1
777864,2025-05-18,2025-05-18T18:10:00Z,Kauffman Stadium,R,STL,KC,138,118,Matthew Liberatore,Michael Wacha,669461,608379,1,2,KC,1,3,1,N,1
777865,2025-05-18,2025-05-18T18:10:00Z,American Family Field,R,MIN,MIL,142,158,Zebby Matthews,Freddy Peralta,805673,642547,2,5,MIL,1,7,3,N,1
777866,2025-05-18,2025-05-18T20:10:00Z,Dodger Stadium,R,LAA,LAD,108,119,Yusei Kikuchi,Tony Gonsolin,579328,664062,6,4,LAA,0,10,2,N,1
777867,2025-05-18,2025-05-18T20:05:00Z,Oracle Park,R,ATH,SF,133,137,Jeffrey Springs,Justin Verlander,605488,434378,2,3,SF,1,5,1,N,1
777868,2025-05-18,2025-05-18T20:10:00Z,Petco Park,R,SEA,SD,136,135,Bryan Woo,Michael King,693433,650633,6,1,SEA,0,7,5,N,1
777869,2025-05-18,2025-05-18T17:05:00Z,Globe Life Field,R,HOU,TEX,117,140,Framber Valdez,Jack Leiter,664285,683004,4,3,HOU,0,7,1,N,1
777870,2025-05-18,2025-05-18T20:10:00Z,Chase Field,R,COL,AZ,115,109,Chase Dollander,Merrill Kelly,801403,518876,0,1,AZ,1,1,1,N,1
777871,2025-05-18,2025-05-18T17:37:00Z,Rogers Centre,R,DET,TOR,116,141,Jackson Jobe,José Berríos,695549,621244,3,2,DET,0,5,1,N,1
777872,2025-05-18,2025-05-18T18:20:00Z,Wrigley Field,R,CWS,CHC,145,112,Jonathan Cannon,Colin Rea,686563,607067,2,6,CHC,1,8,4,N,1
777873,2025-05-18,2025-05-18T17:35:00Z,Oriole Park at Camden Yards,R,WSH,BAL,120,110,Michael Soroka,Zach Eflin,647336,621107,10,4,WSH,0,14,6,N,1
777874,2025-05-18,2025-05-18T17:40:00Z,Great American Ball Park,R,CLE,CIN,114,113,Luis Ortiz,Andrew Abbott,682847,671096,1,3,CIN,1,4,2,N,1
777876,2025-05-18,2025-05-18T17:35:00Z,Fenway Park,R,ATL,BOS,144,111,Spencer Schwellenbach,Brayan Bello,680885,678394,10,4,ATL,0,14,6,N,1
777877,2025-05-18,2025-05-18T17:40:00Z,loanDepot park,R,TB,MIA,139,146,Shane Baz,Cal Quantrill,669358,615698,1,5,MIA,1,6,4,N,1
777878,2025-05-18,2025-05-18T23:10:00Z,Yankee Stadium,R,NYM,NYY,121,147,David Peterson,Max Fried,656849,608331,2,8,NYY,1,10,6,N,1
777880,2025-05-18,2025-05-18T17:35:00Z,Citizens Bank Park,R,PIT,PHI,134,143,Paul Skenes,Mick Abel,694973,690953,0,1,PHI,1,1,1,N,1
777852,2025-05-19,2025-05-20T00:40:00Z,Coors Field,R,PHI,COL,143,115,Cristopher Sánchez,Kyle Freeland,650911,607536,9,3,PHI,0,12,6,N,1
777853,2025-05-19,2025-05-20T02:05:00Z,Sutter Health Park,R,LAA,ATH,108,133,José Soriano,J.T. Ginn,667755,669372,4,3,LAA,0,7,1,N,1
777854,2025-05-19,2025-05-20T02:10:00Z,Dodger Stadium,R,AZ,LAD,109,119,Brandon Pfaadt,Jack Dreyer,694297,676263,9,5,AZ,0,14,4,N,1
777855,2025-05-19,2025-05-20T01:45:00Z,Oracle Park,R,KC,SF,118,137,Kris Bubic,Robbie Ray,663460,592662,3,1,KC,0,4,2,N,1
777856,2025-05-19,2025-05-19T22:45:00Z,Fenway Park,R,NYM,BOS,121,111,Kodai Senga,Hunter Dobbins,673540,690928,1,3,BOS,1,4,2,N,1
777857,2025-05-19,2025-05-19T23:40:00Z,Rate Field,R,SEA,CWS,136,145,Luis Castillo,Davis Martin,622491,663436,5,1,SEA,0,6,4,N,1
777858,2025-05-19,2025-05-19T23:05:00Z,George M. Steinbrenner Field,R,HOU,TB,117,139,Colton Gordon,Ryan Pepiot,676467,686752,4,3,HOU,0,7,1,N,1
777859,2025-05-19,2025-05-19T22:40:00Z,PNC Park,R,CIN,PIT,113,134,Nick Lodolo,Mitch Keller,666157,656605,7,1,CIN,0,8,6,N,1
777860,2025-05-19,2025-05-19T23:40:00Z,American Family Field,R,BAL,MIL,110,158,Dean Kremer,Rob Zastryzny,665152,642239,4,5,MIL,1,9,1,N,1
777861,2025-05-19,2025-05-21T17:10:00Z,Target Field,R,CLE,MIN,114,142,,Joe Ryan,,657746,5,6,MIN,1,11,1,N,1
777862,2025-05-19,2025-05-19T23:45:00Z,Busch Stadium,R,DET,STL,116,138,Sean Guenther,Sonny Gray,674944,543243,4,11,STL,1,15,7,N,1
777863,2025-05-19,2025-05-19T22:40:00Z,loanDepot park,R,CHC,MIA,112,146,Ben Brown,Edward Cabrera,676962,665795,7,8,MIA,1,15,1,N,1
777836,2025-05-20,2025-05-21T01:45:00Z,Oracle Park,R,KC,SF,118,137,Michael Lorenzen,Hayden Birdsong,547179,806185,2,3,SF,1,5,1,N,1
777838,2025-05-20,2025-05-21T02:10:00Z,Dodger Stadium,R,AZ,LAD,109,119,Ryne Nelson,Yoshinobu Yamamoto,669194,808967,3,4,LAD,1,7,1,N,1
777840,2025-05-20,2025-05-20T23:45:00Z,Busch Stadium,R,DET,STL,116,138,Tarik Skubal,Erick Fedde,669373,607200,5,4,DET,0,9,1,N,1
777841,2025-05-20,2025-05-20T22:45:00Z,Nationals Park,R,ATL,WSH,144,120,Spencer Strider,Mitchell Parker,675911,680730,3,5,WSH,1,8,2,N,1
777842,2025-05-20,2025-05-21T00:40:00Z,Coors Field,R,PHI,COL,143,115,Jesús Luzardo,Antonio Senzatela,666200,622608,7,4,PHI,0,11,3,N,1
777843,2025-05-20,2025-05-21T02:05:00Z,Sutter Health Park,R,LAA,ATH,108,133,Kyle Hendricks,Gunnar Hoglund,543294,680684,7,5,LAA,0,12,2,N,1
777844,2025-05-20,2025-05-20T23:40:00Z,American Family Field,R,BAL,MIL,110,158,Keegan Akin,Logan Henderson,669211,701656,2,5,MIL,1,7,3,N,1
777845,2025-05-20,2025-05-20T23:07:00Z,Rogers Centre,R,SD,TOR,135,141,Dylan Cease,Chris Bassitt,656302,605135,0,3,TOR,1,3,3,N,1
777846,2025-05-20,2025-05-20T23:40:00Z,Rate Field,R,SEA,CWS,136,145,Casey Legumina,Adrian Houser,668984,605288,0,1,CWS,1,1,1,N,1
777847,2025-05-20,2025-05-20T22:40:00Z,PNC Park,R,CIN,PIT,113,134,Nick Martinez,Bailey Falter,607259,663559,0,1,PIT,1,1,1,N,1
777848,2025-05-20,2025-05-20T23:05:00Z,George M. Steinbrenner Field,R,HOU,TB,117,139,Brandon Walter,Zack Littell,687888,641793,2,3,TB,1,5,1,N,1
777849,2025-05-20,2025-05-20T23:05:00Z,Yankee Stadium,R,TEX,NYY,140,147,Patrick Corbin,Will Warren,571578,701542,2,5,NYY,1,7,3,N,1
777850,2025-05-20,2025-05-20T22:40:00Z,loanDepot park,R,CHC,MIA,112,146,Jameson Taillon,Ryan Weathers,592791,677960,14,1,CHC,0,15,13,N,1
777851,2025-05-20,2025-05-20T22:45:00Z,Fenway Park,R,NYM,BOS,121,111,Clay Holmes,Walker Buehler,605280,621111,0,2,BOS,1,2,2,N,1
777819,2025-05-21,2025-05-21T19:45:00Z,Oracle Park,R,KC,SF,118,137,Daniel Lynch IV,Logan Webb,663738,657277,8,4,KC,0,12,4,N,1
777823,2025-05-21,2025-05-22T00:40:00Z,Coors Field,R,PHI,COL,143,115,Taijuan Walker,Carson Palmquist,592836,687223,9,5,PHI,0,14,4,N,1
777824,2025-05-21,2025-05-22T02:10:00Z,Dodger Stadium,R,AZ,LAD,109,119,Corbin Burnes,Dustin May,669203,669160,1,3,LAD,1,4,2,N,1
777826,2025-05-21,2025-05-21T17:10:00Z,American Family Field,R,BAL,MIL,110,158,Tomoyuki Sugano,Chad Patrick,608372,694477,8,4,BAL,0,12,4,N,1
777827,2025-05-21,2025-05-21T17:15:00Z,Busch Stadium,R,DET,STL,116,138,Brant Hurter,Andre Pallante,676428,669467,5,1,DET,0,6,4,N,1
777828,2025-05-21,2025-05-22T02:05:00Z,Sutter Health Park,R,LAA,ATH,108,133,Jack Kochanowicz,JP Sears,686799,676664,10,5,LAA,0,15,5,N,1
777829,2025-05-21,2025-05-21T19:55:00Z,Target Field,R,CLE,MIN,114,142,Gavin Williams,Chris Paddack,668909,663978,5,1,CLE,0,6,4,N,1
777830,2025-05-21,2025-05-21T18:10:00Z,Rate Field,R,SEA,CWS,136,145,Logan Evans,Shane Smith,688138,681343,6,5,SEA,0,11,1,N,1
777831,2025-05-21,2025-05-21T22:45:00Z,Fenway Park,R,NYM,BOS,121,111,Tylor Megill,Garrett Crochet,656731,676979,5,1,NYM,0,6,4,N,1
777832,2025-05-21,2025-05-21T17:10:00Z,George M. Steinbrenner Field,R,HOU,TB,117,139,Hunter Brown,Taj Bradley,686613,671737,4,8,TB,1,12,4,N,1
777833,2025-05-21,2025-05-21T17:10:00Z,loanDepot park,R,CHC,MIA,112,146,Cade Horton,Max Meyer,690990,676974,2,1,CHC,0,3,1,N,1
777834,2025-05-21,2025-05-21T16:35:00Z,PNC Park,R,CIN,PIT,113,134,Brady Singer,Andrew Heaney,663903,571760,1,3,PIT,1,4,2,N,1
777835,2025-05-21,2025-05-21T23:05:00Z,Yankee Stadium,R,TEX,NYY,140,147,Jacob deGrom,Ryan Yarbrough,594798,642232,3,4,NYY,1,7,1,N,1
777837,2025-05-21,2025-05-21T23:07:00Z,Rogers Centre,R,SD,TOR,135,141,Randy Vásquez,Kevin Gausman,681190,592332,0,14,TOR,1,14,14,N,1
777812,2025-05-22,2025-05-22T19:35:00Z,Sutter Health Park,R,LAA,ATH,108,133,Tyler Anderson,Luis Severino,542881,622663,10,5,LAA,0,15,5,N,1
777814,2025-05-22,2025-05-22T22:40:00Z,PNC Park,R,MIL,PIT,158,134,Aaron Civale,Mike Burrows,650644,681347,8,5,MIL,0,13,3,N,1
777816,2025-05-22,2025-05-22T17:07:00Z,Rogers Centre,R,SD,TOR,135,141,Stephen Kolek,Bowden Francis,663568,670102,6,7,TOR,1,13,1,N,1
777817,2025-05-22,2025-05-22T19:10:00Z,Coors Field,R,PHI,COL,143,115,Ranger Suarez,Germán Márquez,624133,608566,2,0,PHI,0,2,2,N,1
777818,2025-05-22,2025-05-22T16:35:00Z,Yankee Stadium,R,TEX,NYY,140,147,Nathan Eovaldi,Carlos Rodón,543135,607074,0,1,NYY,1,1,1,N,1
777820,2025-05-22,2025-05-22T22:45:00Z,Nationals Park,R,ATL,WSH,144,120,AJ Smith-Shawver,Trevor Williams,700363,592866,7,8,WSH,1,15,1,N,1
777821,2025-05-22,2025-05-22T22:40:00Z,Comerica Park,R,CLE,DET,114,116,Tanner Bibee,Jack Flaherty,676440,656427,7,0,CLE,0,7,7,N,1
777822,2025-05-22,2025-05-23T00:10:00Z,Daikin Park,R,SEA,HOU,136,117,George Kirby,Lance McCullers Jr.,669923,621121,2,9,HOU,1,11,7,N,1
777797,2025-05-23,2025-05-24T00:15:00Z,Busch Stadium,R,AZ,STL,109,138,Zac Gallen,Miles Mikolas,668678,571945,3,4,STL,1,7,1,N,1
777798,2025-05-23,2025-05-24T01:38:00Z,Angel Stadium,R,MIA,LAA,146,108,Sandy Alcantara,Yusei Kikuchi,645261,579328,4,7,LAA,1,11,3,N,1
777799,2025-05-23,2025-05-24T00:10:00Z,Target Field,R,KC,MIN,118,142,Noah Cameron,Pablo López,702070,641154,1,3,MIN,1,4,2,N,1
777800,2025-05-23,2025-05-24T00:10:00Z,Daikin Park,R,SEA,HOU,136,117,Emerson Hancock,Ryan Gusto,676106,687473,5,3,SEA,0,8,2,N,1
777801,2025-05-23,2025-05-23T22:45:00Z,Nationals Park,R,SF,WSH,137,120,Landen Roupp,MacKenzie Gore,694738,669022,4,0,SF,0,4,4,N,1
777802,2025-05-23,2025-05-24T00:40:00Z,Coors Field,R,NYY,COL,147,115,Clarke Schmidt,Tanner Gordon,657376,685299,2,3,COL,1,5,1,N,1
777804,2025-05-23,2025-05-24T02:05:00Z,Sutter Health Park,R,PHI,ATH,143,133,Zack Wheeler,Jacob Lopez,554430,682052,4,3,PHI,0,7,1,N,1
777805,2025-05-23,2025-05-23T23:40:00Z,Rate Field,R,TEX,CWS,140,145,Tyler Mahle,Sean Burke,641816,680732,1,4,CWS,1,5,3,N,1
777806,2025-05-23,2025-05-23T22:40:00Z,PNC Park,R,MIL,PIT,158,134,Freddy Peralta,Paul Skenes,642547,694973,5,6,PIT,1,11,1,N,1
777807,2025-05-23,2025-05-23T23:10:00Z,Comerica Park,R,CLE,DET,114,116,Slade Cecconi,Jackson Jobe,677944,695549,3,1,CLE,0,4,2,N,1
777808,2025-05-23,2025-05-23T23:10:00Z,Citi Field,R,LAD,NYM,119,121,Clayton Kershaw,Griffin Canning,477132,656288,7,5,LAD,0,12,2,N,1
777810,2025-05-23,2025-05-23T23:05:00Z,George M. Steinbrenner Field,R,TOR,TB,141,139,Eric Lauer,Drew Rasmussen,641778,656876,1,3,TB,1,4,2,N,1
777811,2025-05-23,2025-05-23T22:40:00Z,Great American Ball Park,R,CHC,CIN,112,113,Matthew Boyd,Hunter Greene,571510,668881,13,6,CHC,0,19,7,N,1
777813,2025-05-23,2025-05-23T23:15:00Z,Truist Park,R,SD,ATL,135,144,Nick Pivetta,Chris Sale,601713,519242,2,1,SD,0,3,1,N,1
777815,2025-05-23,2025-05-23T17:35:00Z,Fenway Park,R,BAL,BOS,110,111,Cade Povich,Brayan Bello,700249,678394,5,19,BOS,1,24,14,S,1
777781,2025-05-24,2025-05-25T02:07:00Z,Angel Stadium,R,MIA,LAA,146,108,Cal Quantrill,José Soriano,615698,667755,6,2,MIA,0,8,4,N,1
777782,2025-05-24,2025-05-24T20:10:00Z,Coors Field,R,NYY,COL,147,115,Max Fried,Kyle Freeland,608331,607536,13,1,NYY,0,14,12,N,1
777784,2025-05-24,2025-05-25T02:05:00Z,Sutter Health Park,R,PHI,ATH,143,133,Cristopher Sánchez,Jeffrey Springs,650911,605488,9,6,PHI,0,15,3,N,1
777786,2025-05-24,2025-05-24T18:15:00Z,Busch Stadium,R,AZ,STL,109,138,Merrill Kelly,Matthew Liberatore,518876,669461,5,6,STL,1,11,1,N,1
777787,2025-05-24,2025-05-24T20:10:00Z,Daikin Park,R,SEA,HOU,136,117,Bryan Woo,Framber Valdez,693433,664285,1,2,HOU,1,3,1,N,1
777788,2025-05-24,2025-05-24T18:10:00Z,Target Field,R,KC,MIN,118,142,Michael Wacha,Zebby Matthews,608379,805673,4,5,MIN,1,9,1,N,1
777789,2025-05-24,2025-05-24T23:15:00Z,Citi Field,R,LAD,NYM,119,121,Tony Gonsolin,David Peterson,664062,656849,2,5,NYM,1,7,3,N,1
777790,2025-05-24,2025-05-24T22:35:00Z,Fenway Park,R,BAL,BOS,110,111,Trevor Rogers,Lucas Giolito,669432,608337,2,1,BAL,0,3,1,S,2
777791,2025-05-24,2025-05-24T20:10:00Z,Great American Ball Park,R,CHC,CIN,112,113,Colin Rea,Andrew Abbott,607067,671096,4,6,CIN,1,10,2,N,1
777792,2025-05-24,2025-05-24T20:10:00Z,Rate Field,R,TEX,CWS,140,145,Jack Leiter,Bryse Wilson,683004,669060,5,10,CWS,1,15,5,N,1
777793,2025-05-24,2025-05-24T20:05:00Z,Nationals Park,R,SF,WSH,137,120,Kyle Harrison,Jake Irvin,690986,663623,0,3,WSH,1,3,3,N,1
777794,2025-05-24,2025-05-24T20:05:00Z,PNC Park,R,MIL,PIT,158,134,Quinn Priester,Mitch Keller,682990,656605,1,2,PIT,1,3,1,N,1
777795,2025-05-24,2025-05-24T23:05:00Z,George M. Steinbrenner Field,R,TOR,TB,141,139,José Berríos,Shane Baz,621244,669358,1,3,TB,1,4,2,N,1
777796,2025-05-24,2025-05-24T23:15:00Z,Comerica Park,R,CLE,DET,114,116,Luis Ortiz,Casey Mize,682847,663554,7,5,CLE,0,12,2,N,1
777803,2025-05-24,2025-05-24T20:10:00Z,Truist Park,R,SD,ATL,135,144,Sean Reynolds,Grant Holmes,669308,656550,1,7,ATL,1,8,6,N,1
777809,2025-05-24,2025-05-24T17:05:00Z,Fenway Park,R,BAL,BOS,110,111,Zach Eflin,Hunter Dobbins,621107,690928,5,6,BOS,1,11,1,S,1
777765,2025-05-25,2025-05-25T20:05:00Z,Sutter Health Park,R,PHI,ATH,143,133,Jesús Luzardo,Gunnar Hoglund,666200,680684,4,5,ATH,1,9,1,N,1
777766,2025-05-25,2025-05-25T18:15:00Z,Busch Stadium,R,AZ,STL,109,138,Brandon Pfaadt,Sonny Gray,694297,543243,3,4,STL,1,7,1,N,1
777767,2025-05-25,2025-05-25T20:07:00Z,Angel Stadium,R,MIA,LAA,146,108,Edward Cabrera,Kyle Hendricks,665795,543294,3,0,MIA,0,3,3,N,1
777768,2025-05-25,2025-05-25T19:10:00Z,Coors Field,R,NYY,COL,147,115,Will Warren,Antonio Senzatela,701542,622608,5,4,NYY,0,9,1,N,1
777772,2025-05-25,2025-05-25T18:10:00Z,Target Field,R,KC,MIN,118,142,Kris Bubic,Bailey Ober,663460,641927,2,1,KC,0,3,1,N,1
777773,2025-05-25,2025-05-25T23:10:00Z,Citi Field,R,LAD,NYM,119,121,Landon Knack,Kodai Senga,689017,673540,1,3,NYM,1,4,2,N,1
777774,2025-05-25,2025-05-25T18:10:00Z,Daikin Park,R,SEA,HOU,136,117,Luis Castillo,Colton Gordon,622491,676467,3,5,HOU,1,8,2,N,1
777775,2025-05-25,2025-05-25T17:40:00Z,George M. Steinbrenner Field,R,TOR,TB,141,139,Chris Bassitt,Ryan Pepiot,605135,686752,0,13,TB,1,13,13,N,1
777776,2025-05-25,2025-05-25T17:35:00Z,PNC Park,R,MIL,PIT,158,134,Logan Henderson,Bailey Falter,701656,663559,6,5,MIL,0,11,1,N,1
777777,2025-05-25,2025-05-25T18:10:00Z,Rate Field,R,TEX,CWS,140,145,Patrick Corbin,Davis Martin,571578,663436,5,4,TEX,0,9,1,N,1
777778,2025-05-25,2025-05-25T17:35:00Z,Nationals Park,R,SF,WSH,137,120,Robbie Ray,Michael Soroka,592662,647336,3,2,SF,0,5,1,N,1
777779,2025-05-25,2025-05-25T17:40:00Z,Great American Ball Park,R,CHC,CIN,112,113,Ben Brown,Nick Lodolo,676962,666157,11,8,CHC,0,19,3,N,1
777780,2025-05-25,2025-05-25T15:35:00Z,Comerica Park,R,CLE,DET,114,116,Logan Allen,Tarik Skubal,671106,669373,0,5,DET,1,5,5,N,1
777783,2025-05-25,2025-05-25T20:10:00Z,Truist Park,R,SD,ATL,135,144,Dylan Cease,Spencer Schwellenbach,656302,680885,5,3,SD,0,8,2,N,1
777785,2025-05-25,2025-05-25T17:35:00Z,Fenway Park,R,BAL,BOS,110,111,Dean Kremer,Walker Buehler,665152,621111,5,1,BAL,0,6,4,N,1
777756,2025-05-26,2025-05-27T00:40:00Z,Petco Park,R,MIA,SD,146,135,Ryan Weathers,Randy Vásquez,677960,681190,3,4,SD,1,7,1,N,1
777757,2025-05-26,2025-05-26T18:20:00Z,Wrigley Field,R,COL,CHC,115,112,Carson Palmquist,Jameson Taillon,687223,592791,1,3,CHC,1,4,2,N,1
777758,2025-05-26,2025-05-26T20:10:00Z,Citi Field,R,CWS,NYM,145,121,Adrian Houser,Clay Holmes,605288,605280,1,2,NYM,1,3,1,N,1
777759,2025-05-26,2025-05-26T20:05:00Z,Globe Life Field,R,TOR,TEX,141,140,Kevin Gausman,Jacob deGrom,592332,594798,2,1,TOR,0,3,1,N,1
777760,2025-05-26,2025-05-26T20:10:00Z,Kauffman Stadium,R,CIN,KC,113,118,Nick Martinez,Michael Lorenzen,607259,547179,7,4,CIN,0,11,3,N,1
777761,2025-05-26,2025-05-27T00:10:00Z,Chase Field,R,PIT,AZ,134,109,Andrew Heaney,Ryne Nelson,571760,669194,0,5,AZ,1,5,5,N,1
777762,2025-05-26,2025-05-26T23:05:00Z,George M. Steinbrenner Field,R,MIN,TB,142,139,Chris Paddack,Zack Littell,663978,641793,2,7,TB,1,9,5,N,1
777763,2025-05-26,2025-05-27T01:38:00Z,Angel Stadium,R,NYY,LAA,147,108,Ryan Yarbrough,Jack Kochanowicz,642232,686799,5,1,NYY,0,6,4,N,1
777764,2025-05-26,2025-05-26T18:10:00Z,American Family Field,R,BOS,MIL,111,158,Garrett Crochet,Chad Patrick,676979,694477,2,3,MIL,1,5,1,N,1
777769,2025-05-26,2025-05-26T22:10:00Z,Progressive Field,R,LAD,CLE,119,114,Yoshinobu Yamamoto,Gavin Williams,808967,668909,7,2,LAD,0,9,5,N,1
777770,2025-05-26,2025-05-26T17:10:00Z,Comerica Park,R,SF,DET,137,116,Hayden Birdsong,Keider Montero,806185,672456,1,3,DET,1,4,2,N,1
777771,2025-05-26,2025-05-26T19:05:00Z,Oriole Park at Camden Yards,R,STL,BAL,138,110,Erick Fedde,Charlie Morton,607200,450203,2,5,BAL,1,7,3,N,1
777741,2025-05-27,2025-05-28T00:05:00Z,Globe Life Field,R,TOR,TEX,141,140,Bowden Francis,Nathan Eovaldi,670102,543135,0,2,TEX,1,2,2,N,1
777742,2025-05-27,2025-05-28T01:40:00Z,Petco Park,R,MIA,SD,146,135,Max Meyer,Stephen Kolek,676974,663568,6,8,SD,1,14,2,N,1
777743,2025-05-27,2025-05-28T01:40:00Z,T-Mobile Park,R,WSH,SEA,120,136,Mitchell Parker,Logan Evans,680730,688138,1,9,SEA,1,10,8,N,1
777744,2025-05-27,2025-05-28T01:40:00Z,Chase Field,R,PIT,AZ,134,109,Mike Burrows,Corbin Burnes,681347,669203,9,6,PIT,0,15,3,N,1
777745,2025-05-27,2025-05-28T01:38:00Z,Angel Stadium,R,NYY,LAA,147,108,Carlos Rodón,Tyler Anderson,607074,542881,3,2,NYY,0,5,1,N,1
777746,2025-05-27,2025-05-27T23:05:00Z,George M. Steinbrenner Field,R,MIN,TB,142,139,Joe Ryan,Taj Bradley,657746,671737,4,2,MIN,0,6,2,N,1
777747,2025-05-27,2025-05-27T23:40:00Z,American Family Field,R,BOS,MIL,111,158,Richard Fitts,Aaron Civale,690916,650644,1,5,MIL,1,6,4,N,1
777748,2025-05-27,2025-05-27T22:45:00Z,Citizens Bank Park,R,ATL,PHI,144,143,Spencer Strider,Ranger Suarez,675911,624133,0,2,PHI,1,2,2,N,1
777749,2025-05-27,2025-05-27T23:10:00Z,Citi Field,R,CWS,NYM,145,121,Jonathan Cannon,Tylor Megill,686563,656731,4,6,NYM,1,10,2,N,1
777750,2025-05-27,2025-05-27T23:40:00Z,Kauffman Stadium,R,CIN,KC,113,118,Brady Singer,Daniel Lynch IV,663903,663738,7,2,CIN,0,9,5,N,1
777751,2025-05-27,2025-05-28T00:05:00Z,Wrigley Field,R,COL,CHC,115,112,Germán Márquez,Cade Horton,608566,690990,3,4,CHC,1,7,1,N,1
777752,2025-05-27,2025-05-28T00:10:00Z,Daikin Park,R,ATH,HOU,133,117,JP Sears,Hunter Brown,676664,686613,1,11,HOU,1,12,10,N,1
777753,2025-05-27,2025-05-27T22:10:00Z,Progressive Field,R,LAD,CLE,119,114,Dustin May,Tanner Bibee,669160,676440,9,5,LAD,0,14,4,N,1
777754,2025-05-27,2025-05-27T22:35:00Z,Oriole Park at Camden Yards,R,STL,BAL,138,110,Andre Pallante,Tomoyuki Sugano,669467,608372,7,4,STL,0,11,3,N,1
777755,2025-05-27,2025-05-27T22:40:00Z,Comerica Park,R,SF,DET,137,116,Logan Webb,Jack Flaherty,657277,656427,1,3,DET,1,4,2,N,1
777724,2025-05-28,2025-05-29T00:05:00Z,Globe Life Field,R,TOR,TEX,141,140,Paxton Schultz,Tyler Mahle,687606,641816,2,0,TOR,0,2,2,N,1
777726,2025-05-28,2025-05-28T20:10:00Z,Petco Park,R,MIA,SD,146,135,Sandy Alcantara,Kyle Hart,645261,606996,10,8,MIA,0,18,2,N,1
777728,2025-05-28,2025-05-29T01:38:00Z,Angel Stadium,R,NYY,LAA,147,108,Clarke Schmidt,Yusei Kikuchi,657376,579328,1,0,NYY,0,1,1,N,1
777729,2025-05-28,2025-05-28T19:40:00Z,Chase Field,R,PIT,AZ,134,109,Paul Skenes,Zac Gallen,694973,668678,10,1,PIT,0,11,9,N,1
777730,2025-05-28,2025-05-29T01:40:00Z,T-Mobile Park,R,WSH,SEA,120,136,Trevor Williams,George Kirby,592866,669923,9,0,WSH,0,9,9,N,1
777731,2025-05-28,2025-05-29T00:05:00Z,Wrigley Field,R,COL,CHC,115,112,Tanner Gordon,Matthew Boyd,685299,571510,1,2,CHC,1,3,1,N,1
777732,2025-05-28,2025-05-28T17:10:00Z,George M. Steinbrenner Field,R,MIN,TB,142,139,Pablo López,Drew Rasmussen,641154,656876,0,5,TB,1,5,5,N,1
777733,2025-05-28,2025-05-28T23:40:00Z,Kauffman Stadium,R,CIN,KC,113,118,Hunter Greene,Noah Cameron,668881,702070,2,3,KC,1,5,1,N,1
777734,2025-05-28,2025-05-28T18:10:00Z,Daikin Park,R,ATH,HOU,133,117,Luis Severino,Lance McCullers Jr.,622663,621121,3,5,HOU,1,8,2,N,1
777736,2025-05-28,2025-05-28T17:10:00Z,American Family Field,R,BOS,MIL,111,158,Brayan Bello,Freddy Peralta,678394,642547,5,6,MIL,1,11,1,N,1
777737,2025-05-28,2025-05-28T17:10:00Z,Citi Field,R,CWS,NYM,145,121,Shane Smith,Griffin Canning,681343,656288,9,4,CWS,0,13,5,N,1
777738,2025-05-28,2025-05-28T17:10:00Z,Comerica Park,R,SF,DET,137,116,Landen Roupp,Jackson Jobe,694738,695549,3,4,DET,1,7,1,N,1
777739,2025-05-28,2025-05-28T17:10:00Z,Progressive Field,R,LAD,CLE,119,114,Clayton Kershaw,Kolby Allard,477132,663465,4,7,CLE,1,11,3,N,1
777740,2025-05-28,2025-05-28T22:35:00Z,Oriole Park at Camden Yards,R,STL,BAL,138,110,Miles Mikolas,Cade Povich,571945,700249,6,4,STL,0,10,2,N,1
777722,2025-05-29,2025-05-30T01:40:00Z,T-Mobile Park,R,WSH,SEA,120,136,MacKenzie Gore,Emerson Hancock,669022,676106,9,3,WSH,0,12,6,N,1
777723,2025-05-29,2025-05-29T22:45:00Z,Citizens Bank Park,R,ATL,PHI,144,143,Chris Sale,Zack Wheeler,519242,554430,9,3,ATL,0,12,6,S,2
777725,2025-05-29,2025-05-30T00:10:00Z,Daikin Park,R,TB,HOU,139,117,Shane Baz,Ryan Gusto,669358,687473,13,3,TB,0,16,10,N,1
777727,2025-05-29,2025-05-29T23:07:00Z,Rogers Centre,R,ATH,TOR,133,141,Jacob Lopez,José Berríos,682052,621244,0,12,TOR,1,12,12,N,1
777735,2025-05-29,2025-05-29T17:05:00Z,Citizens Bank Park,R,ATL,PHI,144,143,AJ Smith-Shawver,Cristopher Sánchez,700363,650911,4,5,PHI,1,9,1,S,1
777707,2025-05-30,2025-05-31T01:40:00Z,Petco Park,R,PIT,SD,134,135,Mitch Keller,Nick Pivetta,656605,601713,2,3,SD,1,5,1,N,1
777708,2025-05-30,2025-05-31T02:10:00Z,Dodger Stadium,R,NYY,LAD,147,119,Max Fried,Tony Gonsolin,608331,664062,5,8,LAD,1,13,3,N,1
777709,2025-05-30,2025-05-31T00:05:00Z,Globe Life Field,R,STL,TEX,138,140,Matthew Liberatore,Jack Leiter,669461,683004,1,11,TEX,1,12,10,N,1
777710,2025-05-30,2025-05-31T01:40:00Z,Chase Field,R,WSH,AZ,120,109,Jake Irvin,Merrill Kelly,663623,518876,9,7,WSH,0,16,2,N,1
777711,2025-05-30,2025-05-31T00:10:00Z,Kauffman Stadium,R,DET,KC,116,118,Casey Mize,Seth Lugo,663554,607625,7,5,DET,0,12,2,N,1
777712,2025-05-30,2025-05-30T18:20:00Z,Wrigley Field,R,CIN,CHC,113,112,Andrew Abbott,Colin Rea,671096,607067,6,2,CIN,0,8,4,N,1
777713,2025-05-30,2025-05-31T02:10:00Z,T-Mobile Park,R,MIN,SEA,142,136,Zebby Matthews,Bryan Woo,805673,693433,12,6,MIN,0,18,6,N,1
777714,2025-05-30,2025-05-31T00:10:00Z,Daikin Park,R,TB,HOU,139,117,Ryan Pepiot,Framber Valdez,686752,664285,1,2,HOU,1,3,1,N,1
777715,2025-05-30,2025-05-30T22:45:00Z,Citizens Bank Park,R,MIL,PHI,158,143,DL Hall,Taijuan Walker,669084,592836,6,2,MIL,0,8,4,N,1
777716,2025-05-30,2025-05-30T23:07:00Z,Rogers Centre,R,ATH,TOR,133,141,Jeffrey Springs,Chris Bassitt,605488,605135,7,11,TOR,1,18,4,N,1
777717,2025-05-30,2025-05-30T23:10:00Z,loanDepot park,R,SF,MIA,137,146,Kyle Harrison,Cal Quantrill,690986,615698,2,0,SF,0,2,2,N,1
777718,2025-05-30,2025-05-30T23:10:00Z,Citi Field,R,COL,NYM,115,121,Kyle Freeland,David Peterson,607536,656849,2,4,NYM,1,6,2,N,1
777719,2025-05-30,2025-05-30T23:15:00Z,Truist Park,R,BOS,ATL,111,144,Lucas Giolito,Grant Holmes,608337,656550,5,1,BOS,0,6,4,N,1
777720,2025-05-30,2025-05-30T20:30:00Z,Oriole Park at Camden Yards,R,CWS,BAL,145,110,Jared Shuster,Zach Eflin,694363,621107,1,2,BAL,1,3,1,N,1
777721,2025-05-30,2025-05-30T23:10:00Z,Progressive Field,R,LAA,CLE,108,114,José Soriano,Luis Ortiz,667755,682847,4,1,LAA,0,5,3,N,1
777691,2025-05-31,2025-06-01T01:40:00Z,Petco Park,R,PIT,SD,134,135,Bailey Falter,Dylan Cease,663559,656302,5,0,PIT,0,5,5,N,1
777693,2025-05-31,2025-05-31T20:10:00Z,Daikin Park,R,TB,HOU,139,117,Zack Littell,Colton Gordon,641793,676467,16,3,TB,0,19,13,N,1
777694,2025-05-31,2025-05-31T20:10:00Z,Kauffman Stadium,R,DET,KC,116,118,Tarik Skubal,Michael Wacha,669373,608379,0,1,KC,1,1,1,N,1
777695,2025-05-31,2025-05-31T23:15:00Z,T-Mobile Park,R,MIN,SEA,142,136,Bailey Ober,Bryce Miller,641927,682243,4,5,SEA,1,9,1,N,1
777696,2025-05-31,2025-06-01T02:10:00Z,Chase Field,R,WSH,AZ,120,109,Michael Soroka,Brandon Pfaadt,647336,694297,11,7,WSH,0,18,4,N,1
777697,2025-05-31,2025-05-31T20:05:00Z,Globe Life Field,R,STL,TEX,138,140,Sonny Gray,Patrick Corbin,543243,571578,2,0,STL,0,2,2,N,1
777698,2025-05-31,2025-05-31T23:15:00Z,Dodger Stadium,R,NYY,LAD,147,119,Will Warren,Landon Knack,701542,689017,2,18,LAD,1,20,16,N,1
777699,2025-05-31,2025-05-31T20:05:00Z,Oriole Park at Camden Yards,R,CWS,BAL,145,110,Davis Martin,Dean Kremer,663436,665152,2,4,BAL,1,6,2,N,1
777700,2025-05-31,2025-05-31T20:10:00Z,Citi Field,R,COL,NYM,115,121,Antonio Senzatela,Kodai Senga,622608,673540,2,8,NYM,1,10,6,N,1
777701,2025-05-31,2025-05-31T19:07:00Z,Rogers Centre,R,ATH,TOR,133,141,Gunnar Hoglund,Braydon Fisher,680684,680755,7,8,TOR,1,15,1,N,1
777702,2025-05-31,2025-05-31T20:05:00Z,Citizens Bank Park,R,MIL,PHI,158,143,Chad Patrick,Jesús Luzardo,694477,666200,17,7,MIL,0,24,10,N,1
777703,2025-05-31,2025-05-31T20:10:00Z,Progressive Field,R,LAA,CLE,108,114,Kyle Hendricks,Slade Cecconi,543294,677944,5,7,CLE,1,12,2,N,1
777704,2025-05-31,2025-05-31T18:20:00Z,Wrigley Field,R,CIN,CHC,113,112,Nick Lodolo,Drew Pomeranz,666157,519141,0,2,CHC,1,2,2,N,1
777705,2025-05-31,2025-05-31T20:10:00Z,loanDepot park,R,SF,MIA,137,146,Robbie Ray,Edward Cabrera,592662,665795,0,1,MIA,1,1,1,N,1
777706,2025-05-31,2025-05-31T20:10:00Z,Truist Park,R,BOS,ATL,111,144,Walker Buehler,Spencer Schwellenbach,621111,680885,0,5,ATL,1,5,5,N,1
777677,2025-06-01,2025-06-01T18:10:00Z,Kauffman Stadium,R,DET,KC,116,118,Keider Montero,Kris Bubic,672456,663460,1,0,DET,0,1,1,N,1
777678,2025-06-01,2025-06-01T17:05:00Z,Globe Life Field,R,STL,TEX,138,140,Erick Fedde,Jacob deGrom,607200,594798,1,8,TEX,1,9,7,N,1
777679,2025-06-01,2025-06-01T20:10:00Z,Chase Field,R,WSH,AZ,120,109,Mitchell Parker,Corbin Burnes,680730,669203,1,3,AZ,1,4,2,N,1
777680,2025-06-01,2025-06-01T20:10:00Z,T-Mobile Park,R,MIN,SEA,142,136,Chris Paddack,Luis Castillo,663978,622491,1,2,SEA,1,3,1,N,1
777681,2025-06-01,2025-06-01T21:10:00Z,Petco Park,R,PIT,SD,134,135,Andrew Heaney,Randy Vásquez,571760,681190,4,6,SD,1,10,2,N,1
777682,2025-06-01,2025-06-01T23:10:00Z,Dodger Stadium,R,NYY,LAD,147,119,Ryan Yarbrough,Yoshinobu Yamamoto,642232,808967,7,3,NYY,0,10,4,N,1
777683,2025-06-01,2025-06-01T17:40:00Z,Progressive Field,R,LAA,CLE,108,114,Jack Kochanowicz,Gavin Williams,686799,668909,2,4,CLE,1,6,2,N,1
777684,2025-06-01,2025-06-01T17:35:00Z,Oriole Park at Camden Yards,R,CWS,BAL,145,110,Adrian Houser,Charlie Morton,605288,450203,2,3,BAL,1,5,1,N,1
777685,2025-06-01,2025-06-01T17:37:00Z,Rogers Centre,R,ATH,TOR,133,141,JP Sears,Kevin Gausman,676664,592332,4,8,TOR,1,12,4,N,1
777686,2025-06-01,2025-06-01T17:40:00Z,Citi Field,R,COL,NYM,115,121,Carson Palmquist,Clay Holmes,687223,605280,3,5,NYM,1,8,2,N,1
777687,2025-06-01,2025-06-01T18:20:00Z,Wrigley Field,R,CIN,CHC,113,112,Nick Martinez,Jameson Taillon,607259,592791,3,7,CHC,1,10,4,N,1
777688,2025-06-01,2025-06-01T17:35:00Z,Citizens Bank Park,R,MIL,PHI,158,143,Jose Quintana,Ranger Suarez,500779,624133,5,2,MIL,0,7,3,N,1
777689,2025-06-01,2025-06-01T17:40:00Z,loanDepot park,R,SF,MIA,137,146,Hayden Birdsong,Ryan Weathers,806185,677960,4,2,SF,0,6,2,N,1
777690,2025-06-01,2025-06-01T18:10:00Z,Daikin Park,R,TB,HOU,139,117,Taj Bradley,Hunter Brown,671737,686613,0,1,HOU,1,1,1,N,1
777692,2025-06-01,2025-06-01T17:35:00Z,Truist Park,R,BOS,ATL,111,144,Garrett Crochet,Bryce Elder,676979,693821,3,1,BOS,0,4,2,N,1
777669,2025-06-02,2025-06-03T02:05:00Z,Sutter Health Park,R,MIN,ATH,142,133,Joe Ryan,Luis Severino,657746,622663,10,4,MIN,0,14,6,N,1
777670,2025-06-02,2025-06-02T23:10:00Z,Fenway Park,R,LAA,BOS,108,111,Tyler Anderson,Richard Fitts,542881,690916,7,6,LAA,0,13,1,N,1
777671,2025-06-02,2025-06-02T23:10:00Z,Great American Ball Park,R,MIL,CIN,158,113,Aaron Civale,Brady Singer,650644,663903,3,2,MIL,0,5,1,N,1
777673,2025-06-02,2025-06-02T22:40:00Z,loanDepot park,R,COL,MIA,115,146,Germán Márquez,Max Meyer,608566,676974,6,4,COL,0,10,2,N,1
777674,2025-06-02,2025-06-02T23:40:00Z,Rate Field,R,DET,CWS,116,145,Jack Flaherty,Jonathan Cannon,656427,686563,13,1,DET,0,14,12,N,1
777675,2025-06-02,2025-06-03T02:10:00Z,Dodger Stadium,R,NYM,LAD,121,119,Paul Blackburn,Dustin May,621112,669160,4,3,NYM,0,7,1,N,1
777676,2025-06-02,2025-06-03T01:45:00Z,Oracle Park,R,SD,SF,135,137,Stephen Kolek,Logan Webb,663568,657277,1,0,SD,0,1,1,N,1
777655,2025-06-03,2025-06-04T01:40:00Z,T-Mobile Park,R,BAL,SEA,110,136,Tomoyuki Sugano,George Kirby,608372,669923,5,1,BAL,0,6,4,N,1
777656,2025-06-03,2025-06-04T01:45:00Z,Oracle Park,R,SD,SF,135,137,Ryan Bergert,Landen Roupp,686701,694738,3,2,SD,0,5,1,N,1
777657,2025-06-03,2025-06-04T02:10:00Z,Dodger Stadium,R,NYM,LAD,121,119,Tylor Megill,Clayton Kershaw,656731,477132,5,6,LAD,1,11,1,N,1
777658,2025-06-03,2025-06-04T02:05:00Z,Sutter Health Park,R,MIN,ATH,142,133,Pablo López,Grant Holman,641154,680880,10,3,MIN,0,13,7,N,1
777659,2025-06-03,2025-06-03T22:45:00Z,Nationals Park,R,CHC,WSH,112,120,Cade Horton,Trevor Williams,690990,592866,8,3,CHC,0,11,5,N,1
777660,2025-06-03,2025-06-03T23:45:00Z,Busch Stadium,R,KC,STL,118,138,Michael Lorenzen,Andre Pallante,547179,669467,10,7,KC,0,17,3,N,1
777661,2025-06-03,2025-06-03T23:40:00Z,Rate Field,R,DET,CWS,116,145,Beau Brieske,Shane Smith,689225,681343,1,8,CWS,1,9,7,N,1
777662,2025-06-03,2025-06-03T23:35:00Z,George M. Steinbrenner Field,R,TEX,TB,140,139,Tyler Mahle,Drew Rasmussen,641816,656876,1,5,TB,1,6,4,N,1
777663,2025-06-03,2025-06-03T22:40:00Z,PNC Park,R,HOU,PIT,117,134,Lance McCullers Jr.,Paul Skenes,621121,694973,3,0,HOU,0,3,3,N,1
777664,2025-06-03,2025-06-03T23:05:00Z,Yankee Stadium,R,CLE,NYY,114,147,Tanner Bibee,Carlos Rodón,676440,607074,2,3,NYY,1,5,1,N,1
777665,2025-06-03,2025-06-03T23:07:00Z,Rogers Centre,R,PHI,TOR,143,141,Cristopher Sánchez,Bowden Francis,650911,670102,8,3,PHI,0,11,5,N,1
777666,2025-06-03,2025-06-03T22:40:00Z,loanDepot park,R,COL,MIA,115,146,Chase Dollander,Sandy Alcantara,801403,645261,3,2,COL,0,5,1,N,1
777667,2025-06-03,2025-06-03T23:10:00Z,Fenway Park,R,LAA,BOS,108,111,Yusei Kikuchi,Brayan Bello,579328,678394,4,3,LAA,0,7,1,N,1
777668,2025-06-03,2025-06-03T23:10:00Z,Great American Ball Park,R,MIL,CIN,158,113,Freddy Peralta,Hunter Greene,642547,668881,2,4,CIN,1,6,2,N,1
777672,2025-06-03,2025-06-03T23:15:00Z,Truist Park,R,AZ,ATL,109,144,Zac Gallen,Spencer Strider,668678,675911,8,3,AZ,0,11,5,N,1
777638,2025-06-04,2025-06-05T02:10:00Z,Dodger Stadium,R,NYM,LAD,121,119,Griffin Canning,Tony Gonsolin,656288,664062,6,1,NYM,0,7,5,N,1
777639,2025-06-04,2025-06-04T23:40:00Z,Rate Field,R,DET,CWS,116,145,Sawyer Gipson-Long,Jared Shuster,687830,694363,5,4,DET,0,9,1,N,1
777641,2025-06-04,2025-06-05T01:45:00Z,Oracle Park,R,SD,SF,135,137,Nick Pivetta,Kyle Harrison,601713,690986,5,6,SF,1,11,1,N,1
777643,2025-06-04,2025-06-05T02:05:00Z,Sutter Health Park,R,MIN,ATH,142,133,Zebby Matthews,,805673,,6,1,MIN,0,7,5,N,1
777645,2025-06-04,2025-06-05T01:40:00Z,T-Mobile Park,R,BAL,SEA,110,136,Cade Povich,Emerson Hancock,700249,676106,3,2,BAL,0,5,1,N,1
777646,2025-06-04,2025-06-04T23:35:00Z,George M. Steinbrenner Field,R,TEX,TB,140,139,Kumar Rocker,Shane Baz,677958,669358,4,5,TB,1,9,1,N,1
777647,2025-06-04,2025-06-04T16:40:00Z,Great American Ball Park,R,MIL,CIN,158,113,DL Hall,Andrew Abbott,669084,671096,9,1,MIL,0,10,8,N,1
777648,2025-06-04,2025-06-04T22:40:00Z,PNC Park,R,HOU,PIT,117,134,Ryan Gusto,Mike Burrows,687473,681347,0,3,PIT,1,3,3,N,1
777649,2025-06-04,2025-06-04T17:35:00Z,Fenway Park,R,LAA,BOS,108,111,José Soriano,Lucas Giolito,667755,608337,9,11,BOS,1,20,2,N,1
777650,2025-06-04,2025-06-04T22:45:00Z,Nationals Park,R,CHC,WSH,112,120,Matthew Boyd,MacKenzie Gore,571510,669022,0,2,WSH,1,2,2,N,1
777651,2025-06-04,2025-06-04T23:07:00Z,Rogers Centre,R,PHI,TOR,143,141,Mick Abel,José Berríos,690953,621244,1,2,TOR,1,3,1,N,1
777652,2025-06-04,2025-06-04T16:10:00Z,loanDepot park,R,COL,MIA,115,146,Kyle Freeland,Cal Quantrill,607536,615698,3,2,COL,0,5,1,N,1
777653,2025-06-04,2025-06-04T23:05:00Z,Yankee Stadium,R,CLE,NYY,114,147,Luis Ortiz,Clarke Schmidt,682847,657376,4,0,CLE,0,4,4,N,1
777654,2025-06-04,2025-06-04T23:15:00Z,Truist Park,R,AZ,ATL,109,144,Merrill Kelly,Chris Sale,518876,519242,2,1,AZ,0,3,1,N,1
777628,2025-06-05,2025-06-05T19:40:00Z,T-Mobile Park,R,BAL,SEA,110,136,Zach Eflin,Bryan Woo,621107,693433,4,3,BAL,0,7,1,N,1
777629,2025-06-05,2025-06-05T23:35:00Z,George M. Steinbrenner Field,R,TEX,TB,140,139,Jack Leiter,Ryan Pepiot,683004,686752,3,4,TB,1,7,1,N,1
777630,2025-06-05,2025-06-05T22:40:00Z,PNC Park,R,HOU,PIT,117,134,Framber Valdez,Mitch Keller,664285,656605,8,2,HOU,0,10,6,N,1
777631,2025-06-05,2025-06-05T20:10:00Z,Dodger Stadium,R,NYM,LAD,121,119,David Peterson,Landon Knack,656849,689017,5,6,LAD,1,11,1,N,1
777632,2025-06-05,2025-06-05T22:45:00Z,Nationals Park,R,CHC,WSH,112,120,Drew Pomeranz,Jake Irvin,519141,663623,7,1,CHC,0,8,6,N,1
777633,2025-06-05,2025-06-05T19:45:00Z,Oracle Park,R,SD,SF,135,137,Dylan Cease,Robbie Ray,656302,592662,2,3,SF,1,5,1,N,1
777634,2025-06-05,2025-06-05T18:10:00Z,Rate Field,R,DET,CWS,116,145,Casey Mize,Sean Burke,663554,680732,2,3,CWS,1,5,1,N,1
777635,2025-06-05,2025-06-05T23:45:00Z,Busch Stadium,R,KC,STL,118,138,Cole Ragans,Matthew Liberatore,666142,669461,7,5,KC,0,12,2,S,2
777636,2025-06-05,2025-06-05T19:35:00Z,Sutter Health Park,R,MIN,ATH,142,133,David Festa,Mitch Spence,701581,687765,3,14,ATH,1,17,11,N,1
777637,2025-06-05,2025-06-05T19:07:00Z,Rogers Centre,R,PHI,TOR,143,141,Jesús Luzardo,Chris Bassitt,666200,605135,1,9,TOR,1,10,8,N,1
777640,2025-06-05,2025-06-05T16:15:00Z,Truist Park,R,AZ,ATL,109,144,Brandon Pfaadt,Grant Holmes,694297,656550,11,10,AZ,0,21,1,N,1
777642,2025-06-05,2025-06-05T17:45:00Z,Busch Stadium,R,KC,STL,118,138,Noah Cameron,Miles Mikolas,702070,571945,5,6,STL,1,11,1,S,1
777644,2025-06-05,2025-06-05T23:05:00Z,Yankee Stadium,R,CLE,NYY,114,147,Slade Cecconi,Max Fried,677944,608331,0,4,NYY,1,4,4,N,1
777613,2025-06-06,2025-06-07T02:05:00Z,Sutter Health Park,R,BAL,ATH,110,133,Dean Kremer,JP Sears,665152,676664,4,5,ATH,1,9,1,N,1
777614,2025-06-06,2025-06-07T01:38:00Z,Angel Stadium,R,SEA,LAA,136,108,Bryce Miller,Kyle Hendricks,682243,543294,4,5,LAA,1,9,1,N,1
777615,2025-06-06,2025-06-07T00:10:00Z,Target Field,R,TOR,MIN,141,142,Paxton Schultz,Bailey Ober,687606,641927,6,4,TOR,0,10,2,N,1
777616,2025-06-06,2025-06-07T00:40:00Z,Coors Field,R,NYM,COL,121,115,Kodai Senga,Ryan Rolison,673540,669020,4,2,NYM,0,6,2,N,1
777617,2025-06-06,2025-06-07T00:10:00Z,American Family Field,R,SD,MIL,135,158,Randy Vásquez,Chad Patrick,681190,694477,2,0,SD,0,2,2,N,1
777618,2025-06-06,2025-06-06T23:40:00Z,Rate Field,R,KC,CWS,118,145,Seth Lugo,Davis Martin,607625,663436,2,7,CWS,1,9,5,N,1
777619,2025-06-06,2025-06-07T02:15:00Z,Oracle Park,R,ATL,SF,144,137,Spencer Schwellenbach,Hayden Birdsong,680885,806185,4,5,SF,1,9,1,N,1
777620,2025-06-06,2025-06-07T00:15:00Z,Busch Stadium,R,LAD,STL,119,138,Justin Wrobleski,Sonny Gray,680736,543243,0,5,STL,1,5,5,N,1
777621,2025-06-06,2025-06-06T22:40:00Z,PNC Park,R,PHI,PIT,143,134,Joe Ross,Bailey Falter,605452,663559,4,5,PIT,1,9,1,N,1
777622,2025-06-06,2025-06-06T23:10:00Z,Progressive Field,R,HOU,CLE,117,114,Colton Gordon,Logan Allen,676467,671106,4,2,HOU,0,6,2,N,1
777623,2025-06-06,2025-06-07T18:10:00Z,Great American Ball Park,R,AZ,CIN,109,113,Eduardo Rodriguez,Nick Lodolo,593958,666157,3,4,CIN,1,7,1,N,1
777624,2025-06-06,2025-06-06T22:45:00Z,Nationals Park,R,TEX,WSH,140,120,Patrick Corbin,Michael Soroka,571578,647336,0,2,WSH,1,2,2,N,1
777625,2025-06-06,2025-06-06T17:10:00Z,George M. Steinbrenner Field,R,MIA,TB,146,139,Edward Cabrera,Zack Littell,665795,641793,3,4,TB,1,7,1,N,1
777626,2025-06-06,2025-06-06T23:10:00Z,Comerica Park,R,CHC,DET,112,116,Ben Brown,Tarik Skubal,676962,669373,1,3,DET,1,4,2,N,1
777627,2025-06-06,2025-06-06T23:05:00Z,Yankee Stadium,R,BOS,NYY,111,147,Walker Buehler,Will Warren,621111,701542,6,9,NYY,1,15,3,N,1
777597,2025-06-07,2025-06-07T23:35:00Z,American Family Field,R,SD,MIL,135,158,Stephen Kolek,Jose Quintana,663568,500779,3,4,MIL,1,7,1,N,1
777598,2025-06-07,2025-06-07T20:05:00Z,Oracle Park,R,ATL,SF,144,137,Bryce Elder,Logan Webb,693821,657277,2,3,SF,1,5,1,N,1
777599,2025-06-07,2025-06-08T02:05:00Z,Sutter Health Park,R,BAL,ATH,110,133,Charlie Morton,Luis Severino,450203,622663,7,4,BAL,0,11,3,N,1
777600,2025-06-07,2025-06-07T18:10:00Z,Target Field,R,TOR,MIN,141,142,Kevin Gausman,Chris Paddack,592332,663978,5,4,TOR,0,9,1,N,1
777601,2025-06-07,2025-06-07T18:15:00Z,Busch Stadium,R,LAD,STL,119,138,Yoshinobu Yamamoto,Erick Fedde,808967,607200,1,2,STL,1,3,1,N,1
777603,2025-06-07,2025-06-08T01:38:00Z,Angel Stadium,R,SEA,LAA,136,108,Luis Castillo,Jack Kochanowicz,622491,686799,6,8,LAA,1,14,2,N,1
777604,2025-06-07,2025-06-08T01:40:00Z,Coors Field,R,NYM,COL,121,115,Clay Holmes,Germán Márquez,605280,608566,8,1,NYM,0,9,7,N,1
777605,2025-06-07,2025-06-07T23:35:00Z,Yankee Stadium,R,BOS,NYY,111,147,Garrett Crochet,Ryan Yarbrough,676979,642232,10,7,BOS,0,17,3,N,1
777606,2025-06-07,2025-06-07T20:10:00Z,Rate Field,R,KC,CWS,118,145,Michael Wacha,Adrian Houser,608379,605288,1,4,CWS,1,5,3,N,1
777607,2025-06-07,2025-06-07T20:05:00Z,PNC Park,R,PHI,PIT,143,134,Ranger Suarez,Andrew Heaney,624133,571760,1,2,PIT,1,3,1,N,1
777608,2025-06-07,2025-06-07T20:10:00Z,Progressive Field,R,HOU,CLE,117,114,Hunter Brown,Gavin Williams,686613,668909,5,3,HOU,0,8,2,N,1
777609,2025-06-07,2025-06-07T17:10:00Z,Comerica Park,R,CHC,DET,112,116,Jameson Taillon,Tyler Holton,592791,663947,6,1,CHC,0,7,5,N,1
777610,2025-06-07,2025-06-07T20:05:00Z,Nationals Park,R,TEX,WSH,140,120,Jacob deGrom,Mitchell Parker,594798,680730,5,0,TEX,0,5,5,N,1
777611,2025-06-07,2025-06-07T20:10:00Z,George M. Steinbrenner Field,R,MIA,TB,146,139,Ryan Weathers,Taj Bradley,677960,671737,11,10,MIA,0,21,1,N,1
777612,2025-06-07,2025-06-07T20:10:00Z,Great American Ball Park,R,AZ,CIN,109,113,Ryne Nelson,Nick Martinez,669194,607259,1,13,CIN,1,14,12,N,1
777582,2025-06-08,2025-06-08T18:15:00Z,Busch Stadium,R,LAD,STL,119,138,Clayton Kershaw,Michael McGreevy,477132,700241,7,3,LAD,0,10,4,N,1
777583,2025-06-08,2025-06-08T19:10:00Z,Coors Field,R,NYM,COL,121,115,Tylor Megill,Chase Dollander,656731,801403,13,5,NYM,0,18,8,N,1
777585,2025-06-08,2025-06-08T18:10:00Z,Target Field,R,TOR,MIN,141,142,Bowden Francis,Joe Ryan,670102,657746,3,6,MIN,1,9,3,N,1
777586,2025-06-08,2025-06-08T17:05:00Z,American Family Field,R,SD,MIL,135,158,Ryan Bergert,Freddy Peralta,686701,642547,1,0,SD,0,1,1,N,1
777587,2025-06-08,2025-06-08T20:05:00Z,Oracle Park,R,ATL,SF,144,137,Spencer Strider,Landen Roupp,675911,694738,3,4,SF,1,7,1,N,1
777588,2025-06-08,2025-06-08T20:05:00Z,Sutter Health Park,R,BAL,ATH,110,133,Tomoyuki Sugano,Jacob Lopez,608372,682052,1,5,ATH,1,6,4,N,1
777589,2025-06-08,2025-06-08T20:07:00Z,Angel Stadium,R,SEA,LAA,136,108,George Kirby,Tyler Anderson,669923,542881,3,2,SEA,0,5,1,N,1
777590,2025-06-08,2025-06-08T18:10:00Z,Rate Field,R,KC,CWS,118,145,Michael Lorenzen,Mike Vasil,547179,678024,7,5,KC,0,12,2,N,1
777591,2025-06-08,2025-06-08T17:40:00Z,Progressive Field,R,HOU,CLE,117,114,Brandon Walter,Tanner Bibee,687888,676440,2,4,CLE,1,6,2,N,1
777592,2025-06-08,2025-06-08T16:10:00Z,George M. Steinbrenner Field,R,MIA,TB,146,139,Anthony Veneziano,Drew Rasmussen,685107,656876,2,3,TB,1,5,1,N,1
777593,2025-06-08,2025-06-08T23:10:00Z,Yankee Stadium,R,BOS,NYY,111,147,Hunter Dobbins,Carlos Rodón,690928,607074,11,7,BOS,0,18,4,N,1
777594,2025-06-08,2025-06-08T17:40:00Z,Comerica Park,R,CHC,DET,112,116,Cade Horton,Jack Flaherty,690990,656427,0,4,DET,1,4,4,N,1
777595,2025-06-08,2025-06-08T17:35:00Z,PNC Park,R,PHI,PIT,143,134,Cristopher Sánchez,Paul Skenes,650911,694973,1,2,PIT,1,3,1,N,1
777596,2025-06-08,2025-06-08T17:35:00Z,Nationals Park,R,TEX,WSH,140,120,Jacob Latz,Trevor Williams,656641,592866,4,2,TEX,0,6,2,N,1
777602,2025-06-08,2025-06-08T17:40:00Z,Great American Ball Park,R,AZ,CIN,109,113,Zac Gallen,Brady Singer,668678,663903,2,4,CIN,1,6,2,N,1
777574,2025-06-09,2025-06-09T22:40:00Z,PNC Park,R,MIA,PIT,146,134,Eury Pérez,Mike Burrows,691587,681347,3,10,PIT,1,13,7,N,1
777575,2025-06-09,2025-06-09T23:40:00Z,American Family Field,R,ATL,MIL,144,158,Chris Sale,Aaron Civale,519242,650644,7,1,ATL,0,8,6,N,1
777576,2025-06-09,2025-06-10T01:38:00Z,Angel Stadium,R,ATH,LAA,133,108,Grant Holman,Yusei Kikuchi,680880,579328,4,7,LAA,1,11,3,N,1
777577,2025-06-09,2025-06-10T01:40:00Z,Chase Field,R,SEA,AZ,136,109,Emerson Hancock,Merrill Kelly,676106,518876,4,8,AZ,1,12,4,N,1
777578,2025-06-09,2025-06-09T22:45:00Z,Citizens Bank Park,R,CHC,PHI,112,143,Matthew Boyd,Zack Wheeler,571510,554430,3,4,PHI,1,7,1,N,1
777579,2025-06-09,2025-06-10T01:40:00Z,Petco Park,R,LAD,SD,119,135,Dustin May,Nick Pivetta,669160,601713,8,7,LAD,0,15,1,N,1
777580,2025-06-09,2025-06-09T22:40:00Z,Progressive Field,R,CIN,CLE,113,114,Wade Miley,Luis Ortiz,489119,682847,7,4,CIN,0,11,3,N,1
777581,2025-06-09,2025-06-09T23:45:00Z,Busch Stadium,R,TOR,STL,141,138,José Berríos,Andre Pallante,621244,669467,5,4,TOR,0,9,1,N,1
777584,2025-06-09,2025-06-09T23:10:00Z,Fenway Park,R,TB,BOS,139,111,Shane Baz,Brayan Bello,669358,678394,10,8,TB,0,18,2,N,1
777557,2025-06-10,2025-06-10T23:40:00Z,Target Field,R,TEX,MIN,140,142,Tyler Mahle,Simeon Woods Richardson,641816,680573,16,4,TEX,0,20,12,N,1
777558,2025-06-10,2025-06-10T23:45:00Z,Busch Stadium,R,TOR,STL,141,138,Chris Bassitt,Miles Mikolas,605135,571945,10,9,TOR,0,19,1,N,1
777559,2025-06-10,2025-06-11T01:40:00Z,Chase Field,R,SEA,AZ,136,109,Logan Evans,Brandon Pfaadt,688138,694297,3,10,AZ,1,13,7,N,1
777560,2025-06-10,2025-06-11T01:40:00Z,Petco Park,R,LAD,SD,119,135,Lou Trivino III,Dylan Cease,642152,656302,1,11,SD,1,12,10,N,1
777563,2025-06-10,2025-06-11T00:40:00Z,Coors Field,R,SF,COL,137,115,Kyle Harrison,Carson Palmquist,690986,687223,6,5,SF,0,11,1,N,1
777564,2025-06-10,2025-06-11T01:38:00Z,Angel Stadium,R,ATH,LAA,133,108,Mitch Spence,José Soriano,687765,667755,1,2,LAA,1,3,1,N,1
777565,2025-06-10,2025-06-10T23:10:00Z,Fenway Park,R,TB,BOS,139,111,Ryan Pepiot,Lucas Giolito,686752,608337,1,3,BOS,1,4,2,N,1
777566,2025-06-10,2025-06-10T22:40:00Z,PNC Park,R,MIA,PIT,146,134,Sandy Alcantara,Mitch Keller,645261,656605,3,2,MIA,0,5,1,N,1
777567,2025-06-10,2025-06-11T00:10:00Z,Daikin Park,R,CWS,HOU,145,117,Shane Smith,Lance McCullers Jr.,681343,621121,4,2,CWS,0,6,2,N,1
777568,2025-06-10,2025-06-10T23:40:00Z,American Family Field,R,ATL,MIL,144,158,Grant Holmes,Quinn Priester,656550,682990,1,4,MIL,1,5,3,N,1
777569,2025-06-10,2025-06-10T22:40:00Z,Progressive Field,R,CIN,CLE,113,114,Andrew Abbott,Slade Cecconi,671096,677944,1,0,CIN,0,1,1,N,1
777570,2025-06-10,2025-06-10T23:10:00Z,Citi Field,R,WSH,NYM,120,121,MacKenzie Gore,Griffin Canning,669022,656288,4,5,NYM,1,9,1,N,1
777571,2025-06-10,2025-06-10T22:45:00Z,Citizens Bank Park,R,CHC,PHI,112,143,Colin Rea,Mick Abel,607067,690953,8,4,CHC,0,12,4,N,1
777572,2025-06-10,2025-06-10T23:40:00Z,Kauffman Stadium,R,NYY,KC,147,118,Max Fried,Noah Cameron,608331,702070,10,2,NYY,0,12,8,N,1
777573,2025-06-10,2025-06-10T22:35:00Z,Oriole Park at Camden Yards,R,DET,BAL,116,110,Brant Hurter,Cade Povich,676428,700249,5,3,DET,0,8,2,N,1
777542,2025-06-11,2025-06-11T20:07:00Z,Angel Stadium,R,ATH,LAA,133,108,JP Sears,Kyle Hendricks,676664,543294,5,6,LAA,1,11,1,N,1
777543,2025-06-11,2025-06-11T20:10:00Z,Petco Park,R,LAD,SD,119,135,Ben Casparius,Randy Vásquez,676508,681190,5,2,LAD,0,7,3,N,1
777545,2025-06-11,2025-06-11T18:15:00Z,Busch Stadium,R,TOR,STL,141,138,Eric Lauer,Matthew Liberatore,641778,669461,5,2,TOR,0,7,3,N,1
777547,2025-06-11,2025-06-12T00:40:00Z,Coors Field,R,SF,COL,137,115,Robbie Ray,Kyle Freeland,592662,607536,10,7,SF,0,17,3,N,1
777548,2025-06-11,2025-06-11T19:40:00Z,Chase Field,R,SEA,AZ,136,109,Bryan Woo,Eduardo Rodriguez,693433,593958,2,5,AZ,1,7,3,N,1
777549,2025-06-11,2025-06-11T17:10:00Z,Progressive Field,R,CIN,CLE,113,114,Nick Lodolo,Logan Allen,666157,671106,2,11,CLE,1,13,9,N,1
777550,2025-06-11,2025-06-12T00:10:00Z,Daikin Park,R,CWS,HOU,145,117,Sean Burke,Ryan Gusto,680732,687473,2,10,HOU,1,12,8,N,1
777551,2025-06-11,2025-06-11T23:40:00Z,Kauffman Stadium,R,NYY,KC,147,118,Clarke Schmidt,Kris Bubic,657376,663460,6,3,NYY,0,9,3,N,1
777552,2025-06-11,2025-06-11T16:35:00Z,PNC Park,R,MIA,PIT,146,134,Cal Quantrill,Bailey Falter,615698,663559,2,5,PIT,1,7,3,N,1
777553,2025-06-11,2025-06-11T17:05:00Z,Citizens Bank Park,R,CHC,PHI,112,143,Ben Brown,Jesús Luzardo,676962,666200,2,7,PHI,1,9,5,N,1
777554,2025-06-11,2025-06-11T18:10:00Z,American Family Field,R,ATL,MIL,144,158,Spencer Schwellenbach,Chad Patrick,680885,694477,6,2,ATL,0,8,4,N,1
777555,2025-06-11,2025-06-11T23:10:00Z,Citi Field,R,WSH,NYM,120,121,Jake Irvin,David Peterson,663623,656849,0,5,NYM,1,5,5,N,1
777556,2025-06-11,2025-06-11T23:40:00Z,Target Field,R,TEX,MIN,140,142,Jack Leiter,David Festa,683004,701581,2,6,MIN,1,8,4,N,1
777561,2025-06-11,2025-06-11T23:10:00Z,Fenway Park,R,TB,BOS,139,111,Zack Littell,Walker Buehler,641793,621111,3,4,BOS,1,7,1,N,1
777562,2025-06-11,2025-06-11T22:35:00Z,Oriole Park at Camden Yards,R,DET,BAL,116,110,Casey Mize,Zach Eflin,663554,621107,1,10,BAL,1,11,9,N,1
777532,2025-06-12,2025-06-12T23:40:00Z,American Family Field,R,STL,MIL,138,158,Sonny Gray,Jacob Misiorowski,543243,694819,0,6,MIL,1,6,6,N,1
777533,2025-06-12,2025-06-12T17:10:00Z,Target Field,R,TEX,MIN,140,142,Patrick Corbin,Bailey Ober,571578,641927,16,3,TEX,0,19,13,N,1
777534,2025-06-12,2025-06-12T19:10:00Z,Coors Field,R,SF,COL,137,115,Hayden Birdsong,Antonio Senzatela,806185,622608,7,8,COL,1,15,1,N,1
777536,2025-06-12,2025-06-12T23:40:00Z,Kauffman Stadium,R,NYY,KC,147,118,Will Warren,Seth Lugo,701542,607625,1,0,NYY,0,1,1,N,1
777540,2025-06-12,2025-06-12T22:35:00Z,Oriole Park at Camden Yards,R,DET,BAL,116,110,Tarik Skubal,Keegan Akin,669373,669211,4,1,DET,0,5,3,N,1
777541,2025-06-12,2025-06-13T00:05:00Z,Wrigley Field,R,PIT,CHC,134,112,Andrew Heaney,Jameson Taillon,571760,592791,2,3,CHC,1,5,1,N,1
777544,2025-06-12,2025-06-12T17:10:00Z,Citi Field,R,WSH,NYM,120,121,Michael Soroka,Kodai Senga,647336,673540,3,4,NYM,1,7,1,N,1
777546,2025-06-12,2025-06-13T00:10:00Z,Daikin Park,R,CWS,HOU,145,117,Davis Martin,Framber Valdez,663436,664285,3,4,HOU,1,7,1,N,1
777520,2025-06-13,2025-06-14T02:10:00Z,T-Mobile Park,R,CLE,SEA,114,136,Gavin Williams,Luis Castillo,668909,622491,2,7,SEA,1,9,5,N,1
777521,2025-06-13,2025-06-14T01:40:00Z,Chase Field,R,SD,AZ,135,109,Stephen Kolek,Ryne Nelson,663568,669194,1,5,AZ,1,6,4,N,1
777522,2025-06-13,2025-06-14T02:10:00Z,Dodger Stadium,R,SF,LAD,137,119,Logan Webb,Yoshinobu Yamamoto,657277,808967,6,2,SF,0,8,4,N,1
777524,2025-06-13,2025-06-14T00:05:00Z,Globe Life Field,R,CWS,TEX,145,140,Adrian Houser,Shawn Armstrong,605288,542888,1,3,TEX,1,4,2,N,1
777525,2025-06-13,2025-06-14T00:10:00Z,American Family Field,R,STL,MIL,138,158,Erick Fedde,Freddy Peralta,607200,642547,2,3,MIL,1,5,1,N,1
777526,2025-06-13,2025-06-13T18:20:00Z,Wrigley Field,R,PIT,CHC,134,112,Paul Skenes,Cade Horton,694973,690990,2,1,PIT,0,3,1,N,1
777527,2025-06-13,2025-06-14T00:10:00Z,Daikin Park,R,MIN,HOU,142,117,Chris Paddack,Colton Gordon,663978,676467,3,10,HOU,1,13,7,N,1
777528,2025-06-13,2025-06-13T23:10:00Z,Citi Field,R,TB,NYM,139,121,Taj Bradley,Clay Holmes,671737,605280,7,5,TB,0,12,2,N,1
777529,2025-06-13,2025-06-14T00:10:00Z,Kauffman Stadium,R,ATH,KC,133,118,Luis Severino,Michael Wacha,622663,608379,6,4,ATH,0,10,2,N,1
777530,2025-06-13,2025-06-13T22:45:00Z,Nationals Park,R,MIA,WSH,146,120,Edward Cabrera,Mitchell Parker,665795,680730,11,9,MIA,0,20,2,N,1
777531,2025-06-13,2025-06-13T22:45:00Z,Citizens Bank Park,R,TOR,PHI,141,143,Kevin Gausman,Ranger Suarez,592332,624133,0,8,PHI,1,8,8,N,1
777535,2025-06-13,2025-06-13T23:15:00Z,Truist Park,R,COL,ATL,115,144,Germán Márquez,Bryce Elder,608566,693821,4,12,ATL,1,16,8,N,1
777537,2025-06-13,2025-06-13T23:10:00Z,Fenway Park,R,NYY,BOS,147,111,Ryan Yarbrough,Garrett Crochet,642232,676979,1,2,BOS,1,3,1,N,1
777538,2025-06-13,2025-06-13T23:10:00Z,Comerica Park,R,CIN,DET,113,116,Nick Martinez,Brant Hurter,607259,676428,5,11,DET,1,16,6,N,1
777539,2025-06-13,2025-06-13T23:08:00Z,Oriole Park at Camden Yards,R,LAA,BAL,108,110,Jack Kochanowicz,Charlie Morton,686799,450203,0,2,BAL,1,2,2,N,1
777506,2025-06-14,2025-06-15T02:10:00Z,Dodger Stadium,R,SF,LAD,137,119,Landen Roupp,Clayton Kershaw,694738,477132,5,11,LAD,1,16,6,N,1
777507,2025-06-14,2025-06-15T01:40:00Z,T-Mobile Park,R,CLE,SEA,114,136,Tanner Bibee,George Kirby,676440,669923,3,4,SEA,1,7,1,N,1
777508,2025-06-14,2025-06-14T20:05:00Z,Globe Life Field,R,CWS,TEX,145,140,Mike Vasil,Jacob deGrom,678024,594798,4,5,TEX,1,9,1,N,1
777509,2025-06-14,2025-06-14T20:05:00Z,Citizens Bank Park,R,TOR,PHI,141,143,Bowden Francis,Cristopher Sánchez,670102,650911,2,3,PHI,1,5,1,N,1
777510,2025-06-14,2025-06-14T20:10:00Z,Daikin Park,R,MIN,HOU,142,117,Joe Ryan,Hunter Brown,657746,686613,2,3,HOU,1,5,1,N,1
777511,2025-06-14,2025-06-14T20:10:00Z,Kauffman Stadium,R,ATH,KC,133,118,Jacob Lopez,Michael Lorenzen,682052,547179,4,0,ATH,0,4,4,N,1
777512,2025-06-14,2025-06-14T20:10:00Z,American Family Field,R,STL,MIL,138,158,Andre Pallante,Jose Quintana,669467,500779,8,5,STL,0,13,3,N,1
777513,2025-06-14,2025-06-14T18:20:00Z,Wrigley Field,R,PIT,CHC,134,112,Mike Burrows,Matthew Boyd,681347,571510,1,2,CHC,1,3,1,N,1
777514,2025-06-14,2025-06-14T17:05:00Z,Nationals Park,R,MIA,WSH,146,120,Cade Gibson,Trevor Williams,806188,592866,4,3,MIA,0,7,1,N,1
777515,2025-06-14,2025-06-14T23:15:00Z,Chase Field,R,SD,AZ,135,109,Ryan Bergert,Zac Gallen,686701,668678,7,8,AZ,1,15,1,N,1
777516,2025-06-14,2025-06-14T23:15:00Z,Fenway Park,R,NYY,BOS,147,111,Carlos Rodón,Hunter Dobbins,607074,690928,3,4,BOS,1,7,1,N,1
777517,2025-06-14,2025-06-14T17:10:00Z,Comerica Park,R,CIN,DET,113,116,Brady Singer,Jack Flaherty,663903,656427,11,1,CIN,0,12,10,N,1
777518,2025-06-14,2025-06-14T20:10:00Z,Citi Field,R,TB,NYM,139,121,Drew Rasmussen,Tylor Megill,656876,656731,8,4,TB,0,12,4,N,1
777519,2025-06-14,2025-06-14T20:05:00Z,Oriole Park at Camden Yards,R,LAA,BAL,108,110,Tyler Anderson,Tomoyuki Sugano,542881,608372,5,6,BAL,1,11,1,N,1
777523,2025-06-14,2025-06-14T20:10:00Z,Truist Park,R,COL,ATL,115,144,Chase Dollander,Spencer Strider,801403,675911,1,4,ATL,1,5,3,N,1
777491,2025-06-15,2025-06-15T20:10:00Z,Chase Field,R,SD,AZ,135,109,Nick Pivetta,Merrill Kelly,601713,518876,8,2,SD,0,10,6,N,1
777492,2025-06-15,2025-06-15T18:10:00Z,American Family Field,R,STL,MIL,138,158,Miles Mikolas,Quinn Priester,571945,682990,2,3,MIL,1,5,1,N,1
777493,2025-06-15,2025-06-15T18:35:00Z,Globe Life Field,R,CWS,TEX,145,140,Aaron Civale,Kumar Rocker,650644,677958,1,2,TEX,1,3,1,N,1
777494,2025-06-15,2025-06-15T18:10:00Z,Daikin Park,R,MIN,HOU,142,117,Simeon Woods Richardson,Brandon Walter,680573,687888,1,2,HOU,1,3,1,N,1
777495,2025-06-15,2025-06-15T20:10:00Z,T-Mobile Park,R,CLE,SEA,114,136,Luis Ortiz,Emerson Hancock,682847,676106,0,6,SEA,1,6,6,N,1
777496,2025-06-15,2025-06-15T18:10:00Z,Kauffman Stadium,R,ATH,KC,133,118,Jeffrey Springs,Noah Cameron,605488,702070,3,2,ATH,0,5,1,N,1
777497,2025-06-15,2025-06-15T18:20:00Z,Wrigley Field,R,PIT,CHC,134,112,Mitch Keller,Colin Rea,656605,607067,2,3,CHC,1,5,1,N,1
777498,2025-06-15,2025-06-15T23:10:00Z,Dodger Stadium,R,SF,LAD,137,119,Sean Hjelle,Dustin May,663546,669160,4,5,LAD,1,9,1,N,1
777499,2025-06-15,2025-06-15T17:35:00Z,Citizens Bank Park,R,TOR,PHI,141,143,José Berríos,Zack Wheeler,621244,554430,4,11,PHI,1,15,7,N,1
777500,2025-06-15,2025-06-15T17:35:00Z,Fenway Park,R,NYY,BOS,147,111,Max Fried,Brayan Bello,608331,678394,0,2,BOS,1,2,2,N,1
777501,2025-06-15,2025-06-15T17:35:00Z,Oriole Park at Camden Yards,R,LAA,BAL,108,110,Yusei Kikuchi,Scott Blewett,579328,656240,2,11,BAL,1,13,9,N,1
777502,2025-06-15,2025-06-15T17:40:00Z,Citi Field,R,TB,NYM,139,121,Shane Baz,Griffin Canning,669358,656288,9,0,TB,0,9,9,N,1
777503,2025-06-15,2025-06-15T17:35:00Z,Nationals Park,R,MIA,WSH,146,120,Eury Pérez,MacKenzie Gore,691587,669022,3,1,MIA,0,4,2,N,1
777504,2025-06-15,2025-06-15T17:35:00Z,Truist Park,R,COL,ATL,115,144,Austin Gomber,Grant Holmes,596295,656550,10,1,COL,0,11,9,N,1
777505,2025-06-15,2025-06-15T16:05:00Z,Comerica Park,R,CIN,DET,113,116,Wade Miley,Tyler Holton,489119,663947,8,4,CIN,0,12,4,N,1
777483,2025-06-16,2025-06-16T22:40:00Z,loanDepot park,R,PHI,MIA,143,146,Mick Abel,Sandy Alcantara,690953,645261,5,2,PHI,0,7,3,N,1
777484,2025-06-16,2025-06-16T23:35:00Z,George M. Steinbrenner Field,R,BAL,TB,110,139,Zach Eflin,Ryan Pepiot,621107,686752,1,7,TB,1,8,6,N,1
777485,2025-06-16,2025-06-17T02:05:00Z,Sutter Health Park,R,HOU,ATH,117,133,Ryan Gusto,Mitch Spence,687473,687765,1,3,ATH,1,4,2,N,1
777486,2025-06-16,2025-06-17T01:40:00Z,T-Mobile Park,R,BOS,SEA,111,136,Lucas Giolito,Logan Gilbert,608337,669302,2,0,BOS,0,2,2,N,1
777487,2025-06-16,2025-06-16T23:05:00Z,Yankee Stadium,R,LAA,NYY,108,147,José Soriano,Clarke Schmidt,667755,657376,1,0,LAA,0,1,1,N,1
777488,2025-06-16,2025-06-16T22:45:00Z,Nationals Park,R,COL,WSH,115,120,Carson Palmquist,Jake Irvin,687223,663623,6,4,COL,0,10,2,N,1
777490,2025-06-16,2025-06-17T02:10:00Z,Dodger Stadium,R,SD,LAD,135,119,Dylan Cease,Shohei Ohtani,656302,660271,3,6,LAD,1,9,3,N,1
777467,2025-06-17,2025-06-17T23:40:00Z,Rate Field,R,STL,CWS,138,145,Matthew Liberatore,Shane Smith,669461,681343,12,2,STL,0,14,10,N,1
777468,2025-06-17,2025-06-18T00:05:00Z,Globe Life Field,R,KC,TEX,118,140,Seth Lugo,Jack Leiter,607625,683004,6,1,KC,0,7,5,N,1
777469,2025-06-17,2025-06-18T02:05:00Z,Sutter Health Park,R,HOU,ATH,117,133,Jason Alexander,JP Sears,669920,676664,13,3,HOU,0,16,10,N,1
777471,2025-06-17,2025-06-18T02:10:00Z,Dodger Stadium,R,SD,LAD,135,119,Randy Vásquez,Jack Dreyer,681190,676263,6,8,LAD,1,14,2,N,1
777472,2025-06-17,2025-06-18T01:45:00Z,Oracle Park,R,CLE,SF,114,137,Slade Cecconi,Robbie Ray,677944,592662,3,2,CLE,0,5,1,N,1
777473,2025-06-17,2025-06-18T01:40:00Z,T-Mobile Park,R,BOS,SEA,111,136,Walker Buehler,Bryan Woo,621111,693433,0,8,SEA,1,8,8,N,1
777475,2025-06-17,2025-06-17T22:40:00Z,Comerica Park,R,PIT,DET,134,116,Bailey Falter,Casey Mize,663559,663554,3,7,DET,1,10,4,N,1
777476,2025-06-17,2025-06-17T23:05:00Z,Yankee Stadium,R,LAA,NYY,108,147,Kyle Hendricks,Will Warren,543294,701542,4,0,LAA,0,4,4,N,1
777477,2025-06-17,2025-06-17T23:35:00Z,George M. Steinbrenner Field,R,BAL,TB,110,139,Dean Kremer,Zack Littell,665152,641793,5,1,BAL,0,6,4,N,1
777478,2025-06-17,2025-06-17T23:10:00Z,Great American Ball Park,R,MIN,CIN,142,113,David Festa,Andrew Abbott,701581,671096,5,6,CIN,1,11,1,N,1
777479,2025-06-17,2025-06-17T23:07:00Z,Rogers Centre,R,AZ,TOR,109,141,Brandon Pfaadt,Chris Bassitt,694297,605135,4,5,TOR,1,9,1,N,1
777480,2025-06-17,2025-06-17T22:45:00Z,Nationals Park,R,COL,WSH,115,120,Antonio Senzatela,Michael Soroka,622608,647336,10,6,COL,0,16,4,N,1
777481,2025-06-17,2025-06-17T22:10:00Z,loanDepot park,R,PHI,MIA,143,146,Jesús Luzardo,Cal Quantrill,666200,615698,3,8,MIA,1,11,5,N,1
777482,2025-06-17,2025-06-18T00:05:00Z,Wrigley Field,R,MIL,CHC,158,112,Chad Patrick,Ben Brown,694477,676962,3,5,CHC,1,8,2,N,1
777489,2025-06-17,2025-06-17T23:15:00Z,Truist Park,R,NYM,ATL,121,144,David Peterson,Spencer Schwellenbach,656849,680885,4,5,ATL,1,9,1,N,1
777453,2025-06-18,2025-06-18T20:10:00Z,T-Mobile Park,R,BOS,SEA,111,136,Garrett Crochet,Luis Castillo,676979,622491,3,1,BOS,0,4,2,N,1
777454,2025-06-18,2025-06-19T01:45:00Z,Oracle Park,R,CLE,SF,114,137,Logan Allen,Justin Verlander,671106,434378,4,2,CLE,0,6,2,N,1
777456,2025-06-18,2025-06-19T02:05:00Z,Sutter Health Park,R,HOU,ATH,117,133,Framber Valdez,Luis Severino,664285,622663,11,4,HOU,0,15,7,N,1
777457,2025-06-18,2025-06-19T02:10:00Z,Dodger Stadium,R,SD,LAD,135,119,Stephen Kolek,Emmet Sheehan,663568,686218,3,4,LAD,1,7,1,N,1
777460,2025-06-18,2025-06-19T00:05:00Z,Globe Life Field,R,KC,TEX,118,140,Kris Bubic,Patrick Corbin,663460,571578,6,3,KC,0,9,3,N,1
777461,2025-06-18,2025-06-18T22:45:00Z,Nationals Park,R,COL,WSH,115,120,Germán Márquez,Mitchell Parker,608566,680730,3,1,COL,0,4,2,N,1
777462,2025-06-18,2025-06-18T23:07:00Z,Rogers Centre,R,AZ,TOR,109,141,Eduardo Rodriguez,Eric Lauer,593958,641778,1,8,TOR,1,9,7,N,1
777463,2025-06-18,2025-06-18T23:35:00Z,George M. Steinbrenner Field,R,BAL,TB,110,139,Trevor Rogers,Taj Bradley,669432,671737,8,12,TB,1,20,4,N,1
777465,2025-06-18,2025-06-18T22:40:00Z,loanDepot park,R,PHI,MIA,143,146,Ranger Suarez,Adam Mazur,624133,800049,4,2,PHI,0,6,2,N,1
777466,2025-06-18,2025-06-18T23:05:00Z,Yankee Stadium,R,LAA,NYY,108,147,Jack Kochanowicz,Ryan Yarbrough,686799,642232,3,2,LAA,0,5,1,N,1
777470,2025-06-18,2025-06-18T23:15:00Z,Truist Park,R,NYM,ATL,121,144,Paul Blackburn,Chris Sale,621112,519242,0,5,ATL,1,5,5,N,1
777474,2025-06-18,2025-06-18T23:10:00Z,Great American Ball Park,R,MIN,CIN,142,113,Bailey Ober,Nick Lodolo,641927,666157,2,4,CIN,1,6,2,N,1
777440,2025-06-19,2025-06-19T20:05:00Z,Oracle Park,R,CLE,SF,114,137,Gavin Williams,Logan Webb,668909,657277,1,2,SF,1,3,1,N,1
777441,2025-06-19,2025-06-20T02:05:00Z,Sutter Health Park,R,HOU,ATH,117,133,Colton Gordon,Jacob Lopez,676467,682052,4,6,ATH,1,10,2,N,1
777442,2025-06-19,2025-06-20T02:10:00Z,Dodger Stadium,R,SD,LAD,135,119,Ryan Bergert,Yoshinobu Yamamoto,686701,808967,5,3,SD,0,8,2,N,1
777443,2025-06-19,2025-06-19T18:35:00Z,Globe Life Field,R,KC,TEX,118,140,Michael Wacha,Shawn Armstrong,608379,542888,4,1,KC,0,5,3,N,1
777444,2025-06-19,2025-06-19T22:40:00Z,loanDepot park,R,PHI,MIA,143,146,Cristopher Sánchez,Edward Cabrera,650911,665795,2,1,PHI,0,3,1,N,1
777445,2025-06-19,2025-06-19T17:05:00Z,Nationals Park,R,COL,WSH,115,120,Chase Dollander,Trevor Williams,801403,592866,3,4,WSH,1,7,1,N,1
777446,2025-06-19,2025-06-19T23:35:00Z,George M. Steinbrenner Field,R,BAL,TB,110,139,Charlie Morton,Drew Rasmussen,450203,656876,4,1,BAL,0,5,3,N,1
777447,2025-06-19,2025-06-19T18:10:00Z,Rate Field,R,STL,CWS,138,145,Erick Fedde,Sean Burke,607200,680732,5,4,STL,0,9,1,Y,1
777448,2025-06-19,2025-06-19T19:07:00Z,Rogers Centre,R,AZ,TOR,109,141,Ryne Nelson,Kevin Gausman,669194,592332,9,5,AZ,0,14,4,N,1
777449,2025-06-19,2025-06-19T17:05:00Z,Yankee Stadium,R,LAA,NYY,108,147,Tyler Anderson,Carlos Rodón,542881,607074,3,7,NYY,1,10,4,N,1
777450,2025-06-19,2025-06-19T18:20:00Z,Wrigley Field,R,MIL,CHC,158,112,Freddy Peralta,Jameson Taillon,642547,592791,8,7,MIL,0,15,1,N,1
777451,2025-06-19,2025-06-19T17:10:00Z,Comerica Park,R,PIT,DET,134,116,Andrew Heaney,Tarik Skubal,571760,669373,2,9,DET,1,11,7,S,1
777452,2025-06-19,2025-06-19T16:40:00Z,Great American Ball Park,R,MIN,CIN,142,113,Chris Paddack,Nick Martinez,663978,607259,12,5,MIN,0,17,7,N,1
777455,2025-06-19,2025-06-19T23:15:00Z,Truist Park,R,NYM,ATL,121,144,Clay Holmes,Spencer Strider,605280,675911,1,7,ATL,1,8,6,N,1
777458,2025-06-19,2025-06-19T18:15:00Z,Rate Field,R,STL,CWS,138,145,Michael McGreevy,Mike Vasil,700241,678024,8,6,STL,0,14,2,Y,2
777464,2025-06-19,2025-06-19T22:10:00Z,Comerica Park,R,PIT,DET,134,116,Paul Skenes,Tyler Holton,694973,663947,8,4,PIT,0,12,4,S,2
777425,2025-06-20,2025-06-21T02:15:00Z,Oracle Park,R,BOS,SF,111,137,Hunter Dobbins,Hayden Birdsong,690928,806185,7,5,BOS,0,12,2,N,1
777426,2025-06-20,2025-06-21T01:40:00Z,Petco Park,R,KC,SD,118,135,Michael Lorenzen,Nick Pivetta,547179,601713,6,5,KC,0,11,1,N,1
777427,2025-06-20,2025-06-21T02:10:00Z,Dodger Stadium,R,WSH,LAD,120,119,MacKenzie Gore,Clayton Kershaw,669022,477132,5,6,LAD,1,11,1,N,1
777428,2025-06-20,2025-06-21T01:38:00Z,Angel Stadium,R,HOU,LAA,117,108,Hunter Brown,Yusei Kikuchi,686613,579328,3,2,HOU,0,5,1,N,1
777429,2025-06-20,2025-06-21T02:05:00Z,Sutter Health Park,R,CLE,ATH,114,133,Tanner Bibee,Jeffrey Springs,676440,605488,1,5,ATH,1,6,4,N,1
777430,2025-06-20,2025-06-21T00:40:00Z,Coors Field,R,AZ,COL,109,115,Zac Gallen,Austin Gomber,668678,596295,14,8,AZ,0,22,6,N,1
777431,2025-06-20,2025-06-20T23:05:00Z,George M. Steinbrenner Field,R,DET,TB,116,139,Jack Flaherty,Shane Baz,656427,669358,8,14,TB,1,22,6,N,1
777432,2025-06-20,2025-06-20T22:40:00Z,PNC Park,R,TEX,PIT,140,134,Jacob deGrom,Mike Burrows,594798,681347,6,2,TEX,0,8,4,N,1
777433,2025-06-20,2025-06-20T23:15:00Z,Busch Stadium,R,CIN,STL,113,138,Brady Singer,Andre Pallante,663903,669467,1,6,STL,1,7,5,N,1
777434,2025-06-20,2025-06-21T00:10:00Z,Target Field,R,MIL,MIN,158,142,Jacob Misiorowski,Joe Ryan,694819,657746,17,6,MIL,0,23,11,N,1
777435,2025-06-20,2025-06-20T23:07:00Z,Rogers Centre,R,CWS,TOR,145,141,Grant Taylor,Spencer Turnbull,691799,605513,7,1,CWS,0,8,6,N,1
777436,2025-06-20,2025-06-20T18:20:00Z,Wrigley Field,R,SEA,CHC,136,112,George Kirby,Matthew Boyd,669923,571510,9,4,SEA,0,13,5,N,1
777437,2025-06-20,2025-06-20T23:15:00Z,Citizens Bank Park,R,NYM,PHI,121,143,Blade Tidwell,Zack Wheeler,694918,554430,2,10,PHI,1,12,8,N,1
777438,2025-06-20,2025-06-20T23:05:00Z,Yankee Stadium,R,BAL,NYY,110,147,Tomoyuki Sugano,Max Fried,608372,608331,5,3,BAL,0,8,2,N,1
777439,2025-06-20,2025-06-20T23:10:00Z,loanDepot park,R,ATL,MIA,144,146,Didier Fuentes,Janson Junk,800311,676083,2,6,MIA,1,8,4,N,1
777410,2025-06-21,2025-06-22T01:10:00Z,Coors Field,R,AZ,COL,109,115,Merrill Kelly,Carson Palmquist,518876,687223,5,3,AZ,0,8,2,N,1
777411,2025-06-21,2025-06-22T02:05:00Z,Sutter Health Park,R,CLE,ATH,114,133,Luis Ortiz,Mitch Spence,682847,687765,4,2,CLE,0,6,2,N,1
777412,2025-06-21,2025-06-21T18:10:00Z,Target Field,R,MIL,MIN,158,142,Jose Quintana,Simeon Woods Richardson,500779,680573,9,0,MIL,0,9,9,N,1
777413,2025-06-21,2025-06-21T23:15:00Z,Petco Park,R,KC,SD,118,135,Noah Cameron,Dylan Cease,702070,656302,1,5,SD,1,6,4,N,1
777414,2025-06-21,2025-06-22T01:38:00Z,Angel Stadium,R,HOU,LAA,117,108,Brandon Walter,José Soriano,687888,667755,1,9,LAA,1,10,8,N,1
777415,2025-06-21,2025-06-21T18:15:00Z,Busch Stadium,R,CIN,STL,113,138,Brent Suter,Sonny Gray,608718,543243,5,6,STL,1,11,1,N,1
777416,2025-06-21,2025-06-22T02:10:00Z,Dodger Stadium,R,WSH,LAD,120,119,Jake Irvin,Dustin May,663623,669160,7,3,WSH,0,10,4,N,1
777417,2025-06-21,2025-06-21T20:05:00Z,Oracle Park,R,BOS,SF,111,137,Brayan Bello,Landen Roupp,678394,694738,2,3,SF,1,5,1,N,1
777418,2025-06-21,2025-06-21T19:07:00Z,Rogers Centre,R,CWS,TOR,145,141,Aaron Civale,José Berríos,650644,621244,1,7,TOR,1,8,6,N,1
777419,2025-06-21,2025-06-21T18:20:00Z,Wrigley Field,R,SEA,CHC,136,112,Emerson Hancock,Cade Horton,676106,690990,7,10,CHC,1,17,3,N,1
777420,2025-06-21,2025-06-21T16:10:00Z,George M. Steinbrenner Field,R,DET,TB,116,139,Sawyer Gipson-Long,Ryan Pepiot,687830,686752,3,8,TB,1,11,5,N,1
777421,2025-06-21,2025-06-21T20:05:00Z,PNC Park,R,TEX,PIT,140,134,Kumar Rocker,Mitch Keller,677958,656605,3,2,TEX,0,5,1,N,1
777422,2025-06-21,2025-06-21T17:05:00Z,Yankee Stadium,R,BAL,NYY,110,147,Zach Eflin,Clarke Schmidt,621107,657376,0,9,NYY,1,9,9,N,1
777423,2025-06-21,2025-06-21T23:15:00Z,Citizens Bank Park,R,NYM,PHI,121,143,Griffin Canning,Mick Abel,656288,690953,11,4,NYM,0,15,7,N,1
777424,2025-06-21,2025-06-21T20:10:00Z,loanDepot park,R,ATL,MIA,144,146,Grant Holmes,Eury Pérez,656550,691587,7,0,ATL,0,7,7,N,1
777395,2025-06-22,2025-06-22T20:05:00Z,Oracle Park,R,BOS,SF,111,137,Lucas Giolito,Robbie Ray,608337,592662,5,9,SF,1,14,4,N,1
777396,2025-06-22,2025-06-22T20:10:00Z,Petco Park,R,KC,SD,118,135,Seth Lugo,Randy Vásquez,607625,681190,2,3,SD,1,5,1,N,1
777397,2025-06-22,2025-06-22T20:07:00Z,Angel Stadium,R,HOU,LAA,117,108,Ryan Gusto,Kyle Hendricks,687473,543294,8,7,HOU,0,15,1,N,1
777398,2025-06-22,2025-06-22T20:10:00Z,Dodger Stadium,R,WSH,LAD,120,119,Michael Soroka,Shohei Ohtani,647336,660271,7,13,LAD,1,20,6,N,1
777399,2025-06-22,2025-06-22T19:10:00Z,Coors Field,R,AZ,COL,109,115,Brandon Pfaadt,Antonio Senzatela,694297,622608,2,4,COL,1,6,2,N,1
777400,2025-06-22,2025-06-22T20:05:00Z,Sutter Health Park,R,CLE,ATH,114,133,Slade Cecconi,JP Sears,677944,676664,3,0,CLE,0,3,3,N,1
777401,2025-06-22,2025-06-22T18:10:00Z,Target Field,R,MIL,MIN,158,142,Quinn Priester,Danny Coulombe,682990,543056,9,8,MIL,0,17,1,N,1
777402,2025-06-22,2025-06-22T17:40:00Z,loanDepot park,R,ATL,MIA,144,146,Bryce Elder,Sandy Alcantara,693821,645261,3,5,MIA,1,8,2,N,1
777403,2025-06-22,2025-06-22T18:20:00Z,Wrigley Field,R,SEA,CHC,136,112,Logan Gilbert,Colin Rea,669302,607067,14,6,SEA,0,20,8,N,1
777404,2025-06-22,2025-06-22T17:35:00Z,PNC Park,R,TEX,PIT,140,134,Jack Leiter,Bailey Falter,683004,663559,3,8,PIT,1,11,5,N,1
777405,2025-06-22,2025-06-22T23:10:00Z,Citizens Bank Park,R,NYM,PHI,121,143,David Peterson,Jesús Luzardo,656849,666200,1,7,PHI,1,8,6,N,1
777406,2025-06-22,2025-06-22T15:35:00Z,Yankee Stadium,R,BAL,NYY,110,147,Dean Kremer,Will Warren,665152,701542,2,4,NYY,1,6,2,N,1
777407,2025-06-22,2025-06-22T18:15:00Z,Busch Stadium,R,CIN,STL,113,138,Andrew Abbott,Miles Mikolas,671096,571945,4,1,CIN,0,5,3,N,1
777408,2025-06-22,2025-06-22T17:37:00Z,Rogers Centre,R,CWS,TOR,145,141,Adrian Houser,Chris Bassitt,605288,605135,4,2,CWS,0,6,2,N,1
777409,2025-06-22,2025-06-22T16:10:00Z,George M. Steinbrenner Field,R,DET,TB,116,139,Casey Mize,Zack Littell,663554,641793,9,3,DET,0,12,6,N,1
777381,2025-06-23,2025-06-24T01:38:00Z,Angel Stadium,R,BOS,LAA,111,108,Walker Buehler,Jack Kochanowicz,621111,686799,5,9,LAA,1,14,4,N,1
777382,2025-06-23,2025-06-24T01:40:00Z,Petco Park,R,WSH,SD,120,135,Mitchell Parker,Stephen Kolek,680730,663568,10,6,WSH,0,16,4,N,1
777388,2025-06-23,2025-06-23T23:40:00Z,Target Field,R,SEA,MIN,136,142,Bryan Woo,Bailey Ober,693433,641927,11,2,SEA,0,13,9,N,1
777389,2025-06-23,2025-06-23T23:10:00Z,Citi Field,R,ATL,NYM,144,121,Spencer Schwellenbach,Paul Blackburn,680885,621112,3,2,ATL,0,5,1,N,1
777390,2025-06-23,2025-06-23T23:10:00Z,Great American Ball Park,R,NYY,CIN,147,113,Allan Winans,Nick Lodolo,642216,666157,1,6,CIN,1,7,5,N,1
777391,2025-06-23,2025-06-23T23:40:00Z,American Family Field,R,PIT,MIL,134,158,Braxton Ashcraft,Chad Patrick,677952,694477,5,4,PIT,0,9,1,N,1
777392,2025-06-23,2025-06-23T23:45:00Z,Busch Stadium,R,CHC,STL,112,138,Ben Brown,Matthew Liberatore,676962,669461,2,8,STL,1,10,6,N,1
777393,2025-06-23,2025-06-23T23:40:00Z,Rate Field,R,AZ,CWS,109,145,Eduardo Rodriguez,Shane Smith,593958,681343,10,0,AZ,0,10,10,N,1
777394,2025-06-23,2025-06-23T22:35:00Z,Oriole Park at Camden Yards,R,TEX,BAL,140,110,Patrick Corbin,Trevor Rogers,571578,669432,0,6,BAL,1,6,6,N,1
777364,2025-06-24,2025-06-25T01:45:00Z,Oracle Park,R,MIA,SF,146,137,Cal Quantrill,Justin Verlander,615698,434378,4,2,MIA,0,6,2,N,1
777372,2025-06-24,2025-06-25T01:40:00Z,Petco Park,R,WSH,SD,120,135,Trevor Williams,Ryan Bergert,592866,686701,3,4,SD,1,7,1,N,1
777373,2025-06-24,2025-06-24T23:45:00Z,Busch Stadium,R,CHC,STL,112,138,Jameson Taillon,Michael McGreevy,592791,700241,7,8,STL,1,15,1,N,1
777374,2025-06-24,2025-06-24T23:40:00Z,American Family Field,R,PIT,MIL,134,158,Andrew Heaney,Freddy Peralta,571760,642547,3,9,MIL,1,12,6,N,1
777375,2025-06-24,2025-06-24T23:40:00Z,Target Field,R,SEA,MIN,136,142,Luis Castillo,Chris Paddack,622491,663978,6,5,SEA,0,11,1,N,1
777376,2025-06-24,2025-06-25T01:38:00Z,Angel Stadium,R,BOS,LAA,111,108,Garrett Crochet,Tyler Anderson,676979,542881,2,3,LAA,1,5,1,N,1
777377,2025-06-24,2025-06-25T00:10:00Z,Daikin Park,R,PHI,HOU,143,117,Ranger Suarez,Framber Valdez,624133,664285,0,1,HOU,1,1,1,N,1
777378,2025-06-24,2025-06-24T23:40:00Z,Kauffman Stadium,R,TB,KC,139,118,Taj Bradley,Kris Bubic,671737,663460,5,1,TB,0,6,4,N,1
777379,2025-06-24,2025-06-25T00:40:00Z,Coors Field,R,LAD,COL,119,115,Jack Dreyer,Germán Márquez,676263,608566,9,7,LAD,0,16,2,N,1
777380,2025-06-24,2025-06-24T22:35:00Z,Oriole Park at Camden Yards,R,TEX,BAL,140,110,Jacob Latz,Charlie Morton,656641,450203,6,5,TEX,0,11,1,N,1
777383,2025-06-24,2025-06-24T23:40:00Z,Rate Field,R,AZ,CWS,109,145,Ryne Nelson,Jordan Leasure,669194,673929,4,1,AZ,0,5,3,N,1
777384,2025-06-24,2025-06-24T22:40:00Z,Progressive Field,R,TOR,CLE,141,114,Eric Lauer,Logan Allen,641778,671106,10,6,TOR,0,16,4,N,1
777385,2025-06-24,2025-06-24T23:10:00Z,Great American Ball Park,R,NYY,CIN,147,113,Carlos Rodón,Chase Burns,607074,695505,4,5,CIN,1,9,1,N,1
777386,2025-06-24,2025-06-24T22:40:00Z,Comerica Park,R,ATH,DET,133,116,Luis Severino,Tarik Skubal,622663,669373,4,11,DET,1,15,7,N,1
777387,2025-06-24,2025-06-24T23:10:00Z,Citi Field,R,ATL,NYM,144,121,Spencer Strider,Frankie Montas,675911,593423,7,4,ATL,0,11,3,N,1
777355,2025-06-25,2025-06-26T01:45:00Z,Oracle Park,R,MIA,SF,146,137,Edward Cabrera,Logan Webb,665795,657277,8,5,MIA,0,13,3,N,1
777357,2025-06-25,2025-06-25T23:45:00Z,Busch Stadium,R,CHC,STL,112,138,Matthew Boyd,Erick Fedde,571510,607200,8,0,CHC,0,8,8,N,1
777358,2025-06-25,2025-06-26T00:40:00Z,Coors Field,R,LAD,COL,119,115,Yoshinobu Yamamoto,Chase Dollander,808967,801403,8,1,LAD,0,9,7,N,1
777359,2025-06-25,2025-06-25T23:40:00Z,Kauffman Stadium,R,TB,KC,139,118,Drew Rasmussen,Michael Wacha,656876,608379,3,0,TB,0,3,3,N,1
777360,2025-06-25,2025-06-25T20:10:00Z,Petco Park,R,WSH,SD,120,135,MacKenzie Gore,Nick Pivetta,669022,601713,0,1,SD,1,1,1,N,1
777361,2025-06-25,2025-06-25T18:10:00Z,American Family Field,R,PIT,MIL,134,158,Paul Skenes,Jacob Misiorowski,694973,694819,2,4,MIL,1,6,2,N,1
777362,2025-06-25,2025-06-25T20:07:00Z,Angel Stadium,R,BOS,LAA,111,108,Richard Fitts,Yusei Kikuchi,690916,579328,2,5,LAA,1,7,3,N,1
777363,2025-06-25,2025-06-25T23:40:00Z,Target Field,R,SEA,MIN,136,142,George Kirby,Joe Ryan,669923,657746,0,2,MIN,1,2,2,N,1
777365,2025-06-25,2025-06-25T22:35:00Z,Oriole Park at Camden Yards,R,TEX,BAL,140,110,Jacob deGrom,Brandon Young,594798,687064,7,0,TEX,0,7,7,N,1
777366,2025-06-25,2025-06-26T00:10:00Z,Daikin Park,R,PHI,HOU,143,117,Zack Wheeler,Colton Gordon,554430,676467,0,2,HOU,1,2,2,N,1
777367,2025-06-25,2025-06-25T23:10:00Z,Great American Ball Park,R,NYY,CIN,147,113,Max Fried,Brady Singer,608331,663903,7,1,NYY,0,8,6,N,1
777368,2025-06-25,2025-06-25T22:40:00Z,Progressive Field,R,TOR,CLE,141,114,Max Scherzer,Gavin Williams,453286,668909,4,5,CLE,1,9,1,N,1
777369,2025-06-25,2025-06-25T23:10:00Z,Citi Field,R,ATL,NYM,144,121,Didier Fuentes,Clay Holmes,800311,605280,3,7,NYM,1,10,4,N,1
777370,2025-06-25,2025-06-25T18:10:00Z,Rate Field,R,AZ,CWS,109,145,Zac Gallen,Sean Burke,668678,680732,3,7,CWS,1,10,4,N,1
777371,2025-06-25,2025-06-25T22:40:00Z,Comerica Park,R,ATH,DET,133,116,Jacob Lopez,Jack Flaherty,682052,656427,3,0,ATH,0,3,3,N,1
777344,2025-06-26,2025-06-26T19:10:00Z,Coors Field,R,LAD,COL,119,115,Clayton Kershaw,Austin Gomber,477132,596295,3,1,LAD,0,4,2,N,1
777347,2025-06-26,2025-06-26T19:45:00Z,Oracle Park,R,MIA,SF,146,137,Janson Junk,Hayden Birdsong,676083,806185,12,5,MIA,0,17,7,N,1
777348,2025-06-26,2025-06-26T18:15:00Z,Busch Stadium,R,CHC,STL,112,138,Shota Imanaga,Andre Pallante,684007,669467,3,0,CHC,0,3,3,N,1
777350,2025-06-26,2025-06-26T18:10:00Z,Daikin Park,R,PHI,HOU,143,117,Cristopher Sánchez,Hunter Brown,650911,686613,1,2,HOU,1,3,1,N,1
777351,2025-06-26,2025-06-26T17:10:00Z,Comerica Park,R,ATH,DET,133,116,Jeffrey Springs,Dietrich Enns,605488,608650,0,8,DET,1,8,8,N,1
777352,2025-06-26,2025-06-26T23:10:00Z,Citi Field,R,ATL,NYM,144,121,Grant Holmes,Griffin Canning,656550,656288,0,4,NYM,1,4,4,N,1
777353,2025-06-26,2025-06-26T18:10:00Z,Kauffman Stadium,R,TB,KC,139,118,Shane Baz,Michael Lorenzen,669358,547179,4,0,TB,0,4,4,N,1
777354,2025-06-26,2025-06-26T17:10:00Z,Progressive Field,R,TOR,CLE,141,114,Kevin Gausman,Tanner Bibee,592332,676440,6,0,TOR,0,6,6,N,1
777356,2025-06-26,2025-06-26T17:10:00Z,Target Field,R,SEA,MIN,136,142,Emerson Hancock,Simeon Woods Richardson,676106,680573,1,10,MIN,1,11,9,N,1
777331,2025-06-27,2025-06-28T01:38:00Z,Angel Stadium,R,WSH,LAA,120,108,Jake Irvin,José Soriano,663623,667755,15,9,WSH,0,24,6,N,1
777332,2025-06-27,2025-06-28T01:40:00Z,Chase Field,R,MIA,AZ,146,109,Eury Pérez,Merrill Kelly,691587,518876,9,8,MIA,0,17,1,N,1
777334,2025-06-27,2025-06-27T23:10:00Z,Comerica Park,R,MIN,DET,142,116,David Festa,Sawyer Gipson-Long,701581,687830,4,1,MIN,0,5,3,N,1
777335,2025-06-27,2025-06-28T00:10:00Z,Kauffman Stadium,R,LAD,KC,119,118,Dustin May,Noah Cameron,669160,702070,5,4,LAD,0,9,1,N,1
777336,2025-06-27,2025-06-28T00:10:00Z,Daikin Park,R,CHC,HOU,112,117,Cade Horton,Brandon Walter,690990,687888,4,7,HOU,1,11,3,N,1
777337,2025-06-27,2025-06-27T23:05:00Z,Yankee Stadium,R,ATH,NYY,133,147,Mitch Spence,Will Warren,687765,701542,0,3,NYY,1,3,3,N,1
777338,2025-06-27,2025-06-27T23:40:00Z,Rate Field,R,SF,CWS,137,145,Landen Roupp,Aaron Civale,694738,650644,3,1,SF,0,4,2,N,1
777339,2025-06-27,2025-06-28T00:10:00Z,American Family Field,R,COL,MIL,115,158,Kyle Freeland,Jose Quintana,607536,500779,6,10,MIL,1,16,4,N,1
777340,2025-06-27,2025-06-28T00:05:00Z,Globe Life Field,R,SEA,TEX,136,140,Logan Gilbert,Nathan Eovaldi,669302,543135,7,6,SEA,0,13,1,N,1
777341,2025-06-27,2025-06-27T22:40:00Z,PNC Park,R,NYM,PIT,121,134,David Peterson,Mitch Keller,656849,656605,1,9,PIT,1,10,8,N,1
777342,2025-06-27,2025-06-27T23:15:00Z,Truist Park,R,PHI,ATL,143,144,Mick Abel,Bryce Elder,690953,693821,13,0,PHI,0,13,13,N,1
777343,2025-06-27,2025-06-27T23:05:00Z,Oriole Park at Camden Yards,R,TB,BAL,139,110,Ryan Pepiot,Tomoyuki Sugano,686752,608372,8,22,BAL,1,30,14,N,1
777345,2025-06-27,2025-06-27T23:10:00Z,Fenway Park,R,TOR,BOS,141,111,José Berríos,Brayan Bello,621244,678394,9,0,TOR,0,9,9,N,1
777346,2025-06-27,2025-06-27T23:10:00Z,Great American Ball Park,R,SD,CIN,135,113,Dylan Cease,Nick Martinez,656302,607259,1,8,CIN,1,9,7,N,1
777349,2025-06-27,2025-06-27T23:10:00Z,Progressive Field,R,STL,CLE,138,114,Sonny Gray,Luis Ortiz,543243,682847,5,0,STL,0,5,5,N,1
777315,2025-06-28,2025-06-29T01:38:00Z,Angel Stadium,R,WSH,LAA,120,108,Michael Soroka,Kyle Hendricks,647336,543294,2,8,LAA,1,10,6,N,1
777318,2025-06-28,2025-06-28T20:10:00Z,Chase Field,R,MIA,AZ,146,109,Sandy Alcantara,Brandon Pfaadt,645261,694297,8,7,MIA,0,15,1,N,1
777319,2025-06-28,2025-06-28T20:10:00Z,Kauffman Stadium,R,LAD,KC,119,118,Shohei Ohtani,Seth Lugo,660271,607625,5,9,KC,1,14,4,N,1
777320,2025-06-28,2025-06-28T23:15:00Z,Daikin Park,R,CHC,HOU,112,117,Colin Rea,Lance McCullers Jr.,607067,621121,12,3,CHC,0,15,9,N,1
777321,2025-06-28,2025-06-28T20:10:00Z,American Family Field,R,COL,MIL,115,158,Antonio Senzatela,Quinn Priester,622608,682990,0,5,MIL,1,5,5,N,1
777322,2025-06-28,2025-06-28T20:05:00Z,Globe Life Field,R,SEA,TEX,136,140,Bryan Woo,Kumar Rocker,693433,677958,2,3,TEX,1,5,1,N,1
777323,2025-06-28,2025-06-28T20:10:00Z,Fenway Park,R,TOR,BOS,141,111,Chris Bassitt,Lucas Giolito,605135,608337,1,15,BOS,1,16,14,N,1
777324,2025-06-28,2025-06-28T17:10:00Z,Comerica Park,R,MIN,DET,142,116,Bailey Ober,Casey Mize,641927,663554,5,10,DET,1,15,5,N,1
777325,2025-06-28,2025-06-28T20:05:00Z,PNC Park,R,NYM,PIT,121,134,Paul Blackburn,Bailey Falter,621112,663559,2,9,PIT,1,11,7,N,1
777326,2025-06-28,2025-06-28T17:05:00Z,Yankee Stadium,R,ATH,NYY,133,147,JP Sears,Clarke Schmidt,676664,657376,7,0,ATH,0,7,7,N,1
777327,2025-06-28,2025-06-28T20:10:00Z,Rate Field,R,SF,CWS,137,145,Robbie Ray,Adrian Houser,592662,605288,0,1,CWS,1,1,1,N,1
777328,2025-06-28,2025-06-28T20:10:00Z,Great American Ball Park,R,SD,CIN,135,113,Randy Vásquez,Andrew Abbott,681190,671096,6,4,SD,0,10,2,N,1
777329,2025-06-28,2025-06-28T20:10:00Z,Progressive Field,R,STL,CLE,138,114,Miles Mikolas,Slade Cecconi,571945,677944,9,6,STL,0,15,3,N,1
777330,2025-06-28,2025-06-28T20:05:00Z,Oriole Park at Camden Yards,R,TB,BAL,139,110,Zack Littell,Zach Eflin,641793,621107,11,3,TB,0,14,8,N,1
777333,2025-06-28,2025-06-28T23:15:00Z,Truist Park,R,PHI,ATL,143,144,Jesús Luzardo,Spencer Schwellenbach,666200,680885,1,6,ATL,1,7,5,N,1
777301,2025-06-29,2025-06-29T18:10:00Z,American Family Field,R,COL,MIL,115,158,Germán Márquez,Chad Patrick,608566,694477,4,3,COL,0,7,1,N,1
777302,2025-06-29,2025-06-29T18:35:00Z,Globe Life Field,R,SEA,TEX,136,140,Luis Castillo,Jack Leiter,622491,683004,6,4,SEA,0,10,2,N,1
777303,2025-06-29,2025-06-29T20:10:00Z,Chase Field,R,MIA,AZ,146,109,Cal Quantrill,Eduardo Rodriguez,615698,593958,6,4,MIA,0,10,2,N,1
777304,2025-06-29,2025-06-29T18:10:00Z,Kauffman Stadium,R,LAD,KC,119,118,Lou Trivino III,Kris Bubic,642152,663460,5,1,LAD,0,6,4,N,1
777305,2025-06-29,2025-06-29T20:07:00Z,Angel Stadium,R,WSH,LAA,120,108,Mitchell Parker,Jack Kochanowicz,680730,686799,7,4,WSH,0,11,3,N,1
777307,2025-06-29,2025-06-29T17:35:00Z,Yankee Stadium,R,ATH,NYY,133,147,Luis Severino,Marcus Stroman,622663,573186,5,12,NYY,1,17,7,N,1
777308,2025-06-29,2025-06-29T18:10:00Z,Daikin Park,R,CHC,HOU,112,117,Jameson Taillon,Framber Valdez,592791,664285,0,2,HOU,1,2,2,N,1
777309,2025-06-29,2025-06-29T16:05:00Z,Progressive Field,R,STL,CLE,138,114,Matthew Liberatore,Logan Allen,669461,671106,7,0,STL,0,7,7,N,1
777310,2025-06-29,2025-06-29T17:35:00Z,Fenway Park,R,TOR,BOS,141,111,Eric Lauer,Walker Buehler,641778,621111,5,3,TOR,0,8,2,N,1
777311,2025-06-29,2025-06-29T18:10:00Z,Rate Field,R,SF,CWS,137,145,Justin Verlander,Jonathan Cannon,434378,686563,2,5,CWS,1,7,3,N,1
777312,2025-06-29,2025-06-29T17:40:00Z,Great American Ball Park,R,SD,CIN,135,113,Stephen Kolek,Nick Lodolo,663568,666157,2,3,CIN,1,5,1,N,1
777313,2025-06-29,2025-06-29T17:35:00Z,PNC Park,R,NYM,PIT,121,134,Frankie Montas,Mike Burrows,593423,681347,1,12,PIT,1,13,11,N,1
777314,2025-06-29,2025-06-29T23:10:00Z,Comerica Park,R,MIN,DET,142,116,Chris Paddack,Tarik Skubal,663978,669373,0,3,DET,1,3,3,N,1
777316,2025-06-29,2025-06-29T17:35:00Z,Truist Park,R,PHI,ATL,143,144,Ranger Suarez,Spencer Strider,624133,675911,2,1,PHI,0,3,1,N,1
777317,2025-06-29,2025-06-29T17:35:00Z,Oriole Park at Camden Yards,R,TB,BAL,139,110,Taj Bradley,Dean Kremer,671737,665152,1,5,BAL,1,6,4,N,1
777291,2025-06-30,2025-07-01T01:40:00Z,Chase Field,R,SF,AZ,137,109,Logan Webb,Ryne Nelson,657277,669194,2,4,AZ,1,6,2,N,1
777292,2025-06-30,2025-07-01T00:05:00Z,Globe Life Field,R,BAL,TEX,110,140,Trevor Rogers,Patrick Corbin,669432,571578,10,6,BAL,0,16,4,N,1
777295,2025-06-30,2025-06-30T23:07:00Z,Rogers Centre,R,NYY,TOR,147,141,Carlos Rodón,Max Scherzer,607074,453286,4,5,TOR,1,9,1,N,1
777296,2025-06-30,2025-06-30T23:35:00Z,George M. Steinbrenner Field,R,ATH,TB,133,139,Jacob Lopez,Drew Rasmussen,682052,656876,6,4,ATH,0,10,2,N,1
777297,2025-06-30,2025-07-01T01:40:00Z,T-Mobile Park,R,KC,SEA,118,136,Michael Wacha,George Kirby,608379,669923,2,6,SEA,1,8,4,N,1
777299,2025-06-30,2025-06-30T22:40:00Z,PNC Park,R,STL,PIT,138,134,Erick Fedde,Andrew Heaney,607200,571760,0,7,PIT,1,7,7,N,1
777300,2025-06-30,2025-06-30T23:10:00Z,Fenway Park,R,CIN,BOS,113,111,Chase Burns,Garrett Crochet,695505,676979,6,13,BOS,1,19,7,N,1
777306,2025-06-30,2025-06-30T22:35:00Z,Citizens Bank Park,R,SD,PHI,135,143,Matt Waldron,Zack Wheeler,663362,554430,0,4,PHI,1,4,4,N,1
777278,2025-07-01,2025-07-02T01:40:00Z,Chase Field,R,SF,AZ,137,109,Hayden Birdsong,Zac Gallen,806185,668678,2,8,AZ,1,10,6,N,1
777280,2025-07-01,2025-07-02T02:10:00Z,Dodger Stadium,R,CWS,LAD,145,119,Shane Smith,Yoshinobu Yamamoto,681343,808967,1,6,LAD,1,7,5,N,1
777281,2025-07-01,2025-07-02T01:40:00Z,T-Mobile Park,R,KC,SEA,118,136,Michael Lorenzen,Emerson Hancock,547179,676106,6,3,KC,0,9,3,N,1
777282,2025-07-01,2025-07-02T00:05:00Z,Globe Life Field,R,BAL,TEX,110,140,Brandon Young,Jacob deGrom,687064,594798,2,10,TEX,1,12,8,N,1
777283,2025-07-01,2025-07-01T19:07:00Z,Rogers Centre,R,NYY,TOR,147,141,Max Fried,Kevin Gausman,608331,592332,5,12,TOR,1,17,7,N,1
777285,2025-07-01,2025-07-02T00:40:00Z,Coors Field,R,HOU,COL,117,115,Colton Gordon,Chase Dollander,676467,801403,6,5,HOU,0,11,1,N,1
777286,2025-07-01,2025-07-01T23:05:00Z,George M. Steinbrenner Field,R,ATH,TB,133,139,Jeffrey Springs,Shane Baz,605488,669358,4,3,ATH,0,7,1,N,1
777287,2025-07-01,2025-07-02T00:05:00Z,Wrigley Field,R,CLE,CHC,114,112,Gavin Williams,Matthew Boyd,668909,571510,2,5,CHC,1,7,3,N,1
777288,2025-07-01,2025-07-01T22:40:00Z,PNC Park,R,STL,PIT,138,134,Andre Pallante,Paul Skenes,669467,694973,0,1,PIT,1,1,1,N,1
777293,2025-07-01,2025-07-01T22:40:00Z,loanDepot park,R,MIN,MIA,142,146,Joe Ryan,Edward Cabrera,657746,665795,0,2,MIA,1,2,2,N,1
777294,2025-07-01,2025-07-02T18:30:00Z,Fenway Park,R,CIN,BOS,113,111,Brady Singer,Richard Fitts,663903,690916,3,5,BOS,1,8,2,N,1
777298,2025-07-01,2025-07-01T23:15:00Z,Truist Park,R,LAA,ATL,108,144,Tyler Anderson,Grant Holmes,542881,656550,4,0,LAA,0,4,4,N,1
777262,2025-07-02,2025-07-03T01:40:00Z,T-Mobile Park,R,KC,SEA,118,136,Noah Cameron,Logan Gilbert,702070,669302,2,3,SEA,1,5,1,N,1
777265,2025-07-02,2025-07-02T22:45:00Z,Nationals Park,R,DET,WSH,116,120,Jack Flaherty,MacKenzie Gore,656427,669022,4,9,WSH,1,13,5,S,2
777266,2025-07-02,2025-07-03T00:05:00Z,Wrigley Field,R,CLE,CHC,114,112,Tanner Bibee,Shota Imanaga,676440,684007,4,5,CHC,1,9,1,N,1
777267,2025-07-02,2025-07-03T02:10:00Z,Dodger Stadium,R,CWS,LAD,145,119,Brandon Eisert,Clayton Kershaw,685126,477132,4,5,LAD,1,9,1,N,1
777268,2025-07-02,2025-07-03T00:05:00Z,Globe Life Field,R,BAL,TEX,110,140,Tomoyuki Sugano,Nathan Eovaldi,608372,543135,0,6,TEX,1,6,6,N,1
777269,2025-07-02,2025-07-03T00:40:00Z,Coors Field,R,HOU,COL,117,115,Hunter Brown,Austin Gomber,686613,596295,5,3,HOU,0,8,2,N,1
777270,2025-07-02,2025-07-03T01:40:00Z,Chase Field,R,SF,AZ,137,109,Landen Roupp,Merrill Kelly,694738,518876,6,5,SF,0,11,1,N,1
777271,2025-07-02,2025-07-02T16:10:00Z,George M. Steinbrenner Field,R,ATH,TB,133,139,Mitch Spence,Ryan Pepiot,687765,686752,5,6,TB,1,11,1,N,1
777272,2025-07-02,2025-07-02T16:35:00Z,PNC Park,R,STL,PIT,138,134,Sonny Gray,Mitch Keller,543243,656605,0,5,PIT,1,5,5,N,1
777273,2025-07-02,2025-07-02T17:05:00Z,Citizens Bank Park,R,SD,PHI,135,143,Nick Pivetta,Mick Abel,601713,690953,6,4,SD,0,10,2,S,1
777274,2025-07-02,2025-07-02T23:07:00Z,Rogers Centre,R,NYY,TOR,147,141,Will Warren,José Berríos,701542,621244,9,11,TOR,1,20,2,N,1
777275,2025-07-02,2025-07-02T22:40:00Z,loanDepot park,R,MIN,MIA,142,146,Simeon Woods Richardson,Janson Junk,680573,676083,2,1,MIN,0,3,1,N,1
777276,2025-07-02,2025-07-02T23:10:00Z,Citi Field,R,MIL,NYM,158,121,Jacob Misiorowski,Huascar Brazobán,694819,623211,3,7,NYM,1,10,4,S,2
777277,2025-07-02,2025-07-02T23:10:00Z,Fenway Park,R,CIN,BOS,113,111,Nick Martinez,Brennan Bernardino,607259,657514,8,4,CIN,0,12,4,N,1
777279,2025-07-02,2025-07-02T23:15:00Z,Truist Park,R,LAA,ATL,108,144,Yusei Kikuchi,Didier Fuentes,579328,800311,3,8,ATL,1,11,5,N,1
777284,2025-07-02,2025-07-02T17:05:00Z,Nationals Park,R,DET,WSH,116,120,Tyler Holton,Trevor Williams,663947,592866,11,2,DET,0,13,9,S,1
777289,2025-07-02,2025-07-02T17:10:00Z,Citi Field,R,MIL,NYM,158,121,Freddy Peralta,Clay Holmes,642547,605280,7,2,MIL,0,9,5,S,1
777290,2025-07-02,2025-07-02T22:15:00Z,Citizens Bank Park,R,SD,PHI,135,143,Dylan Cease,Cristopher Sánchez,656302,650911,1,5,PHI,1,6,4,S,2
777251,2025-07-03,2025-07-04T02:10:00Z,T-Mobile Park,R,KC,SEA,118,136,Seth Lugo,Logan Evans,607625,688138,3,2,KC,0,5,1,N,1
777253,2025-07-03,2025-07-04T02:10:00Z,Dodger Stadium,R,CWS,LAD,145,119,Aaron Civale,Dustin May,650644,669160,2,6,LAD,1,8,4,N,1
777256,2025-07-03,2025-07-04T01:40:00Z,Chase Field,R,SF,AZ,137,109,Robbie Ray,Brandon Pfaadt,592662,694297,7,2,SF,0,9,5,N,1
777257,2025-07-03,2025-07-03T23:10:00Z,Citi Field,R,MIL,NYM,158,121,Jose Quintana,David Peterson,500779,656849,2,3,NYM,1,5,1,N,1
777258,2025-07-03,2025-07-03T22:45:00Z,Nationals Park,R,DET,WSH,116,120,Dietrich Enns,Jake Irvin,608650,663623,7,11,WSH,1,18,4,N,1
777259,2025-07-03,2025-07-04T00:05:00Z,Wrigley Field,R,CLE,CHC,114,112,Joey Cantillo,Cade Horton,676282,690990,0,1,CHC,1,1,1,N,1
777260,2025-07-03,2025-07-03T23:07:00Z,Rogers Centre,R,NYY,TOR,147,141,Clarke Schmidt,Chris Bassitt,657376,605135,5,8,TOR,1,13,3,N,1
777261,2025-07-03,2025-07-03T23:15:00Z,Truist Park,R,LAA,ATL,108,144,José Soriano,Bryce Elder,667755,693821,5,1,LAA,0,6,4,N,1
777263,2025-07-03,2025-07-03T16:10:00Z,loanDepot park,R,MIN,MIA,142,146,David Festa,Eury Pérez,701581,691587,1,4,MIA,1,5,3,N,1
777264,2025-07-03,2025-07-03T19:10:00Z,Coors Field,R,HOU,COL,117,115,Brandon Walter,Kyle Freeland,687888,607536,6,7,COL,1,13,1,N,1
777235,2025-07-04,2025-07-05T01:10:00Z,Dodger Stadium,R,HOU,LAD,117,119,Lance McCullers Jr.,Ben Casparius,621121,676508,18,1,HOU,0,19,17,N,1
777236,2025-07-04,2025-07-04T20:10:00Z,T-Mobile Park,R,PIT,SEA,134,136,Bailey Falter,Bryan Woo,663559,693433,0,6,SEA,1,6,6,N,1
777239,2025-07-04,2025-07-04T22:40:00Z,Petco Park,R,TEX,SD,140,135,Kumar Rocker,Randy Vásquez,677958,681190,2,3,SD,1,5,1,N,1
777242,2025-07-04,2025-07-04T23:07:00Z,Rogers Centre,R,LAA,TOR,108,141,Kyle Hendricks,Eric Lauer,543294,641778,3,4,TOR,1,7,1,N,1
777243,2025-07-04,2025-07-05T00:10:00Z,Coors Field,R,CWS,COL,145,115,Adrian Houser,Antonio Senzatela,605288,622608,3,2,CWS,0,5,1,N,1
777244,2025-07-04,2025-07-05T02:05:00Z,Sutter Health Park,R,SF,ATH,137,133,Justin Verlander,JP Sears,434378,676664,2,11,ATH,1,13,9,N,1
777245,2025-07-04,2025-07-04T15:05:00Z,Nationals Park,R,BOS,WSH,111,120,Lucas Giolito,Michael Soroka,608337,647336,11,2,BOS,0,13,9,N,1
777246,2025-07-04,2025-07-04T18:20:00Z,Wrigley Field,R,STL,CHC,138,112,Miles Mikolas,Colin Rea,571945,607067,3,11,CHC,1,14,8,N,1
777247,2025-07-04,2025-07-04T20:10:00Z,Target Field,R,TB,MIN,139,142,Zack Littell,Chris Paddack,641793,663978,3,4,MIN,1,7,1,N,1
777248,2025-07-04,2025-07-05T01:40:00Z,Chase Field,R,KC,AZ,118,109,Kris Bubic,Eduardo Rodriguez,663460,593958,9,3,KC,0,12,6,N,1
777249,2025-07-04,2025-07-04T23:10:00Z,Progressive Field,R,DET,CLE,116,114,Reese Olson,Slade Cecconi,681857,677944,2,1,DET,0,3,1,N,1
777250,2025-07-04,2025-07-04T19:10:00Z,Citi Field,R,NYY,NYM,147,121,Marcus Stroman,Justin Hagenman,573186,663795,5,6,NYM,1,11,1,N,1
777252,2025-07-04,2025-07-04T23:15:00Z,Truist Park,R,BAL,ATL,110,144,Charlie Morton,Spencer Strider,450203,675911,3,2,BAL,0,5,1,N,1
777254,2025-07-04,2025-07-04T23:10:00Z,loanDepot park,R,MIL,MIA,158,146,Quinn Priester,Sandy Alcantara,682990,645261,6,5,MIL,0,11,1,N,1
777255,2025-07-04,2025-07-04T17:05:00Z,Citizens Bank Park,R,CIN,PHI,113,143,Andrew Abbott,Jesús Luzardo,671096,666200,9,6,CIN,0,15,3,N,1
777221,2025-07-05,2025-07-05T23:15:00Z,Dodger Stadium,R,HOU,LAD,117,119,Framber Valdez,Shohei Ohtani,664285,660271,6,4,HOU,0,10,2,N,1
777223,2025-07-05,2025-07-06T01:40:00Z,Petco Park,R,TEX,SD,140,135,Patrick Corbin,Stephen Kolek,571578,663568,7,4,TEX,0,11,3,N,1
777225,2025-07-05,2025-07-06T02:10:00Z,T-Mobile Park,R,PIT,SEA,134,136,Mike Burrows,Luis Castillo,681347,622491,0,1,SEA,1,1,1,N,1
777227,2025-07-05,2025-07-06T02:05:00Z,Sutter Health Park,R,SF,ATH,137,133,Logan Webb,Luis Severino,657277,622663,7,2,SF,0,9,5,N,1
777228,2025-07-05,2025-07-05T20:05:00Z,Nationals Park,R,BOS,WSH,111,120,Walker Buehler,Mitchell Parker,621111,680730,10,3,BOS,0,13,7,N,1
777229,2025-07-05,2025-07-05T18:20:00Z,Wrigley Field,R,STL,CHC,138,112,Matthew Liberatore,Drew Pomeranz,669461,519141,8,6,STL,0,14,2,N,1
777230,2025-07-05,2025-07-05T18:10:00Z,Target Field,R,TB,MIN,139,142,Taj Bradley,Cole Sands,671737,663485,5,6,MIN,1,11,1,N,1
777231,2025-07-05,2025-07-05T19:07:00Z,Rogers Centre,R,LAA,TOR,108,141,Jack Kochanowicz,Max Scherzer,686799,453286,3,4,TOR,1,7,1,N,1
777232,2025-07-05,2025-07-06T01:10:00Z,Coors Field,R,CWS,COL,145,115,Jonathan Cannon,Germán Márquez,686563,608566,10,3,CWS,0,13,7,N,1
777233,2025-07-05,2025-07-05T20:05:00Z,Citizens Bank Park,R,CIN,PHI,113,143,Nick Lodolo,Ranger Suarez,666157,624133,1,5,PHI,1,6,4,N,1
777234,2025-07-05,2025-07-05T20:10:00Z,Chase Field,R,KC,AZ,118,109,Michael Wacha,Ryne Nelson,608379,669194,1,7,AZ,1,8,6,N,1
777237,2025-07-05,2025-07-05T20:10:00Z,Truist Park,R,BAL,ATL,110,144,Dean Kremer,Aaron Bummer,665152,607481,9,6,BAL,0,15,3,N,1
777238,2025-07-05,2025-07-05T20:10:00Z,loanDepot park,R,MIL,MIA,158,146,Chad Patrick,Cal Quantrill,694477,615698,2,4,MIA,1,6,2,N,1
777240,2025-07-05,2025-07-05T23:15:00Z,Progressive Field,R,DET,CLE,116,114,Casey Mize,Logan Allen,663554,671106,1,0,DET,0,1,1,N,1
777241,2025-07-05,2025-07-05T20:10:00Z,Citi Field,R,NYY,NYM,147,121,Carlos Rodón,Frankie Montas,607074,593423,6,12,NYM,1,18,6,N,1
777205,2025-07-06,2025-07-06T20:10:00Z,T-Mobile Park,R,PIT,SEA,134,136,Paul Skenes,George Kirby,694973,669923,0,1,SEA,1,1,1,N,1
777206,2025-07-06,2025-07-06T20:10:00Z,Dodger Stadium,R,HOU,LAD,117,119,Ryan Gusto,Emmet Sheehan,687473,686218,5,1,HOU,0,6,4,N,1
777207,2025-07-06,2025-07-07T01:10:00Z,Petco Park,R,TEX,SD,140,135,Jack Leiter,David Morgan,683004,688158,1,4,SD,1,5,3,N,1
777210,2025-07-06,2025-07-07T02:05:00Z,Sutter Health Park,R,SF,ATH,137,133,Hayden Birdsong,Jacob Lopez,806185,682052,6,2,SF,0,8,4,N,1
777213,2025-07-06,2025-07-06T17:35:00Z,Nationals Park,R,BOS,WSH,111,120,Garrett Crochet,Shinnosuke Ogasawara,676979,829272,6,4,BOS,0,10,2,N,1
777214,2025-07-06,2025-07-06T17:37:00Z,Rogers Centre,R,LAA,TOR,108,141,Tyler Anderson,Kevin Gausman,542881,592332,2,3,TOR,1,5,1,N,1
777215,2025-07-06,2025-07-06T19:10:00Z,Coors Field,R,CWS,COL,145,115,Shane Smith,Chase Dollander,681343,801403,4,6,COL,1,10,2,N,1
777216,2025-07-06,2025-07-06T17:40:00Z,Citi Field,R,NYY,NYM,147,121,Max Fried,Chris Devenski,608331,606965,6,4,NYY,0,10,2,N,1
777217,2025-07-06,2025-07-06T17:35:00Z,Citizens Bank Park,R,CIN,PHI,113,143,Chase Burns,Zack Wheeler,695505,554430,1,3,PHI,1,4,2,N,1
777218,2025-07-06,2025-07-06T20:10:00Z,Chase Field,R,KC,AZ,118,109,Michael Lorenzen,Anthony DeSclafani,547179,543101,4,0,KC,0,4,4,N,1
777219,2025-07-06,2025-07-06T22:10:00Z,Wrigley Field,R,STL,CHC,138,112,Erick Fedde,Matthew Boyd,607200,571510,0,11,CHC,1,11,11,N,1
777220,2025-07-06,2025-07-06T18:10:00Z,Target Field,R,TB,MIN,139,142,Drew Rasmussen,Joe Ryan,656876,657746,7,5,TB,0,12,2,N,1
777222,2025-07-06,2025-07-06T15:35:00Z,Truist Park,R,BAL,ATL,110,144,Trevor Rogers,Grant Holmes,669432,656550,2,1,BAL,0,3,1,N,1
777224,2025-07-06,2025-07-06T17:40:00Z,loanDepot park,R,MIL,MIA,158,146,Brandon Woodruff,Edward Cabrera,605540,665795,3,1,MIL,0,4,2,N,1
777226,2025-07-06,2025-07-06T17:40:00Z,Progressive Field,R,DET,CLE,116,114,Tarik Skubal,Gavin Williams,669373,668909,7,2,DET,0,9,5,N,1
777199,2025-07-07,2025-07-08T01:45:00Z,Oracle Park,R,PHI,SF,143,137,Cristopher Sánchez,Landen Roupp,650911,694738,1,3,SF,1,4,2,N,1
777200,2025-07-07,2025-07-08T01:38:00Z,Angel Stadium,R,TEX,LAA,140,108,Jacob deGrom,Yusei Kikuchi,594798,579328,5,6,LAA,1,11,1,N,1
777201,2025-07-07,2025-07-07T23:40:00Z,American Family Field,R,LAD,MIL,119,158,Yoshinobu Yamamoto,Freddy Peralta,808967,642547,1,9,MIL,1,10,8,N,1
777202,2025-07-07,2025-07-08T00:10:00Z,Daikin Park,R,CLE,HOU,114,117,Tanner Bibee,Colton Gordon,676440,676467,7,5,CLE,0,12,2,N,1
777203,2025-07-07,2025-07-08T01:40:00Z,Petco Park,R,AZ,SD,109,135,Zac Gallen,Yu Darvish,668678,506433,6,3,AZ,0,9,3,N,1
777204,2025-07-07,2025-07-07T23:40:00Z,Kauffman Stadium,R,PIT,KC,134,118,Andrew Heaney,Noah Cameron,571760,702070,3,9,KC,1,12,6,N,1
777208,2025-07-07,2025-07-07T23:10:00Z,Great American Ball Park,R,MIA,CIN,146,113,Janson Junk,Brady Singer,676083,663903,5,1,MIA,0,6,4,N,1
777209,2025-07-07,2025-07-07T23:10:00Z,Fenway Park,R,COL,BOS,115,111,Austin Gomber,Richard Fitts,596295,690916,3,9,BOS,1,12,6,N,1
777211,2025-07-07,2025-07-07T22:40:00Z,Comerica Park,R,TB,DET,139,116,Shane Baz,Keider Montero,669358,672456,1,5,DET,1,6,4,N,1
777212,2025-07-07,2025-07-07T23:40:00Z,Rate Field,R,TOR,CWS,141,145,José Berríos,Sean Burke,621244,680732,8,4,TOR,0,12,4,N,1
777180,2025-07-08,2025-07-09T01:38:00Z,Angel Stadium,R,TEX,LAA,140,108,Nathan Eovaldi,José Soriano,543135,667755,13,1,TEX,0,14,12,N,1
777185,2025-07-08,2025-07-09T01:40:00Z,Petco Park,R,AZ,SD,109,135,Merrill Kelly,Nick Pivetta,518876,601713,0,1,SD,1,1,1,N,1
777186,2025-07-08,2025-07-09T01:45:00Z,Oracle Park,R,PHI,SF,143,137,Taijuan Walker,Robbie Ray,592836,592662,3,4,SF,1,7,1,N,1
777187,2025-07-08,2025-07-08T23:05:00Z,Yankee Stadium,R,SEA,NYY,136,147,Logan Gilbert,Will Warren,669302,701542,3,10,NYY,1,13,7,N,1
777188,2025-07-08,2025-07-08T23:40:00Z,Rate Field,R,TOR,CWS,141,145,Chris Bassitt,Aaron Civale,605135,650644,6,1,TOR,0,7,5,N,1
777189,2025-07-08,2025-07-09T02:05:00Z,Sutter Health Park,R,ATL,ATH,144,133,Didier Fuentes,Jeffrey Springs,800311,605488,1,10,ATH,1,11,9,N,1
777190,2025-07-08,2025-07-08T23:40:00Z,Target Field,R,CHC,MIN,112,142,Shota Imanaga,Simeon Woods Richardson,684007,680573,1,8,MIN,1,9,7,N,1
777191,2025-07-08,2025-07-08T23:45:00Z,Busch Stadium,R,WSH,STL,120,138,Jake Irvin,Sonny Gray,663623,543243,2,4,STL,1,6,2,N,1
777192,2025-07-08,2025-07-09T00:10:00Z,Daikin Park,R,CLE,HOU,114,117,Joey Cantillo,Hunter Brown,676282,686613,10,6,CLE,0,16,4,N,1
777193,2025-07-08,2025-07-08T23:40:00Z,American Family Field,R,LAD,MIL,119,158,Clayton Kershaw,Jacob Misiorowski,477132,694819,1,3,MIL,1,4,2,N,1
777194,2025-07-08,2025-07-08T23:40:00Z,Kauffman Stadium,R,PIT,KC,134,118,Mitch Keller,Seth Lugo,656605,607625,3,4,KC,1,7,1,N,1
777195,2025-07-08,2025-07-08T22:40:00Z,Comerica Park,R,TB,DET,139,116,Ryan Pepiot,Jack Flaherty,686752,656427,2,4,DET,1,6,2,N,1
777196,2025-07-08,2025-07-08T23:10:00Z,Fenway Park,R,COL,BOS,115,111,Kyle Freeland,Brayan Bello,607536,678394,2,10,BOS,1,12,8,N,1
777197,2025-07-08,2025-07-08T23:10:00Z,Great American Ball Park,R,MIA,CIN,146,113,Eury Pérez,Nick Martinez,691587,607259,12,2,MIA,0,14,10,N,1
777198,2025-07-08,2025-07-08T22:35:00Z,Oriole Park at Camden Yards,R,NYM,BAL,121,110,Clay Holmes,Brandon Young,605280,687064,7,6,NYM,0,13,1,N,1
777162,2025-07-09,2025-07-10T01:40:00Z,Petco Park,R,AZ,SD,109,135,Brandon Pfaadt,Dylan Cease,694297,656302,8,2,AZ,0,10,6,N,1
777163,2025-07-09,2025-07-09T19:45:00Z,Oracle Park,R,PHI,SF,143,137,Jesús Luzardo,Justin Verlander,666200,434378,13,0,PHI,0,13,13,N,1
777171,2025-07-09,2025-07-10T01:38:00Z,Angel Stadium,R,TEX,LAA,140,108,Kumar Rocker,Kyle Hendricks,677958,543294,8,11,LAA,1,19,3,N,1
777172,2025-07-09,2025-07-09T18:10:00Z,Rate Field,R,TOR,CWS,141,145,Eric Lauer,Adrian Houser,641778,605288,1,2,CWS,1,3,1,N,1
777173,2025-07-09,2025-07-09T23:40:00Z,Target Field,R,CHC,MIN,112,142,Cade Horton,David Festa,690990,701581,2,4,MIN,1,6,2,N,1
777174,2025-07-09,2025-07-10T00:10:00Z,Daikin Park,R,CLE,HOU,114,117,Slade Cecconi,Brandon Walter,677944,687888,4,2,CLE,0,6,2,N,1
777175,2025-07-09,2025-07-09T18:10:00Z,American Family Field,R,LAD,MIL,119,158,Tyler Glasnow,Jose Quintana,607192,500779,2,3,MIL,1,5,1,N,1
777176,2025-07-09,2025-07-10T02:05:00Z,Sutter Health Park,R,ATL,ATH,144,133,Bryce Elder,Mitch Spence,693821,687765,9,2,ATL,0,11,7,N,1
777177,2025-07-09,2025-07-09T23:40:00Z,Kauffman Stadium,R,PIT,KC,134,118,Bailey Falter,Kris Bubic,663559,663460,3,4,KC,1,7,1,N,1
777178,2025-07-09,2025-07-09T23:45:00Z,Busch Stadium,R,WSH,STL,120,138,MacKenzie Gore,Andre Pallante,669022,669467,8,2,WSH,0,10,6,N,1
777179,2025-07-09,2025-07-09T23:10:00Z,Fenway Park,R,COL,BOS,115,111,Antonio Senzatela,Lucas Giolito,622608,608337,2,10,BOS,1,12,8,N,1
777182,2025-07-09,2025-07-09T21:10:00Z,Comerica Park,R,TB,DET,139,116,Zack Littell,Reese Olson,641793,681857,7,3,TB,0,10,4,N,1
777183,2025-07-09,2025-07-09T23:10:00Z,Great American Ball Park,R,MIA,CIN,146,113,Sandy Alcantara,Andrew Abbott,645261,671096,2,7,CIN,1,9,5,N,1
777184,2025-07-09,2025-07-09T23:05:00Z,Yankee Stadium,R,SEA,NYY,136,147,Logan Evans,Cam Schlittler,688138,693645,6,9,NYY,1,15,3,N,1
777156,2025-07-10,2025-07-11T01:05:00Z,Sutter Health Park,R,ATL,ATH,144,133,Spencer Strider,JP Sears,675911,676664,4,5,ATH,1,9,1,N,1
777158,2025-07-10,2025-07-11T01:40:00Z,Petco Park,R,AZ,SD,109,135,Eduardo Rodriguez,Randy Vásquez,593958,681190,3,4,SD,1,7,1,N,1
777159,2025-07-10,2025-07-11T01:38:00Z,Angel Stadium,R,TEX,LAA,140,108,Patrick Corbin,Jack Kochanowicz,571578,686799,11,4,TEX,0,15,7,N,1
777165,2025-07-10,2025-07-10T16:05:00Z,Oriole Park at Camden Yards,R,NYM,BAL,121,110,David Peterson,Charlie Morton,656849,450203,1,3,BAL,1,4,2,S,1
777166,2025-07-10,2025-07-10T17:10:00Z,Target Field,R,CHC,MIN,112,142,Colin Rea,Chris Paddack,607067,663978,8,1,CHC,0,9,7,N,1
777167,2025-07-10,2025-07-10T23:45:00Z,Busch Stadium,R,WSH,STL,120,138,Michael Soroka,Miles Mikolas,647336,571945,1,8,STL,1,9,7,N,1
777168,2025-07-10,2025-07-10T21:10:00Z,Great American Ball Park,R,MIA,CIN,146,113,Cal Quantrill,Nick Lodolo,615698,666157,0,6,CIN,1,6,6,N,1
777169,2025-07-10,2025-07-10T23:05:00Z,Yankee Stadium,R,SEA,NYY,136,147,Bryan Woo,Marcus Stroman,693433,573186,5,6,NYY,1,11,1,N,1
777170,2025-07-10,2025-07-10T23:10:00Z,Fenway Park,R,TB,BOS,139,111,Taj Bradley,Walker Buehler,671737,621111,3,4,BOS,1,7,1,N,1
777181,2025-07-10,2025-07-10T21:05:00Z,Oriole Park at Camden Yards,R,NYM,BAL,121,110,Brandon Waddell,Tomoyuki Sugano,663399,608372,3,7,BAL,1,10,4,S,2
777139,2025-07-11,2025-07-12T01:40:00Z,Petco Park,R,PHI,SD,143,135,Ranger Suarez,Ryan Bergert,624133,686701,2,4,SD,1,6,2,N,1
777143,2025-07-11,2025-07-12T02:15:00Z,Oracle Park,R,LAD,SF,119,137,Dustin May,Logan Webb,669160,657277,7,8,SF,1,15,1,N,1
777146,2025-07-11,2025-07-12T00:10:00Z,Rate Field,R,CLE,CWS,114,145,Gavin Williams,Jonathan Cannon,668909,686563,4,5,CWS,1,9,1,S,2
777147,2025-07-11,2025-07-12T00:15:00Z,Busch Stadium,R,ATL,STL,144,138,Grant Holmes,Matthew Liberatore,656550,669461,6,5,ATL,0,11,1,N,1
777148,2025-07-11,2025-07-12T00:10:00Z,Target Field,R,PIT,MIN,134,142,Paul Skenes,Joe Ryan,694973,657746,1,2,MIN,1,3,1,N,1
777149,2025-07-11,2025-07-12T00:10:00Z,American Family Field,R,WSH,MIL,120,158,Mitchell Parker,DL Hall,680730,669084,3,8,MIL,1,11,5,N,1
777150,2025-07-11,2025-07-12T01:38:00Z,Angel Stadium,R,AZ,LAA,109,108,Ryne Nelson,Tyler Anderson,669194,542881,5,6,LAA,1,11,1,N,1
777151,2025-07-11,2025-07-12T00:10:00Z,Kauffman Stadium,R,NYM,KC,121,118,Kodai Senga,Michael Wacha,673540,608379,8,3,NYM,0,11,5,N,1
777152,2025-07-11,2025-07-12T02:05:00Z,Sutter Health Park,R,TOR,ATH,141,133,Max Scherzer,Luis Severino,453286,622663,7,6,TOR,0,13,1,N,1
777153,2025-07-11,2025-07-11T23:05:00Z,Yankee Stadium,R,CHC,NYY,112,147,Chris Flexen,Carlos Rodón,623167,607074,0,11,NYY,1,11,11,N,1
777154,2025-07-11,2025-07-12T00:10:00Z,Daikin Park,R,TEX,HOU,140,117,Jack Leiter,Lance McCullers Jr.,683004,621121,7,3,TEX,0,10,4,N,1
777155,2025-07-11,2025-07-11T23:10:00Z,Fenway Park,R,TB,BOS,139,111,Drew Rasmussen,Hunter Dobbins,656876,690928,4,5,BOS,1,9,1,N,1
777157,2025-07-11,2025-07-11T23:05:00Z,Oriole Park at Camden Yards,R,MIA,BAL,146,110,Edward Cabrera,Dean Kremer,665795,665152,2,5,BAL,1,7,3,N,1
777160,2025-07-11,2025-07-11T23:10:00Z,Great American Ball Park,R,COL,CIN,115,113,Germán Márquez,Chase Burns,608566,695505,3,2,COL,0,5,1,N,1
777161,2025-07-11,2025-07-11T23:10:00Z,Comerica Park,R,SEA,DET,136,116,Luis Castillo,Tarik Skubal,622491,669373,12,3,SEA,0,15,9,N,1
777164,2025-07-11,2025-07-11T19:10:00Z,Rate Field,R,CLE,CWS,114,145,Logan Allen,Shane Smith,671106,681343,4,2,CLE,0,6,2,S,1
777126,2025-07-12,2025-07-12T23:35:00Z,Petco Park,R,PHI,SD,143,135,Zack Wheeler,Yu Darvish,554430,506433,4,5,SD,1,9,1,N,1
777127,2025-07-12,2025-07-12T20:05:00Z,Oracle Park,R,LAD,SF,119,137,Shohei Ohtani,Landen Roupp,660271,694738,2,1,LAD,0,3,1,N,1
777131,2025-07-12,2025-07-13T01:38:00Z,Angel Stadium,R,AZ,LAA,109,108,Zac Gallen,Yusei Kikuchi,668678,579328,5,10,LAA,1,15,5,N,1
777132,2025-07-12,2025-07-13T02:05:00Z,Sutter Health Park,R,TOR,ATH,141,133,Kevin Gausman,Jacob Lopez,592332,682052,3,4,ATH,1,7,1,N,1
777133,2025-07-12,2025-07-12T18:15:00Z,Busch Stadium,R,ATL,STL,144,138,,Erick Fedde,,607200,7,6,ATL,0,13,1,N,1
777134,2025-07-12,2025-07-12T18:10:00Z,Target Field,R,PIT,MIN,134,142,Mike Burrows,Cole Sands,681347,663485,4,12,MIN,1,16,8,N,1
777135,2025-07-12,2025-07-12T20:10:00Z,American Family Field,R,WSH,MIL,120,158,Shinnosuke Ogasawara,Brandon Woodruff,829272,605540,5,6,MIL,1,11,1,N,1
777136,2025-07-12,2025-07-12T20:10:00Z,Kauffman Stadium,R,NYM,KC,121,118,Frankie Montas,Angel Zerpa,593423,672582,3,1,NYM,0,4,2,N,1
777137,2025-07-12,2025-07-12T23:35:00Z,Daikin Park,R,TEX,HOU,140,117,Jacob deGrom,Framber Valdez,594798,664285,4,5,HOU,1,9,1,N,1
777138,2025-07-12,2025-07-12T20:10:00Z,Rate Field,R,CLE,CWS,114,145,Tanner Bibee,Sean Burke,676440,680732,6,2,CLE,0,8,4,N,1
777140,2025-07-12,2025-07-12T20:10:00Z,Great American Ball Park,R,COL,CIN,115,113,Bradley Blalock,Brady Singer,687134,663903,3,4,CIN,1,7,1,N,1
777141,2025-07-12,2025-07-12T20:05:00Z,Oriole Park at Camden Yards,R,MIA,BAL,146,110,Janson Junk,Trevor Rogers,676083,669432,6,0,MIA,0,6,6,N,1
777142,2025-07-12,2025-07-12T17:05:00Z,Yankee Stadium,R,CHC,NYY,112,147,Matthew Boyd,Max Fried,571510,608331,5,2,CHC,0,7,3,N,1
777144,2025-07-12,2025-07-12T20:10:00Z,Fenway Park,R,TB,BOS,139,111,Shane Baz,Garrett Crochet,669358,676979,0,1,BOS,1,1,1,N,1
777145,2025-07-12,2025-07-12T17:10:00Z,Comerica Park,R,SEA,DET,136,116,George Kirby,Casey Mize,669923,663554,15,7,SEA,0,22,8,N,1
777113,2025-07-13,2025-07-13T18:10:00Z,Target Field,R,PIT,MIN,134,142,Mitch Keller,Simeon Woods Richardson,656605,680573,2,1,PIT,0,3,1,N,1
777115,2025-07-13,2025-07-13T20:07:00Z,Angel Stadium,R,AZ,LAA,109,108,Merrill Kelly,José Soriano,518876,667755,5,1,AZ,0,6,4,N,1
777116,2025-07-13,2025-07-13T20:05:00Z,Sutter Health Park,R,TOR,ATH,141,133,José Berríos,Jeffrey Springs,621244,605488,3,6,ATH,1,9,3,N,1
777117,2025-07-13,2025-07-13T20:10:00Z,Petco Park,R,PHI,SD,143,135,Cristopher Sánchez,Nick Pivetta,650911,601713,2,1,PHI,0,3,1,N,1
777118,2025-07-13,2025-07-13T18:15:00Z,Busch Stadium,R,ATL,STL,144,138,Davis Daniel,Sonny Gray,669721,543243,4,5,STL,1,9,1,N,1
777119,2025-07-13,2025-07-13T20:05:00Z,Oracle Park,R,LAD,SF,119,137,Yoshinobu Yamamoto,Robbie Ray,808967,592662,5,2,LAD,0,7,3,N,1
777120,2025-07-13,2025-07-13T18:10:00Z,Rate Field,R,CLE,CWS,114,145,Joey Cantillo,Aaron Civale,676282,650644,6,5,CLE,0,11,1,N,1
777121,2025-07-13,2025-07-13T17:40:00Z,Comerica Park,R,SEA,DET,136,116,Logan Gilbert,Jack Flaherty,669302,656427,8,4,SEA,0,12,4,N,1
777122,2025-07-13,2025-07-13T17:35:00Z,Yankee Stadium,R,CHC,NYY,112,147,Shota Imanaga,Will Warren,684007,701542,4,1,CHC,0,5,3,N,1
777123,2025-07-13,2025-07-13T18:10:00Z,American Family Field,R,WSH,MIL,120,158,Jake Irvin,Freddy Peralta,663623,642547,1,8,MIL,1,9,7,N,1
777124,2025-07-13,2025-07-13T18:10:00Z,Kauffman Stadium,R,NYM,KC,121,118,Clay Holmes,Noah Cameron,605280,702070,2,3,KC,1,5,1,N,1
777125,2025-07-13,2025-07-13T18:10:00Z,Daikin Park,R,TEX,HOU,140,117,Nathan Eovaldi,Hunter Brown,543135,686613,5,1,TEX,0,6,4,N,1
777128,2025-07-13,2025-07-13T17:40:00Z,Great American Ball Park,R,COL,CIN,115,113,Austin Gomber,Nick Martinez,596295,607259,2,4,CIN,1,6,2,N,1
777129,2025-07-13,2025-07-13T17:35:00Z,Oriole Park at Camden Yards,R,MIA,BAL,146,110,Eury Pérez,Brandon Young,691587,687064,11,1,MIA,0,12,10,N,1
777130,2025-07-13,2025-07-13T17:35:00Z,Fenway Park,R,TB,BOS,139,111,Ryan Pepiot,Brayan Bello,686752,678394,1,4,BOS,1,5,3,N,1
777098,2025-07-18,2025-07-19T00:05:00Z,Globe Life Field,R,DET,TEX,116,140,Reese Olson,Patrick Corbin,681857,571578,0,2,TEX,1,2,2,N,1
777099,2025-07-18,2025-07-19T02:10:00Z,T-Mobile Park,R,HOU,SEA,117,136,Brandon Walter,Luis Castillo,687888,622491,1,6,SEA,1,7,5,N,1
777100,2025-07-18,2025-07-19T01:40:00Z,Chase Field,R,STL,AZ,138,109,Andre Pallante,Brandon Pfaadt,669467,694297,3,7,AZ,1,10,4,N,1
777101,2025-07-18,2025-07-18T18:20:00Z,Wrigley Field,R,BOS,CHC,111,112,Lucas Giolito,Colin Rea,608337,607067,1,4,CHC,1,5,3,N,1
777102,2025-07-18,2025-07-19T00:40:00Z,Coors Field,R,MIN,COL,142,115,Chris Paddack,Kyle Freeland,663978,607536,4,6,COL,1,10,2,N,1
777103,2025-07-18,2025-07-19T02:10:00Z,Dodger Stadium,R,MIL,LAD,158,119,Quinn Priester,Tyler Glasnow,682990,607192,2,0,MIL,0,2,2,N,1
777105,2025-07-18,2025-07-18T23:10:00Z,Progressive Field,R,ATH,CLE,133,114,JP Sears,Slade Cecconi,676664,677944,6,8,CLE,1,14,2,N,1
777106,2025-07-18,2025-07-18T22:45:00Z,Citizens Bank Park,R,LAA,PHI,108,143,Ryan Zeferjahn,Jesús Luzardo,666171,666200,6,5,LAA,0,11,1,N,1
777107,2025-07-18,2025-07-18T22:40:00Z,PNC Park,R,CWS,PIT,145,134,Jonathan Cannon,Bailey Falter,686563,663559,10,1,CWS,0,11,9,N,1
777108,2025-07-18,2025-07-18T23:07:00Z,Rogers Centre,R,SF,TOR,137,141,Justin Verlander,Chris Bassitt,434378,605135,0,4,TOR,1,4,4,N,1
777109,2025-07-18,2025-07-18T23:10:00Z,loanDepot park,R,KC,MIA,118,146,Seth Lugo,Sandy Alcantara,607625,645261,7,8,MIA,1,15,1,N,1
777110,2025-07-18,2025-07-18T23:35:00Z,George M. Steinbrenner Field,R,BAL,TB,110,139,Charlie Morton,Taj Bradley,450203,671737,1,11,TB,1,12,10,N,1
777111,2025-07-18,2025-07-18T23:10:00Z,Citi Field,R,CIN,NYM,113,121,Nick Lodolo,Sean Manaea,666157,640455,8,4,CIN,0,12,4,N,1
777112,2025-07-18,2025-07-18T22:45:00Z,Nationals Park,R,SD,WSH,135,120,Dylan Cease,Michael Soroka,656302,647336,7,2,SD,0,9,5,N,1
777114,2025-07-18,2025-07-18T23:15:00Z,Truist Park,R,NYY,ATL,147,144,Ian Hamilton,Spencer Strider,641656,675911,3,7,ATL,1,10,4,N,1
777080,2025-07-19,2025-07-20T00:10:00Z,Coors Field,R,MIN,COL,142,115,Zebby Matthews,Antonio Senzatela,805673,622608,6,10,COL,1,16,4,N,1
777081,2025-07-19,2025-07-19T23:15:00Z,Chase Field,R,STL,AZ,138,109,Sonny Gray,Ryne Nelson,543243,669194,1,10,AZ,1,11,9,N,1
777085,2025-07-19,2025-07-20T01:10:00Z,Dodger Stadium,R,MIL,LAD,158,119,Freddy Peralta,Emmet Sheehan,642547,686218,8,7,MIL,0,15,1,N,1
777086,2025-07-19,2025-07-20T01:40:00Z,T-Mobile Park,R,HOU,SEA,117,136,Lance McCullers Jr.,Logan Evans,621121,688138,6,7,SEA,1,13,1,N,1
777088,2025-07-19,2025-07-19T23:05:00Z,Globe Life Field,R,DET,TEX,116,140,Keider Montero,Kumar Rocker,672456,677958,1,4,TEX,1,5,3,N,1
777089,2025-07-19,2025-07-19T22:05:00Z,Citizens Bank Park,R,LAA,PHI,108,143,Yusei Kikuchi,Taijuan Walker,579328,592836,5,9,PHI,1,14,4,N,1
777090,2025-07-19,2025-07-19T22:40:00Z,PNC Park,R,CWS,PIT,145,134,Adrian Houser,Mike Burrows,605288,681347,10,4,CWS,0,14,6,N,1
777091,2025-07-19,2025-07-19T22:45:00Z,Nationals Park,R,SD,WSH,135,120,Yu Darvish,Mitchell Parker,506433,680730,2,4,WSH,1,6,2,N,1
777092,2025-07-19,2025-07-19T20:10:00Z,Citi Field,R,CIN,NYM,113,121,Nick Martinez,Clay Holmes,607259,605280,5,2,CIN,0,7,3,N,1
777093,2025-07-19,2025-07-19T20:10:00Z,loanDepot park,R,KC,MIA,118,146,Michael Wacha,Cal Quantrill,608379,615698,1,3,MIA,1,4,2,N,1
777094,2025-07-19,2025-07-19T19:07:00Z,Rogers Centre,R,SF,TOR,137,141,Logan Webb,Eric Lauer,657277,641778,3,6,TOR,1,9,3,N,1
777095,2025-07-19,2025-07-19T23:05:00Z,George M. Steinbrenner Field,R,BAL,TB,110,139,Dean Kremer,Zack Littell,665152,641793,3,4,TB,1,7,1,N,1
777096,2025-07-19,2025-07-19T23:15:00Z,Wrigley Field,R,BOS,CHC,111,112,Brayan Bello,Shota Imanaga,678394,684007,0,6,CHC,1,6,6,N,1
777097,2025-07-19,2025-07-19T23:15:00Z,Truist Park,R,NYY,ATL,147,144,Will Warren,Joey Wentz,701542,666214,12,9,NYY,0,21,3,N,1
777104,2025-07-19,2025-07-19T23:10:00Z,Progressive Field,R,ATH,CLE,133,114,Luis Severino,Logan Allen,622663,671106,8,2,ATH,0,10,6,N,1
777067,2025-07-20,2025-07-20T20:10:00Z,T-Mobile Park,R,HOU,SEA,117,136,Hunter Brown,Bryan Woo,686613,693433,11,3,HOU,0,14,8,N,1
777070,2025-07-20,2025-07-20T20:10:00Z,Dodger Stadium,R,MIL,LAD,158,119,Jose Quintana,Clayton Kershaw,500779,477132,6,5,MIL,0,11,1,N,1
777071,2025-07-20,2025-07-20T20:10:00Z,Chase Field,R,STL,AZ,138,109,Miles Mikolas,Merrill Kelly,571945,518876,3,5,AZ,1,8,2,N,1
777072,2025-07-20,2025-07-20T19:10:00Z,Coors Field,R,MIN,COL,142,115,Joe Ryan,Germán Márquez,657746,608566,7,1,MIN,0,8,6,N,1
777073,2025-07-20,2025-07-20T23:10:00Z,Globe Life Field,R,DET,TEX,116,140,Tarik Skubal,Jacob Latz,669373,656641,2,1,DET,0,3,1,N,1
777074,2025-07-20,2025-07-20T17:35:00Z,PNC Park,R,CWS,PIT,145,134,Aaron Civale,Andrew Heaney,650644,571760,7,2,CWS,0,9,5,N,1
777075,2025-07-20,2025-07-20T18:20:00Z,Wrigley Field,R,BOS,CHC,111,112,Garrett Crochet,Cade Horton,676979,690990,6,1,BOS,0,7,5,N,1
777076,2025-07-20,2025-07-20T16:10:00Z,George M. Steinbrenner Field,R,BAL,TB,110,139,Trevor Rogers,Ryan Pepiot,669432,686752,5,3,BAL,0,8,2,N,1
777077,2025-07-20,2025-07-20T17:35:00Z,Nationals Park,R,SD,WSH,135,120,Nick Pivetta,MacKenzie Gore,601713,669022,8,1,SD,0,9,7,N,1
777078,2025-07-20,2025-07-20T17:35:00Z,Citizens Bank Park,R,LAA,PHI,108,143,José Soriano,Ranger Suarez,667755,624133,8,2,LAA,0,10,6,N,1
777079,2025-07-20,2025-07-20T16:05:00Z,Rogers Centre,R,SF,TOR,137,141,Robbie Ray,José Berríos,592662,621244,6,8,TOR,1,14,2,N,1
777082,2025-07-20,2025-07-20T17:40:00Z,loanDepot park,R,KC,MIA,118,146,Kris Bubic,Janson Junk,663460,676083,7,4,KC,0,11,3,N,1
777083,2025-07-20,2025-07-20T17:35:00Z,Truist Park,R,NYY,ATL,147,144,Marcus Stroman,Grant Holmes,573186,656550,4,2,NYY,0,6,2,N,1
777084,2025-07-20,2025-07-20T17:40:00Z,Progressive Field,R,ATH,CLE,133,114,Jeffrey Springs,Gavin Williams,605488,668909,2,8,CLE,1,10,6,N,1
777087,2025-07-20,2025-07-20T17:40:00Z,Citi Field,R,CIN,NYM,113,121,Andrew Abbott,David Peterson,671096,656849,2,3,NYM,1,5,1,N,1
777050,2025-07-21,2025-07-22T01:40:00Z,T-Mobile Park,R,MIL,SEA,158,136,Brandon Woodruff,George Kirby,605540,669923,6,0,MIL,0,6,6,N,1
777051,2025-07-21,2025-07-22T02:10:00Z,Dodger Stadium,R,MIN,LAD,142,119,David Festa,Shohei Ohtani,701581,660271,2,5,LAD,1,7,3,N,1
777053,2025-07-21,2025-07-22T00:40:00Z,Coors Field,R,STL,COL,138,115,Michael McGreevy,Austin Gomber,700241,596295,6,2,STL,0,8,4,N,1
777055,2025-07-21,2025-07-22T01:40:00Z,Chase Field,R,HOU,AZ,117,109,Colton Gordon,Zac Gallen,676467,668678,6,3,HOU,0,9,3,N,1
777057,2025-07-21,2025-07-22T00:05:00Z,Globe Life Field,R,ATH,TEX,133,140,Jacob Lopez,Jack Leiter,682052,683004,2,7,TEX,1,9,5,N,1
777059,2025-07-21,2025-07-21T23:35:00Z,George M. Steinbrenner Field,R,CWS,TB,145,139,Sean Burke,Shane Baz,680732,669358,8,3,CWS,0,11,5,N,1
777060,2025-07-21,2025-07-21T22:40:00Z,PNC Park,R,DET,PIT,116,134,Jack Flaherty,Paul Skenes,656427,694973,0,3,PIT,1,3,3,N,1
777061,2025-07-21,2025-07-21T23:10:00Z,Citi Field,R,LAA,NYM,108,121,Tyler Anderson,Kodai Senga,542881,673540,5,7,NYM,1,12,2,N,1
777062,2025-07-21,2025-07-21T22:40:00Z,loanDepot park,R,SD,MIA,135,146,Randy Vásquez,Eury Pérez,681190,691587,2,1,SD,0,3,1,N,1
777063,2025-07-21,2025-07-21T22:45:00Z,Citizens Bank Park,R,BOS,PHI,111,143,Walker Buehler,Zack Wheeler,621111,554430,2,3,PHI,1,5,1,N,1
777064,2025-07-21,2025-07-21T22:45:00Z,Nationals Park,R,CIN,WSH,113,120,Brady Singer,Jake Irvin,663903,663623,8,10,WSH,1,18,2,N,1
777065,2025-07-21,2025-07-22T00:05:00Z,Wrigley Field,R,KC,CHC,118,112,Noah Cameron,Ryan Brasier,702070,518489,12,4,KC,0,16,8,N,1
777066,2025-07-21,2025-07-21T23:07:00Z,Rogers Centre,R,NYY,TOR,147,141,Carlos Rodón,Kevin Gausman,607074,592332,1,4,TOR,1,5,3,N,1
777068,2025-07-21,2025-07-21T22:40:00Z,Progressive Field,R,BAL,CLE,110,114,Tomoyuki Sugano,Tanner Bibee,608372,676440,5,10,CLE,1,15,5,N,1
777069,2025-07-21,2025-07-21T23:15:00Z,Truist Park,R,SF,ATL,137,144,Hayden Birdsong,Bryce Elder,806185,693821,5,9,ATL,1,14,4,N,1
777035,2025-07-22,2025-07-23T01:40:00Z,T-Mobile Park,R,MIL,SEA,158,136,Jacob Misiorowski,Logan Gilbert,694819,669302,0,1,SEA,1,1,1,N,1
777039,2025-07-22,2025-07-23T02:10:00Z,Dodger Stadium,R,MIN,LAD,142,119,Simeon Woods Richardson,Yoshinobu Yamamoto,680573,808967,10,7,MIN,0,17,3,N,1
777040,2025-07-22,2025-07-23T01:40:00Z,Chase Field,R,HOU,AZ,117,109,Framber Valdez,Eduardo Rodriguez,664285,593958,3,1,HOU,0,4,2,N,1
777042,2025-07-22,2025-07-22T22:45:00Z,Nationals Park,R,CIN,WSH,113,120,Chase Burns,Brad Lord,695505,695418,1,6,WSH,1,7,5,N,1
777043,2025-07-22,2025-07-23T00:05:00Z,Globe Life Field,R,ATH,TEX,133,140,J.T. Ginn,Jacob deGrom,669372,594798,2,6,TEX,1,8,4,N,1
777044,2025-07-22,2025-07-22T22:40:00Z,PNC Park,R,DET,PIT,116,134,Casey Mize,Mitch Keller,663554,656605,5,8,PIT,1,13,3,N,1
777045,2025-07-22,2025-07-22T22:45:00Z,Citizens Bank Park,R,BOS,PHI,111,143,Richard Fitts,Cristopher Sánchez,690916,650911,1,4,PHI,1,5,3,N,1
777046,2025-07-22,2025-07-22T23:07:00Z,Rogers Centre,R,NYY,TOR,147,141,Cam Schlittler,Max Scherzer,693645,453286,5,4,NYY,0,9,1,N,1
777047,2025-07-22,2025-07-23T00:05:00Z,Wrigley Field,R,KC,CHC,118,112,Rich Hill,Matthew Boyd,448179,571510,0,6,CHC,1,6,6,N,1
777048,2025-07-22,2025-07-22T23:05:00Z,George M. Steinbrenner Field,R,CWS,TB,145,139,Davis Martin,Drew Rasmussen,663436,656876,3,4,TB,1,7,1,N,1
777049,2025-07-22,2025-07-23T00:40:00Z,Coors Field,R,STL,COL,138,115,Erick Fedde,Bradley Blalock,607200,687134,4,8,COL,1,12,4,N,1
777052,2025-07-22,2025-07-22T22:40:00Z,loanDepot park,R,SD,MIA,135,146,Stephen Kolek,Edward Cabrera,663568,665795,3,4,MIA,1,7,1,N,1
777054,2025-07-22,2025-07-22T23:10:00Z,Citi Field,R,LAA,NYM,108,121,Kyle Hendricks,Frankie Montas,543294,593423,2,3,NYM,1,5,1,N,1
777056,2025-07-22,2025-07-22T22:40:00Z,Progressive Field,R,BAL,CLE,110,114,Brandon Young,Joey Cantillo,687064,676282,3,6,CLE,1,9,3,N,1
777058,2025-07-22,2025-07-22T23:15:00Z,Truist Park,R,SF,ATL,137,144,Landen Roupp,Davis Daniel,694738,669721,9,0,SF,0,9,9,N,1
777022,2025-07-23,2025-07-23T20:10:00Z,Dodger Stadium,R,MIN,LAD,142,119,Chris Paddack,Tyler Glasnow,663978,607192,3,4,LAD,1,7,1,N,1
777024,2025-07-23,2025-07-23T19:40:00Z,T-Mobile Park,R,MIL,SEA,158,136,Quinn Priester,Luis Castillo,682990,622491,10,2,MIL,0,12,8,N,1
777026,2025-07-23,2025-07-23T16:05:00Z,Nationals Park,R,CIN,WSH,113,120,Nick Lodolo,Michael Soroka,666157,647336,5,0,CIN,0,5,5,N,1
777027,2025-07-23,2025-07-23T23:07:00Z,Rogers Centre,R,NYY,TOR,147,141,Max Fried,Chris Bassitt,608331,605135,4,8,TOR,1,12,4,N,1
777028,2025-07-23,2025-07-23T19:10:00Z,Coors Field,R,STL,COL,138,115,Andre Pallante,Tanner Gordon,669467,685299,0,6,COL,1,6,6,N,1
777029,2025-07-23,2025-07-23T16:35:00Z,PNC Park,R,DET,PIT,116,134,Troy Melton,Bailey Falter,675512,663559,1,6,PIT,1,7,5,N,1
777030,2025-07-23,2025-07-23T23:35:00Z,George M. Steinbrenner Field,R,CWS,TB,145,139,Jonathan Cannon,Taj Bradley,686563,671737,11,9,CWS,0,20,2,N,1
777031,2025-07-23,2025-07-23T18:20:00Z,Wrigley Field,R,KC,CHC,118,112,Seth Lugo,Colin Rea,607625,607067,8,4,KC,0,12,4,N,1
777032,2025-07-23,2025-07-23T19:40:00Z,Chase Field,R,HOU,AZ,117,109,Brandon Walter,Brandon Pfaadt,687888,694297,4,3,HOU,0,7,1,N,1
777033,2025-07-23,2025-07-24T00:05:00Z,Globe Life Field,R,ATH,TEX,133,140,JP Sears,Patrick Corbin,676664,571578,1,2,TEX,1,3,1,N,1
777034,2025-07-23,2025-07-23T17:10:00Z,Citi Field,R,LAA,NYM,108,121,Brock Burke,Sean Manaea,656271,640455,3,6,NYM,1,9,3,N,1
777036,2025-07-23,2025-07-23T22:40:00Z,Progressive Field,R,BAL,CLE,110,114,Zach Eflin,Slade Cecconi,621107,677944,2,3,CLE,1,5,1,N,1
777037,2025-07-23,2025-07-23T16:10:00Z,loanDepot park,R,SD,MIA,135,146,Dylan Cease,Sandy Alcantara,656302,645261,2,3,MIA,1,5,1,N,1
777038,2025-07-23,2025-07-23T23:10:00Z,Citizens Bank Park,R,BOS,PHI,111,143,Lucas Giolito,Jesús Luzardo,608337,666200,9,8,BOS,0,17,1,N,1
777041,2025-07-23,2025-07-23T16:15:00Z,Truist Park,R,SF,ATL,137,144,Justin Verlander,Spencer Strider,434378,675911,9,3,SF,0,12,6,N,1
777018,2025-07-24,2025-07-25T01:38:00Z,Angel Stadium,R,SEA,LAA,136,108,Logan Evans,Yusei Kikuchi,688138,579328,4,2,SEA,0,6,2,N,1
777019,2025-07-24,2025-07-24T17:10:00Z,Progressive Field,R,BAL,CLE,110,114,Charlie Morton,Logan Allen,450203,671106,4,3,BAL,0,7,1,N,1
777021,2025-07-24,2025-07-24T22:40:00Z,Comerica Park,R,TOR,DET,141,116,Eric Lauer,Reese Olson,641778,681857,11,4,TOR,0,15,7,N,1
777023,2025-07-24,2025-07-24T23:45:00Z,Busch Stadium,R,SD,STL,135,138,Yu Darvish,Sonny Gray,506433,543243,7,9,STL,1,16,2,N,1
777025,2025-07-24,2025-07-25T00:10:00Z,Daikin Park,R,ATH,HOU,133,117,Luis Severino,Jason Alexander,622663,669920,5,2,ATH,0,7,3,N,1
777004,2025-07-25,2025-07-26T02:15:00Z,Oracle Park,R,NYM,SF,121,137,Clay Holmes,Logan Webb,605280,657277,8,1,NYM,0,9,7,N,1
777005,2025-07-25,2025-07-25T23:15:00Z,Busch Stadium,R,SD,STL,135,138,Nick Pivetta,Miles Mikolas,601713,571945,0,3,STL,1,3,3,N,1
777006,2025-07-25,2025-07-26T01:38:00Z,Angel Stadium,R,SEA,LAA,136,108,Bryan Woo,José Soriano,693433,667755,2,3,LAA,1,5,1,N,1
777007,2025-07-25,2025-07-26T00:10:00Z,Daikin Park,R,ATH,HOU,133,117,Jeffrey Springs,Ryan Gusto,605488,687473,15,3,ATH,0,18,12,N,1
777008,2025-07-25,2025-07-25T20:10:00Z,American Family Field,R,MIA,MIL,146,158,Cal Quantrill,Freddy Peralta,615698,642547,5,1,MIA,0,6,4,N,1
777009,2025-07-25,2025-07-26T00:05:00Z,Globe Life Field,R,ATL,TEX,144,140,Joey Wentz,Nathan Eovaldi,666214,543135,3,8,TEX,1,11,5,N,1
777011,2025-07-25,2025-07-26T00:10:00Z,Target Field,R,WSH,MIN,120,142,MacKenzie Gore,Zebby Matthews,669022,805673,0,1,MIN,1,1,1,N,1
777012,2025-07-25,2025-07-25T23:10:00Z,Fenway Park,R,LAD,BOS,119,111,Emmet Sheehan,Brayan Bello,686218,678394,5,2,LAD,0,7,3,N,1
777013,2025-07-25,2025-07-25T23:10:00Z,Great American Ball Park,R,TB,CIN,139,113,Zack Littell,Nick Martinez,641793,607259,2,7,CIN,1,9,5,N,1
777014,2025-07-25,2025-07-25T22:40:00Z,PNC Park,R,AZ,PIT,109,134,Ryne Nelson,Mike Burrows,669194,681347,1,0,AZ,0,1,1,N,1
777015,2025-07-25,2025-07-25T23:05:00Z,Yankee Stadium,R,PHI,NYY,143,147,Taijuan Walker,Will Warren,592836,701542,12,5,PHI,0,17,7,N,1
777016,2025-07-25,2025-07-25T23:10:00Z,Comerica Park,R,TOR,DET,141,116,José Berríos,Keider Montero,621244,672456,6,2,TOR,0,8,4,N,1
777017,2025-07-25,2025-07-25T23:40:00Z,Rate Field,R,CHC,CWS,112,145,Shota Imanaga,Adrian Houser,684007,605288,5,12,CWS,1,17,7,N,1
777020,2025-07-25,2025-07-25T23:05:00Z,Oriole Park at Camden Yards,R,COL,BAL,115,110,Kyle Freeland,Dean Kremer,607536,665152,6,5,COL,0,11,1,N,1
776985,2025-07-26,2025-07-27T01:05:00Z,Oracle Park,R,NYM,SF,121,137,David Peterson,Robbie Ray,656849,592662,2,1,NYM,0,3,1,N,1
776990,2025-07-26,2025-07-26T23:15:00Z,Kauffman Stadium,R,CLE,KC,114,118,Tanner Bibee,Kris Bubic,676440,663460,6,4,CLE,0,10,2,S,2
776991,2025-07-26,2025-07-26T23:10:00Z,Daikin Park,R,ATH,HOU,133,117,Jacob Lopez,Hunter Brown,682052,686613,5,1,ATH,0,6,4,N,1
776992,2025-07-26,2025-07-26T23:15:00Z,Busch Stadium,R,SD,STL,135,138,Randy Vásquez,Matthew Liberatore,681190,669461,3,1,SD,0,4,2,N,1
776993,2025-07-26,2025-07-26T23:05:00Z,Globe Life Field,R,ATL,TEX,144,140,Grant Holmes,Kumar Rocker,656550,677958,5,6,TEX,1,11,1,N,1
776994,2025-07-26,2025-07-26T23:10:00Z,Rate Field,R,CHC,CWS,112,145,Cade Horton,Aaron Civale,690990,650644,6,1,CHC,0,7,5,N,1
776995,2025-07-26,2025-07-27T01:38:00Z,Angel Stadium,R,SEA,LAA,136,108,George Kirby,Tyler Anderson,669923,542881,7,2,SEA,0,9,5,N,1
776996,2025-07-26,2025-07-26T23:10:00Z,American Family Field,R,MIA,MIL,146,158,Janson Junk,Jose Quintana,676083,500779,7,4,MIA,0,11,3,N,1
776997,2025-07-26,2025-07-26T23:10:00Z,Target Field,R,WSH,MIN,120,142,Mitchell Parker,Joe Ryan,680730,657746,9,3,WSH,0,12,6,N,1
776998,2025-07-26,2025-07-26T23:15:00Z,Fenway Park,R,LAD,BOS,119,111,Clayton Kershaw,Garrett Crochet,477132,676979,2,4,BOS,1,6,2,N,1
776999,2025-07-26,2025-07-26T23:05:00Z,Oriole Park at Camden Yards,R,COL,BAL,115,110,Antonio Senzatela,Trevor Rogers,622608,669432,0,18,BAL,1,18,18,N,1
777000,2025-07-26,2025-07-26T22:40:00Z,Great American Ball Park,R,TB,CIN,139,113,Ryan Pepiot,Andrew Abbott,686752,671096,2,6,CIN,1,8,4,N,1
777001,2025-07-26,2025-07-26T17:05:00Z,Yankee Stadium,R,PHI,NYY,143,147,Ranger Suarez,Marcus Stroman,624133,573186,9,4,PHI,0,13,5,N,1
777002,2025-07-26,2025-07-26T22:40:00Z,PNC Park,R,AZ,PIT,109,134,Merrill Kelly,Andrew Heaney,518876,571760,0,2,PIT,1,2,2,N,1
777003,2025-07-26,2025-07-26T22:10:00Z,Comerica Park,R,TOR,DET,141,116,Kevin Gausman,Tarik Skubal,592332,669373,6,1,TOR,0,7,5,N,1
777010,2025-07-26,2025-07-26T18:40:00Z,Kauffman Stadium,R,CLE,KC,114,118,Gavin Williams,Michael Wacha,668909,608379,3,5,KC,1,8,2,S,1
776974,2025-07-27,2025-07-27T23:10:00Z,Oracle Park,R,NYM,SF,121,137,Kodai Senga,Matt Gage,673540,657424,5,3,NYM,0,8,2,N,1
776975,2025-07-27,2025-07-27T18:10:00Z,Kauffman Stadium,R,CLE,KC,114,118,Joey Cantillo,Noah Cameron,676282,702070,1,4,KC,1,5,3,N,1
776976,2025-07-27,2025-07-27T18:10:00Z,Daikin Park,R,ATH,HOU,133,117,J.T. Ginn,Colton Gordon,669372,676467,7,1,ATH,0,8,6,N,1
776977,2025-07-27,2025-07-27T20:07:00Z,Angel Stadium,R,SEA,LAA,136,108,Logan Gilbert,Kyle Hendricks,669302,543294,1,4,LAA,1,5,3,N,1
776978,2025-07-27,2025-07-27T18:10:00Z,American Family Field,R,MIA,MIL,146,158,Eury Pérez,Brandon Woodruff,691587,605540,2,3,MIL,1,5,1,N,1
776979,2025-07-27,2025-07-27T18:10:00Z,Target Field,R,WSH,MIN,120,142,Jake Irvin,Cole Sands,663623,663485,7,2,WSH,0,9,5,N,1
776980,2025-07-27,2025-07-27T18:15:00Z,Busch Stadium,R,SD,STL,135,138,Stephen Kolek,Michael McGreevy,663568,700241,9,2,SD,0,11,7,N,1
776981,2025-07-27,2025-07-27T18:35:00Z,Globe Life Field,R,ATL,TEX,144,140,Bryce Elder,Jack Leiter,693821,683004,1,8,TEX,1,9,7,N,1
776982,2025-07-27,2025-07-27T17:40:00Z,Great American Ball Park,R,TB,CIN,139,113,Shane Baz,Brady Singer,669358,663903,1,2,CIN,1,3,1,N,1
776983,2025-07-27,2025-07-27T17:35:00Z,Fenway Park,R,LAD,BOS,119,111,Dustin May,Walker Buehler,669160,621111,3,4,BOS,1,7,1,N,1
776984,2025-07-27,2025-07-27T17:35:00Z,PNC Park,R,AZ,PIT,109,134,Zac Gallen,Paul Skenes,668678,694973,0,6,PIT,1,6,6,N,1
776986,2025-07-27,2025-07-27T17:35:00Z,Oriole Park at Camden Yards,R,COL,BAL,115,110,Austin Gomber,Tomoyuki Sugano,596295,608372,1,5,BAL,1,6,4,N,1
776987,2025-07-27,2025-07-27T17:40:00Z,Comerica Park,R,TOR,DET,141,116,Max Scherzer,Jack Flaherty,453286,656427,4,10,DET,1,14,6,N,1
776988,2025-07-27,2025-07-27T17:35:00Z,Yankee Stadium,R,PHI,NYY,143,147,Zack Wheeler,Carlos Rodón,554430,607074,3,4,NYY,1,7,1,N,1
776989,2025-07-27,2025-07-27T18:10:00Z,Rate Field,R,CHC,CWS,112,145,Ben Brown,Grant Taylor,676962,691799,5,4,CHC,0,9,1,N,1
776957,2025-07-28,2025-07-29T02:05:00Z,Sutter Health Park,R,SEA,ATH,136,133,Luis Castillo,JP Sears,622491,676664,3,1,SEA,0,4,2,N,1
776958,2025-07-28,2025-07-29T01:38:00Z,Angel Stadium,R,TEX,LAA,140,108,Jacob deGrom,Jack Kochanowicz,594798,686799,4,6,LAA,1,10,2,N,1
776959,2025-07-28,2025-07-29T01:40:00Z,Petco Park,R,NYM,SD,121,135,Frankie Montas,Dylan Cease,593423,656302,6,7,SD,1,13,1,N,1
776960,2025-07-28,2025-07-28T23:45:00Z,Busch Stadium,R,MIA,STL,146,138,Edward Cabrera,Andre Pallante,665795,669467,1,7,STL,1,8,6,N,1
776961,2025-07-28,2025-07-28T23:40:00Z,Target Field,R,BOS,MIN,111,142,Richard Fitts,Simeon Woods Richardson,690916,680573,4,5,MIN,1,9,1,N,1
776964,2025-07-28,2025-07-29T01:45:00Z,Oracle Park,R,PIT,SF,134,137,Mitch Keller,Carson Whisenhunt,656605,687931,6,5,PIT,0,11,1,N,1
776965,2025-07-28,2025-07-28T23:40:00Z,American Family Field,R,CHC,MIL,112,158,Matthew Boyd,Jacob Misiorowski,571510,694819,4,8,MIL,1,12,4,N,1
776966,2025-07-28,2025-07-28T22:35:00Z,Oriole Park at Camden Yards,R,TOR,BAL,141,110,Chris Bassitt,Zach Eflin,605135,621107,4,11,BAL,1,15,7,N,1
776967,2025-07-28,2025-07-28T23:10:00Z,Great American Ball Park,R,LAD,CIN,119,113,Yoshinobu Yamamoto,Chase Burns,808967,695505,5,2,LAD,0,7,3,N,1
776968,2025-07-28,2025-07-28T22:40:00Z,Progressive Field,R,COL,CLE,115,114,Bradley Blalock,Slade Cecconi,687134,677944,8,6,COL,0,14,2,N,1
776969,2025-07-28,2025-07-29T00:10:00Z,Daikin Park,R,WSH,HOU,120,117,Brad Lord,Framber Valdez,695418,664285,2,1,WSH,0,3,1,N,1
776970,2025-07-28,2025-07-28T23:05:00Z,Yankee Stadium,R,TB,NYY,139,147,Drew Rasmussen,Cam Schlittler,656876,693645,4,2,TB,0,6,2,N,1
776971,2025-07-28,2025-07-28T23:40:00Z,Kauffman Stadium,R,ATL,KC,144,118,Spencer Strider,Rich Hill,675911,448179,10,7,ATL,0,17,3,N,1
776972,2025-07-28,2025-07-28T23:40:00Z,Rate Field,R,PHI,CWS,143,145,Cristopher Sánchez,Davis Martin,650911,663436,2,6,CWS,1,8,4,N,1
776973,2025-07-28,2025-07-28T22:40:00Z,Comerica Park,R,AZ,DET,109,116,Eduardo Rodriguez,Troy Melton,593958,675512,1,5,DET,1,6,4,N,1
776943,2025-07-29,2025-07-30T01:45:00Z,Oracle Park,R,PIT,SF,134,137,Bailey Falter,Justin Verlander,663559,434378,3,1,PIT,0,4,2,N,1
776944,2025-07-29,2025-07-30T02:05:00Z,Sutter Health Park,R,SEA,ATH,136,133,Logan Evans,Luis Severino,688138,622663,1,6,ATH,1,7,5,N,1
776945,2025-07-29,2025-07-30T01:38:00Z,Angel Stadium,R,TEX,LAA,140,108,Patrick Corbin,Yusei Kikuchi,571578,579328,5,8,LAA,1,13,3,N,1
776946,2025-07-29,2025-07-29T23:45:00Z,Busch Stadium,R,MIA,STL,146,138,Sandy Alcantara,Sonny Gray,645261,543243,5,0,MIA,0,5,5,N,1
776947,2025-07-29,2025-07-30T01:40:00Z,Petco Park,R,NYM,SD,121,135,Sean Manaea,Ryan Bergert,640455,686701,1,7,SD,1,8,6,N,1
776949,2025-07-29,2025-07-29T23:05:00Z,Yankee Stadium,R,TB,NYY,139,147,Joe Boyle,Max Fried,671212,608331,5,7,NYY,1,12,2,N,1
776950,2025-07-29,2025-07-30T00:10:00Z,Daikin Park,R,WSH,HOU,120,117,Michael Soroka,Jason Alexander,647336,669920,4,7,HOU,1,11,3,N,1
776951,2025-07-29,2025-07-29T22:40:00Z,Progressive Field,R,COL,CLE,115,114,Tanner Gordon,Logan Allen,685299,671106,4,10,CLE,1,14,6,N,1
776952,2025-07-29,2025-07-29T23:40:00Z,Rate Field,R,PHI,CWS,143,145,Jesús Luzardo,Jonathan Cannon,666200,686563,6,3,PHI,0,9,3,N,1
776953,2025-07-29,2025-07-29T22:40:00Z,Comerica Park,R,AZ,DET,109,116,Brandon Pfaadt,Casey Mize,694297,663554,2,12,DET,1,14,10,N,1
776954,2025-07-29,2025-07-29T23:40:00Z,Target Field,R,BOS,MIN,111,142,Lucas Giolito,Pierson Ohl,608337,701487,8,5,BOS,0,13,3,N,1
776955,2025-07-29,2025-07-29T23:40:00Z,Kauffman Stadium,R,ATL,KC,144,118,Erick Fedde,Seth Lugo,607200,607625,6,9,KC,1,15,3,N,1
776956,2025-07-29,2025-07-29T23:40:00Z,American Family Field,R,CHC,MIL,112,158,Colin Rea,Quinn Priester,607067,682990,3,9,MIL,1,12,6,N,1
776962,2025-07-29,2025-07-29T22:35:00Z,Oriole Park at Camden Yards,R,TOR,BAL,141,110,Eric Lauer,Brandon Young,641778,687064,2,3,BAL,1,5,1,S,2
776963,2025-07-29,2025-07-29T23:10:00Z,Great American Ball Park,R,LAD,CIN,119,113,Tyler Glasnow,Nick Lodolo,607192,666157,5,4,LAD,0,9,1,N,1
778372,2025-07-29,2025-07-29T16:35:00Z,Oriole Park at Camden Yards,R,TOR,BAL,141,110,Easton Lucas,Charlie Morton,687922,450203,4,16,BAL,1,20,12,S,1
776929,2025-07-30,2025-07-30T18:10:00Z,American Family Field,R,CHC,MIL,112,158,Shota Imanaga,Freddy Peralta,684007,642547,10,3,CHC,0,13,7,N,1
776930,2025-07-30,2025-07-31T02:05:00Z,Sutter Health Park,R,SEA,ATH,136,133,Bryan Woo,Jeffrey Springs,693433,605488,4,5,ATH,1,9,1,N,1
776931,2025-07-30,2025-07-30T20:10:00Z,Petco Park,R,NYM,SD,121,135,Clay Holmes,Yu Darvish,605280,506433,0,5,SD,1,5,5,N,1
776932,2025-07-30,2025-07-31T01:38:00Z,Angel Stadium,R,TEX,LAA,140,108,Nathan Eovaldi,José Soriano,543135,667755,6,3,TEX,0,9,3,N,1
776933,2025-07-30,2025-07-30T19:45:00Z,Oracle Park,R,PIT,SF,134,137,Mike Burrows,Logan Webb,681347,657277,2,1,PIT,0,3,1,N,1
776934,2025-07-30,2025-07-30T23:45:00Z,Busch Stadium,R,MIA,STL,146,138,Cal Quantrill,Miles Mikolas,615698,571945,2,0,MIA,0,2,2,N,1
776935,2025-07-30,2025-07-30T17:10:00Z,Target Field,R,BOS,MIN,111,142,Brayan Bello,Zebby Matthews,678394,805673,13,1,BOS,0,14,12,N,1
776936,2025-07-30,2025-07-30T18:10:00Z,Kauffman Stadium,R,ATL,KC,144,118,Joey Wentz,Angel Zerpa,666214,672582,0,1,KC,1,1,1,N,1
776937,2025-07-30,2025-07-30T18:10:00Z,Daikin Park,R,WSH,HOU,120,117,MacKenzie Gore,Ryan Gusto,669022,687473,1,9,HOU,1,10,8,N,1
776938,2025-07-30,2025-07-30T23:05:00Z,Yankee Stadium,R,TB,NYY,139,147,Zack Littell,Will Warren,641793,701542,4,5,NYY,1,9,1,N,1
776939,2025-07-30,2025-07-30T18:10:00Z,Rate Field,R,PHI,CWS,143,145,Taijuan Walker,Tyler Alexander,592836,641302,3,9,CWS,1,12,6,N,1
776940,2025-07-30,2025-07-30T17:10:00Z,Comerica Park,R,AZ,DET,109,116,Ryne Nelson,Chris Paddack,669194,663978,2,7,DET,1,9,5,N,1
776941,2025-07-30,2025-07-30T23:10:00Z,Great American Ball Park,R,LAD,CIN,119,113,Shohei Ohtani,Nick Martinez,660271,607259,2,5,CIN,1,7,3,N,1
776942,2025-07-30,2025-07-30T22:40:00Z,Progressive Field,R,COL,CLE,115,114,Kyle Freeland,Kolby Allard,607536,663465,0,5,CLE,1,5,5,N,1
776948,2025-07-30,2025-07-30T16:35:00Z,Oriole Park at Camden Yards,R,TOR,BAL,141,110,José Berríos,Dean Kremer,621244,665152,9,8,TOR,0,17,1,N,1
776923,2025-07-31,2025-08-01T01:40:00Z,T-Mobile Park,R,TEX,SEA,140,136,Kumar Rocker,George Kirby,677958,669923,0,6,SEA,1,6,6,N,1
776927,2025-07-31,2025-07-31T17:05:00Z,Yankee Stadium,R,TB,NYY,139,147,Ryan Pepiot,Marcus Stroman,686752,573186,4,7,NYY,1,11,3,N,1
776928,2025-07-31,2025-07-31T23:10:00Z,Great American Ball Park,R,ATL,CIN,144,113,Carlos Carrasco,Andrew Abbott,471911,671096,12,11,ATL,0,23,1,N,1
776906,2025-08-01,2025-08-02T01:40:00Z,Petco Park,R,STL,SD,138,135,Matthew Liberatore,Nick Pivetta,669461,601713,1,4,SD,1,5,3,N,1
776908,2025-08-01,2025-08-02T02:10:00Z,T-Mobile Park,R,TEX,SEA,140,136,Jack Leiter,Logan Gilbert,683004,669302,3,4,SEA,1,7,1,N,1
776913,2025-08-01,2025-08-01T22:45:00Z,Citizens Bank Park,R,DET,PHI,116,143,Jack Flaherty,Ranger Suarez,656427,624133,4,5,PHI,1,9,1,N,1
776914,2025-08-01,2025-08-02T02:05:00Z,Sutter Health Park,R,AZ,ATH,109,133,Anthony DeSclafani,Jacob Lopez,543101,682052,1,5,ATH,1,6,4,N,1
776915,2025-08-01,2025-08-01T18:20:00Z,Wrigley Field,R,BAL,CHC,110,112,Trevor Rogers,Cade Horton,669432,690990,0,1,CHC,1,1,1,N,1
776916,2025-08-01,2025-08-02T01:38:00Z,Angel Stadium,R,CWS,LAA,145,108,Shane Smith,Tyler Anderson,681343,542881,6,3,CWS,0,9,3,N,1
776917,2025-08-01,2025-08-01T22:45:00Z,Nationals Park,R,MIL,WSH,158,120,Jose Quintana,Mitchell Parker,500779,680730,16,9,MIL,0,25,7,N,1
776918,2025-08-01,2025-08-01T23:35:00Z,George M. Steinbrenner Field,R,LAD,TB,119,139,Clayton Kershaw,Shane Baz,477132,669358,5,0,LAD,0,5,5,N,1
776919,2025-08-01,2025-08-02T00:10:00Z,Coors Field,R,PIT,COL,134,115,Andrew Heaney,Antonio Senzatela,571760,622608,16,17,COL,1,33,1,N,1
776920,2025-08-01,2025-08-01T23:07:00Z,Rogers Centre,R,KC,TOR,118,141,Michael Wacha,Kevin Gausman,608379,592332,9,3,KC,0,12,6,N,1
776921,2025-08-01,2025-08-01T16:40:00Z,Great American Ball Park,R,ATL,CIN,144,113,Bryce Elder,Brady Singer,693821,663903,2,3,CIN,1,5,1,N,1
776922,2025-08-01,2025-08-01T23:10:00Z,Fenway Park,R,HOU,BOS,117,111,Hunter Brown,Cooper Criswell,686613,681867,1,2,BOS,1,3,1,N,1
776924,2025-08-01,2025-08-01T23:10:00Z,Progressive Field,R,MIN,CLE,142,114,Joe Ryan,Gavin Williams,657746,668909,2,3,CLE,1,5,1,N,1
776925,2025-08-01,2025-08-01T23:10:00Z,loanDepot park,R,NYY,MIA,147,146,Carlos Rodón,Janson Junk,607074,676083,12,13,MIA,1,25,1,N,1
776926,2025-08-01,2025-08-01T23:10:00Z,Citi Field,R,SF,NYM,137,121,Robbie Ray,David Peterson,592662,656849,4,3,SF,0,7,1,N,1
776896,2025-08-02,2025-08-03T02:10:00Z,Petco Park,R,STL,SD,138,135,Michael McGreevy,Randy Vásquez,700241,681190,8,5,STL,0,13,3,N,1
776897,2025-08-02,2025-08-02T20:10:00Z,T-Mobile Park,R,TEX,SEA,140,136,Merrill Kelly,Luis Castillo,518876,622491,6,4,TEX,0,10,2,N,1
776898,2025-08-02,2025-08-03T02:07:00Z,Angel Stadium,R,CWS,LAA,145,108,Aaron Civale,Kyle Hendricks,650644,543294,1,0,CWS,0,1,1,N,1
776899,2025-08-02,2025-08-03T02:05:00Z,Sutter Health Park,R,AZ,ATH,109,133,Zac Gallen,J.T. Ginn,668678,669372,7,2,AZ,0,9,5,N,1
776900,2025-08-02,2025-08-02T19:07:00Z,Rogers Centre,R,KC,TOR,118,141,Noah Cameron,Max Scherzer,702070,453286,2,4,TOR,1,6,2,N,1
776901,2025-08-02,2025-08-02T17:10:00Z,George M. Steinbrenner Field,R,LAD,TB,119,139,Blake Snell,Drew Rasmussen,605483,656876,0,4,TB,1,4,4,N,1
776902,2025-08-02,2025-08-02T18:20:00Z,Wrigley Field,R,BAL,CHC,110,112,Tomoyuki Sugano,Matthew Boyd,608372,571510,4,3,BAL,0,7,1,N,1
776903,2025-08-02,2025-08-02T20:05:00Z,Nationals Park,R,MIL,WSH,158,120,Brandon Woodruff,Jake Irvin,605540,663623,8,2,MIL,0,10,6,N,1
776904,2025-08-02,2025-08-02T19:10:00Z,Coors Field,R,PIT,COL,134,115,Paul Skenes,Austin Gomber,694973,596295,5,8,COL,1,13,3,N,1
776905,2025-08-02,2025-08-02T20:10:00Z,Progressive Field,R,MIN,CLE,142,114,Bailey Ober,Tanner Bibee,641927,676440,4,5,CLE,1,9,1,N,1
776907,2025-08-02,2025-08-03T17:05:00Z,Bristol Motor Speedway,R,ATL,CIN,144,113,Austin Cox,Chase Burns,680735,695505,4,2,ATL,0,6,2,N,1
776909,2025-08-02,2025-08-02T20:10:00Z,Fenway Park,R,HOU,BOS,117,111,Colton Gordon,Walker Buehler,676467,621111,3,7,BOS,1,10,4,N,1
776910,2025-08-02,2025-08-02T20:10:00Z,loanDepot park,R,NYY,MIA,147,146,Cam Schlittler,Eury Pérez,693645,691587,0,2,MIA,1,2,2,N,1
776911,2025-08-02,2025-08-02T20:10:00Z,Citi Field,R,SF,NYM,137,121,Kai-Wei Teng,Kodai Senga,678906,673540,6,12,NYM,1,18,6,N,1
776912,2025-08-02,2025-08-02T20:05:00Z,Citizens Bank Park,R,DET,PHI,116,143,Tarik Skubal,Zack Wheeler,669373,554430,7,5,DET,0,12,2,N,1
776881,2025-08-03,2025-08-03T20:05:00Z,Sutter Health Park,R,AZ,ATH,109,133,Eduardo Rodriguez,Jack Perkins,593958,678022,6,4,AZ,0,10,2,N,1
776883,2025-08-03,2025-08-03T20:10:00Z,T-Mobile Park,R,TEX,SEA,140,136,Jacob deGrom,Logan Evans,594798,688138,4,5,SEA,1,9,1,N,1
776884,2025-08-03,2025-08-03T20:10:00Z,Petco Park,R,STL,SD,138,135,Andre Pallante,Dylan Cease,669467,656302,3,7,SD,1,10,4,N,1
776885,2025-08-03,2025-08-03T20:07:00Z,Angel Stadium,R,CWS,LAA,145,108,Sean Burke,Jack Kochanowicz,680732,686799,5,8,LAA,1,13,3,N,1
776886,2025-08-03,2025-08-03T19:10:00Z,Coors Field,R,PIT,COL,134,115,Mitch Keller,Bradley Blalock,656605,687134,9,5,PIT,0,14,4,N,1
776887,2025-08-03,2025-08-03T17:40:00Z,Citi Field,R,SF,NYM,137,121,Carson Whisenhunt,Frankie Montas,687931,593423,12,4,SF,0,16,8,N,1
776888,2025-08-03,2025-08-03T18:20:00Z,Wrigley Field,R,BAL,CHC,110,112,Brandon Young,Colin Rea,687064,607067,3,5,CHC,1,8,2,N,1
776889,2025-08-03,2025-08-03T16:10:00Z,George M. Steinbrenner Field,R,LAD,TB,119,139,Yoshinobu Yamamoto,Joe Boyle,808967,671212,3,0,LAD,0,3,3,N,1
776890,2025-08-03,2025-08-03T23:10:00Z,Citizens Bank Park,R,DET,PHI,116,143,Charlie Morton,Cristopher Sánchez,450203,650911,0,2,PHI,1,2,2,N,1
776891,2025-08-03,2025-08-03T17:40:00Z,loanDepot park,R,NYY,MIA,147,146,Luis Gil,Edward Cabrera,661563,665795,3,7,MIA,1,10,4,N,1
776892,2025-08-03,2025-08-03T17:40:00Z,Progressive Field,R,MIN,CLE,142,114,José Ureña,Joey Cantillo,570632,676282,5,4,MIN,0,9,1,N,1
776893,2025-08-03,2025-08-03T17:37:00Z,Rogers Centre,R,KC,TOR,118,141,Seth Lugo,Chris Bassitt,607625,605135,7,4,KC,0,11,3,N,1
776894,2025-08-03,2025-08-03T17:35:00Z,Nationals Park,R,MIL,WSH,158,120,Logan Henderson,Brad Lord,701656,695418,14,3,MIL,0,17,11,N,1
776895,2025-08-03,2025-08-03T15:35:00Z,Fenway Park,R,HOU,BOS,117,111,Framber Valdez,Lucas Giolito,664285,608337,1,6,BOS,1,7,5,N,1
776867,2025-08-04,2025-08-05T01:38:00Z,Angel Stadium,R,TB,LAA,139,108,Adrian Houser,Yusei Kikuchi,605288,579328,1,5,LAA,1,6,4,N,1
776870,2025-08-04,2025-08-05T02:10:00Z,Dodger Stadium,R,STL,LAD,138,119,Sonny Gray,Tyler Glasnow,543243,607192,3,2,STL,0,5,1,N,1
776871,2025-08-04,2025-08-05T00:05:00Z,Globe Life Field,R,NYY,TEX,147,140,Max Fried,Patrick Corbin,608331,571578,5,8,TEX,1,13,3,N,1
776872,2025-08-04,2025-08-05T00:40:00Z,Coors Field,R,TOR,COL,141,115,Eric Lauer,Tanner Gordon,641778,685299,15,1,TOR,0,16,14,N,1
776873,2025-08-04,2025-08-05T01:40:00Z,Chase Field,R,SD,AZ,135,109,JP Sears,Brandon Pfaadt,676664,694297,2,6,AZ,1,8,4,N,1
776874,2025-08-04,2025-08-04T22:40:00Z,Comerica Park,R,MIN,DET,142,116,Travis Adams,Casey Mize,701519,663554,3,6,DET,1,9,3,N,1
776875,2025-08-04,2025-08-04T22:40:00Z,loanDepot park,R,HOU,MIA,117,146,Jason Alexander,Sandy Alcantara,669920,645261,8,2,HOU,0,10,6,N,1
776876,2025-08-04,2025-08-04T23:10:00Z,Citi Field,R,CLE,NYM,114,121,Slade Cecconi,Sean Manaea,677944,640455,7,6,CLE,0,13,1,N,1
776877,2025-08-04,2025-08-04T22:45:00Z,Citizens Bank Park,R,BAL,PHI,110,143,Cade Povich,Jesús Luzardo,700249,666200,3,13,PHI,1,16,10,N,1
776878,2025-08-04,2025-08-05T00:05:00Z,Wrigley Field,R,CIN,CHC,113,112,Nick Lodolo,Michael Soroka,666157,647336,3,2,CIN,0,5,1,N,1
776879,2025-08-04,2025-08-04T22:40:00Z,PNC Park,R,SF,PIT,137,134,Justin Verlander,Johan Oviedo,434378,670912,4,5,PIT,1,9,1,N,1
776880,2025-08-04,2025-08-04T23:10:00Z,Fenway Park,R,KC,BOS,118,111,Bailey Falter,Brayan Bello,663559,678394,5,8,BOS,1,13,3,N,1
776882,2025-08-04,2025-08-04T23:15:00Z,Truist Park,R,MIL,ATL,158,144,Quinn Priester,Erick Fedde,682990,607200,3,1,MIL,0,4,2,N,1
776848,2025-08-05,2025-08-06T01:38:00Z,Angel Stadium,R,TB,LAA,139,108,Ryan Pepiot,José Soriano,686752,667755,7,3,TB,0,10,4,N,1
776852,2025-08-05,2025-08-06T01:40:00Z,Chase Field,R,SD,AZ,135,109,Yu Darvish,Ryne Nelson,506433,669194,10,5,SD,0,15,5,N,1
776854,2025-08-05,2025-08-06T00:40:00Z,Coors Field,R,TOR,COL,141,115,José Berríos,Anthony Molina,621244,683627,10,4,TOR,0,14,6,N,1
776855,2025-08-05,2025-08-06T00:05:00Z,Globe Life Field,R,NYY,TEX,147,140,Will Warren,Nathan Eovaldi,701542,543135,0,2,TEX,1,2,2,N,1
776857,2025-08-05,2025-08-06T01:40:00Z,T-Mobile Park,R,CWS,SEA,145,136,Davis Martin,Bryan Woo,663436,693433,3,8,SEA,1,11,5,N,1
776858,2025-08-05,2025-08-06T02:10:00Z,Dodger Stadium,R,STL,LAD,138,119,Miles Mikolas,Emmet Sheehan,571945,686218,6,12,LAD,1,18,6,N,1
776860,2025-08-05,2025-08-06T00:05:00Z,Wrigley Field,R,CIN,CHC,113,112,Zack Littell,Shota Imanaga,641793,684007,5,1,CIN,0,6,4,N,1
776861,2025-08-05,2025-08-05T22:40:00Z,Comerica Park,R,MIN,DET,142,116,Zebby Matthews,Chris Paddack,805673,663978,6,3,MIN,0,9,3,N,1
776862,2025-08-05,2025-08-05T22:40:00Z,loanDepot park,R,HOU,MIA,117,146,Steven Okert,Cal Quantrill,595345,615698,7,3,HOU,0,10,4,N,1
776863,2025-08-05,2025-08-05T23:10:00Z,Citi Field,R,CLE,NYM,114,121,Logan Allen,Clay Holmes,671106,605280,3,2,CLE,0,5,1,N,1
776864,2025-08-05,2025-08-05T23:10:00Z,Fenway Park,R,KC,BOS,118,111,Ryan Bergert,Garrett Crochet,686701,676979,2,6,BOS,1,8,4,N,1
776865,2025-08-05,2025-08-05T22:45:00Z,Nationals Park,R,ATH,WSH,133,120,Luis Severino,MacKenzie Gore,622663,669022,16,7,ATH,0,23,9,N,1
776866,2025-08-05,2025-08-05T22:40:00Z,PNC Park,R,SF,PIT,137,134,Logan Webb,Mike Burrows,657277,681347,8,1,SF,0,9,7,N,1
776868,2025-08-05,2025-08-05T22:45:00Z,Citizens Bank Park,R,BAL,PHI,110,143,Dean Kremer,Taijuan Walker,665152,592836,0,5,PHI,1,5,5,N,1
776869,2025-08-05,2025-08-05T23:15:00Z,Truist Park,R,MIL,ATL,158,144,Freddy Peralta,Joey Wentz,642547,666214,7,2,MIL,0,9,5,N,1
776836,2025-08-06,2025-08-06T19:10:00Z,Coors Field,R,TOR,COL,141,115,Kevin Gausman,Kyle Freeland,592332,607536,20,1,TOR,0,21,19,N,1
776838,2025-08-06,2025-08-07T01:40:00Z,Chase Field,R,SD,AZ,135,109,Nestor Cortes,Anthony DeSclafani,641482,543101,3,2,SD,0,5,1,N,1
776839,2025-08-06,2025-08-06T20:10:00Z,Dodger Stadium,R,STL,LAD,138,119,Matthew Liberatore,Shohei Ohtani,669461,660271,5,3,STL,0,8,2,N,1
776841,2025-08-06,2025-08-07T01:40:00Z,T-Mobile Park,R,CWS,SEA,145,136,Jonathan Cannon,George Kirby,686563,669923,6,8,SEA,1,14,2,N,1
776843,2025-08-06,2025-08-06T20:07:00Z,Angel Stadium,R,TB,LAA,139,108,Shane Baz,Tyler Anderson,669358,542881,5,4,TB,0,9,1,N,1
776844,2025-08-06,2025-08-06T16:35:00Z,PNC Park,R,SF,PIT,137,134,Robbie Ray,Andrew Heaney,592662,571760,4,2,SF,0,6,2,N,1
776845,2025-08-06,2025-08-06T18:35:00Z,Globe Life Field,R,NYY,TEX,147,140,Carlos Rodón,Jack Leiter,607074,683004,3,2,NYY,0,5,1,N,1
776846,2025-08-06,2025-08-06T17:10:00Z,Citi Field,R,CLE,NYM,114,121,Gavin Williams,David Peterson,668909,656849,4,1,CLE,0,5,3,N,1
776847,2025-08-06,2025-08-06T18:20:00Z,Wrigley Field,R,CIN,CHC,113,112,Andrew Abbott,Cade Horton,671096,690990,1,6,CHC,1,7,5,N,1
776849,2025-08-06,2025-08-06T20:40:00Z,loanDepot park,R,HOU,MIA,117,146,Spencer Arrighetti,Janson Junk,681293,676083,4,6,MIA,1,10,2,N,1
776850,2025-08-06,2025-08-06T22:45:00Z,Nationals Park,R,ATH,WSH,133,120,Jeffrey Springs,Cade Cavalli,605488,676917,1,2,WSH,1,3,1,N,1
776851,2025-08-06,2025-08-06T16:35:00Z,Citizens Bank Park,R,BAL,PHI,110,143,Trevor Rogers,Ranger Suarez,669432,624133,5,1,BAL,0,6,4,N,1
776853,2025-08-06,2025-08-06T23:15:00Z,Truist Park,R,MIL,ATL,158,144,Jose Quintana,Spencer Strider,500779,675911,5,4,MIL,0,9,1,N,1
776856,2025-08-06,2025-08-06T23:10:00Z,Fenway Park,R,KC,BOS,118,111,Michael Wacha,Dustin May,608379,669160,7,3,KC,0,10,4,N,1
776859,2025-08-06,2025-08-06T17:10:00Z,Comerica Park,R,MIN,DET,142,116,Pierson Ohl,Jack Flaherty,701487,656427,9,4,MIN,0,13,5,N,1
776830,2025-08-07,2025-08-07T20:10:00Z,T-Mobile Park,R,CWS,SEA,145,136,Shane Smith,Logan Gilbert,681343,669302,3,4,SEA,1,7,1,N,1
776837,2025-08-07,2025-08-07T16:05:00Z,Nationals Park,R,ATH,WSH,133,120,Jacob Lopez,Mitchell Parker,682052,680730,6,0,ATH,0,6,6,N,1
776840,2025-08-07,2025-08-07T22:40:00Z,PNC Park,R,CIN,PIT,113,134,Brady Singer,Paul Skenes,663903,694973,0,7,PIT,1,7,7,N,1
776842,2025-08-07,2025-08-07T23:15:00Z,Truist Park,R,MIA,ATL,146,144,Eury Pérez,Carlos Carrasco,691587,471911,6,8,ATL,1,14,2,N,1
776820,2025-08-08,2025-08-09T01:40:00Z,Petco Park,R,BOS,SD,111,135,Walker Buehler,Nick Pivetta,621111,601713,10,2,BOS,0,12,8,N,1
776821,2025-08-08,2025-08-09T00:05:00Z,Globe Life Field,R,PHI,TEX,143,140,Cristopher Sánchez,Merrill Kelly,650911,518876,9,1,PHI,0,10,8,N,1
776822,2025-08-08,2025-08-09T02:15:00Z,Oracle Park,R,WSH,SF,120,137,Jake Irvin,Matt Gage,663623,657424,0,5,SF,1,5,5,N,1
776823,2025-08-08,2025-08-09T02:10:00Z,Dodger Stadium,R,TOR,LAD,141,119,Max Scherzer,Clayton Kershaw,453286,477132,1,5,LAD,1,6,4,N,1
776824,2025-08-08,2025-08-09T01:40:00Z,T-Mobile Park,R,TB,SEA,139,136,Drew Rasmussen,Luis Castillo,656876,622491,2,3,SEA,1,5,1,N,1
776825,2025-08-08,2025-08-09T01:40:00Z,Chase Field,R,COL,AZ,115,109,Austin Gomber,Zac Gallen,596295,668678,1,6,AZ,1,7,5,N,1
776826,2025-08-08,2025-08-09T00:15:00Z,Busch Stadium,R,CHC,STL,112,138,Matthew Boyd,Michael McGreevy,571510,700241,0,5,STL,1,5,5,N,1
776827,2025-08-08,2025-08-09T00:10:00Z,Target Field,R,KC,MIN,118,142,Seth Lugo,Joe Ryan,607625,657746,4,9,MIN,1,13,5,N,1
776828,2025-08-08,2025-08-09T00:10:00Z,American Family Field,R,NYM,MIL,121,158,Kodai Senga,Brandon Woodruff,673540,605540,2,3,MIL,1,5,1,N,1
776829,2025-08-08,2025-08-08T22:40:00Z,PNC Park,R,CIN,PIT,113,134,Chase Burns,Mitch Keller,695505,656605,2,3,PIT,1,5,1,N,1
776831,2025-08-08,2025-08-08T23:05:00Z,Oriole Park at Camden Yards,R,ATH,BAL,133,110,J.T. Ginn,Tomoyuki Sugano,669372,608372,2,3,BAL,1,5,1,N,1
776832,2025-08-08,2025-08-08T23:10:00Z,Comerica Park,R,LAA,DET,108,116,Kyle Hendricks,Tarik Skubal,543294,669373,5,6,DET,1,11,1,N,1
776833,2025-08-08,2025-08-08T23:40:00Z,Rate Field,R,CLE,CWS,114,145,Tanner Bibee,Aaron Civale,676440,650644,9,5,CLE,0,14,4,N,1
776834,2025-08-08,2025-08-08T23:15:00Z,Truist Park,R,MIA,ATL,146,144,Edward Cabrera,Bryce Elder,665795,693821,5,1,MIA,0,6,4,N,1
776835,2025-08-08,2025-08-08T23:05:00Z,Yankee Stadium,R,HOU,NYY,117,147,Hunter Brown,Cam Schlittler,686613,693645,5,3,HOU,0,8,2,N,1
776802,2025-08-09,2025-08-09T20:05:00Z,Oracle Park,R,WSH,SF,120,137,Brad Lord,Carson Whisenhunt,695418,687931,4,2,WSH,0,6,2,N,1
776805,2025-08-09,2025-08-10T01:40:00Z,T-Mobile Park,R,TB,SEA,139,136,Joe Boyle,Logan Evans,671212,688138,4,7,SEA,1,11,3,N,1
776807,2025-08-09,2025-08-10T00:40:00Z,Petco Park,R,BOS,SD,111,135,Lucas Giolito,Michael King,608337,650633,4,5,SD,1,9,1,N,1
776808,2025-08-09,2025-08-10T01:10:00Z,Dodger Stadium,R,TOR,LAD,141,119,Chris Bassitt,Blake Snell,605135,605483,1,9,LAD,1,10,8,N,1
776809,2025-08-09,2025-08-10T00:10:00Z,Chase Field,R,COL,AZ,115,109,Bradley Blalock,Eduardo Rodriguez,687134,593958,5,6,AZ,1,11,1,N,1
776810,2025-08-09,2025-08-09T23:15:00Z,Globe Life Field,R,PHI,TEX,143,140,Jesús Luzardo,Jacob deGrom,666200,594798,3,2,PHI,0,5,1,N,1
776811,2025-08-09,2025-08-09T23:05:00Z,Oriole Park at Camden Yards,R,ATH,BAL,133,110,Jack Perkins,Brandon Young,678022,687064,11,3,ATH,0,14,8,N,1
776812,2025-08-09,2025-08-09T22:40:00Z,PNC Park,R,CIN,PIT,113,134,Nick Martinez,Braxton Ashcraft,607259,677952,2,1,CIN,0,3,1,N,1
776813,2025-08-09,2025-08-09T22:10:00Z,Comerica Park,R,LAA,DET,108,116,Yusei Kikuchi,Charlie Morton,579328,450203,7,4,LAA,0,11,3,N,1
776814,2025-08-09,2025-08-09T23:10:00Z,Rate Field,R,CLE,CWS,114,145,Joey Cantillo,Sean Burke,676282,680732,3,1,CLE,0,4,2,N,1
776815,2025-08-09,2025-08-09T18:05:00Z,Yankee Stadium,R,HOU,NYY,117,147,Framber Valdez,Luis Gil,664285,661563,4,5,NYY,1,9,1,N,1
776816,2025-08-09,2025-08-09T23:10:00Z,Target Field,R,KC,MIN,118,142,Noah Cameron,Bailey Ober,702070,641927,2,0,KC,0,2,2,N,1
776817,2025-08-09,2025-08-09T23:10:00Z,American Family Field,R,NYM,MIL,121,158,Reed Garrett,Tobias Myers,657585,668964,4,7,MIL,1,11,3,N,1
776818,2025-08-09,2025-08-09T23:15:00Z,Busch Stadium,R,CHC,STL,112,138,Colin Rea,Andre Pallante,607067,669467,9,1,CHC,0,10,8,N,1
776819,2025-08-09,2025-08-09T23:15:00Z,Truist Park,R,MIA,ATL,146,144,Sandy Alcantara,Erick Fedde,645261,607200,6,8,ATL,1,14,2,S,2
778431,2025-08-09,2025-08-09T17:15:00Z,Truist Park,R,MIA,ATL,146,144,Ryan Gusto,Hurston Waldrep,687473,694462,1,7,ATL,1,8,6,S,1
776788,2025-08-10,2025-08-10T20:10:00Z,Dodger Stadium,R,TOR,LAD,141,119,Eric Lauer,Tyler Glasnow,641778,607192,5,4,TOR,0,9,1,N,1
776789,2025-08-10,2025-08-10T20:10:00Z,Petco Park,R,BOS,SD,111,135,Brayan Bello,Dylan Cease,678394,656302,2,6,SD,1,8,4,N,1
776791,2025-08-10,2025-08-10T20:10:00Z,T-Mobile Park,R,TB,SEA,139,136,Adrian Houser,Bryan Woo,605288,693433,3,6,SEA,1,9,3,N,1
776793,2025-08-10,2025-08-10T20:05:00Z,Oracle Park,R,WSH,SF,120,137,MacKenzie Gore,Justin Verlander,669022,434378,8,0,WSH,0,8,8,N,1
776794,2025-08-10,2025-08-10T20:10:00Z,Chase Field,R,COL,AZ,115,109,Tanner Gordon,Brandon Pfaadt,685299,694297,6,13,AZ,1,19,7,N,1
776795,2025-08-10,2025-08-10T23:10:00Z,Busch Stadium,R,CHC,STL,112,138,Shota Imanaga,Sonny Gray,684007,543243,2,3,STL,1,5,1,N,1
776796,2025-08-10,2025-08-10T17:05:00Z,Target Field,R,KC,MIN,118,142,Ryan Bergert,José Ureña,686701,570632,3,5,MIN,1,8,2,N,1
776797,2025-08-10,2025-08-10T17:35:00Z,Yankee Stadium,R,HOU,NYY,117,147,Jason Alexander,Max Fried,669920,608331,7,1,HOU,0,8,6,N,1
776798,2025-08-10,2025-08-10T18:10:00Z,Rate Field,R,CLE,CWS,114,145,Slade Cecconi,Davis Martin,677944,663436,4,6,CWS,1,10,2,N,1
776799,2025-08-10,2025-08-10T18:10:00Z,American Family Field,R,NYM,MIL,121,158,Sean Manaea,Quinn Priester,640455,682990,6,7,MIL,1,13,1,N,1
776800,2025-08-10,2025-08-10T18:35:00Z,Globe Life Field,R,PHI,TEX,143,140,Zack Wheeler,Patrick Corbin,554430,571578,4,2,PHI,0,6,2,N,1
776801,2025-08-10,2025-08-10T17:35:00Z,PNC Park,R,CIN,PIT,113,134,Zack Littell,Mike Burrows,641793,681347,14,8,CIN,0,22,6,N,1
776803,2025-08-10,2025-08-10T17:35:00Z,Truist Park,R,MIA,ATL,146,144,Cal Quantrill,Joey Wentz,615698,666214,1,7,ATL,1,8,6,N,1
776804,2025-08-10,2025-08-10T17:35:00Z,Oriole Park at Camden Yards,R,ATH,BAL,133,110,Luis Morales,Cade Povich,806960,700249,3,2,ATH,0,5,1,N,1
776806,2025-08-10,2025-08-10T17:40:00Z,Comerica Park,R,LAA,DET,108,116,Jack Kochanowicz,Casey Mize,686799,663554,5,9,DET,1,14,4,N,1
776779,2025-08-11,2025-08-12T01:38:00Z,Angel Stadium,R,LAD,LAA,119,108,Yoshinobu Yamamoto,José Soriano,808967,667755,4,7,LAA,1,11,3,N,1
776780,2025-08-11,2025-08-12T01:45:00Z,Oracle Park,R,SD,SF,135,137,Yu Darvish,Logan Webb,506433,657277,4,1,SD,0,5,3,N,1
776781,2025-08-11,2025-08-11T23:40:00Z,Rate Field,R,DET,CWS,116,145,Chris Paddack,Elvis Peguero,663978,665625,2,1,DET,0,3,1,N,1
776782,2025-08-11,2025-08-12T00:10:00Z,Daikin Park,R,BOS,HOU,111,117,Garrett Crochet,Cristian Javier,676979,664299,6,7,HOU,1,13,1,N,1
776783,2025-08-11,2025-08-11T23:45:00Z,Busch Stadium,R,COL,STL,115,138,Chase Dollander,Miles Mikolas,801403,571945,2,3,STL,1,5,1,N,1
776784,2025-08-11,2025-08-11T23:40:00Z,Kauffman Stadium,R,WSH,KC,120,118,Cade Cavalli,Bailey Falter,676917,663559,4,7,KC,1,11,3,N,1
776785,2025-08-11,2025-08-12T00:05:00Z,Globe Life Field,R,AZ,TEX,109,140,Ryne Nelson,Nathan Eovaldi,669194,543135,6,7,TEX,1,13,1,N,1
776786,2025-08-11,2025-08-11T23:40:00Z,American Family Field,R,PIT,MIL,134,158,Andrew Heaney,Jose Quintana,571760,500779,1,7,MIL,1,8,6,N,1
776787,2025-08-11,2025-08-12T02:05:00Z,Sutter Health Park,R,TB,ATH,139,133,Ryan Pepiot,Jeffrey Springs,686752,605488,7,4,TB,0,11,3,N,1
776790,2025-08-11,2025-08-11T23:05:00Z,Yankee Stadium,R,MIN,NYY,142,147,Zebby Matthews,Will Warren,805673,701542,2,6,NYY,1,8,4,N,1
776792,2025-08-11,2025-08-11T22:10:00Z,Great American Ball Park,R,PHI,CIN,143,113,Taijuan Walker,Andrew Abbott,592836,671096,4,1,PHI,0,5,3,N,1
776762,2025-08-12,2025-08-13T02:05:00Z,Sutter Health Park,R,TB,ATH,139,133,Shane Baz,Jacob Lopez,669358,682052,0,6,ATH,1,6,6,N,1
776763,2025-08-12,2025-08-13T01:38:00Z,Angel Stadium,R,LAD,LAA,119,108,Emmet Sheehan,Victor Mederos,686218,682989,6,7,LAA,1,13,1,N,1
776764,2025-08-12,2025-08-13T00:05:00Z,Globe Life Field,R,AZ,TEX,109,140,Anthony DeSclafani,Jack Leiter,543101,683004,3,2,AZ,0,5,1,N,1
776767,2025-08-12,2025-08-13T01:45:00Z,Oracle Park,R,SD,SF,135,137,Nestor Cortes,Robbie Ray,641482,592662,5,1,SD,0,6,4,N,1
776768,2025-08-12,2025-08-12T23:07:00Z,Rogers Centre,R,CHC,TOR,112,141,Javier Assad,José Berríos,665871,621244,1,5,TOR,1,6,4,N,1
776769,2025-08-12,2025-08-13T00:10:00Z,Daikin Park,R,BOS,HOU,111,117,Dustin May,Spencer Arrighetti,669160,681293,14,1,BOS,0,15,13,N,1
776770,2025-08-12,2025-08-12T23:40:00Z,Kauffman Stadium,R,WSH,KC,120,118,Mitchell Parker,Michael Wacha,680730,608379,5,8,KC,1,13,3,N,1
776771,2025-08-12,2025-08-12T23:40:00Z,American Family Field,R,PIT,MIL,134,158,Paul Skenes,Freddy Peralta,694973,642547,0,14,MIL,1,14,14,N,1
776772,2025-08-12,2025-08-12T23:10:00Z,Citi Field,R,ATL,NYM,144,121,Spencer Strider,Clay Holmes,675911,605280,5,13,NYM,1,18,8,N,1
776773,2025-08-12,2025-08-12T23:40:00Z,Rate Field,R,DET,CWS,116,145,Jack Flaherty,Yoendrys Gómez,656427,672782,6,9,CWS,1,15,3,N,1
776774,2025-08-12,2025-08-12T23:05:00Z,Yankee Stadium,R,MIN,NYY,142,147,Travis Adams,Carlos Rodón,701519,607074,1,9,NYY,1,10,8,N,1
776775,2025-08-12,2025-08-12T23:45:00Z,Busch Stadium,R,COL,STL,115,138,Kyle Freeland,Matthew Liberatore,607536,669461,3,0,COL,0,3,3,N,1
776776,2025-08-12,2025-08-12T22:35:00Z,Oriole Park at Camden Yards,R,SEA,BAL,136,110,George Kirby,Dean Kremer,669923,665152,1,0,SEA,0,1,1,N,1
776777,2025-08-12,2025-08-12T22:40:00Z,Great American Ball Park,R,PHI,CIN,143,113,Ranger Suarez,Brady Singer,624133,663903,1,6,CIN,1,7,5,N,1
776778,2025-08-12,2025-08-12T22:40:00Z,Progressive Field,R,MIA,CLE,146,114,Janson Junk,Logan Allen,676083,671106,3,4,CLE,1,7,1,N,1
776746,2025-08-13,2025-08-13T18:35:00Z,Globe Life Field,R,AZ,TEX,109,140,Zac Gallen,Merrill Kelly,668678,518876,6,4,AZ,0,10,2,N,1
776749,2025-08-13,2025-08-13T19:45:00Z,Oracle Park,R,SD,SF,135,137,Nick Pivetta,Kai-Wei Teng,601713,678906,11,1,SD,0,12,10,N,1
776751,2025-08-13,2025-08-14T02:05:00Z,Sutter Health Park,R,TB,ATH,139,133,Drew Rasmussen,J.T. Ginn,656876,669372,8,2,TB,0,10,6,N,1
776752,2025-08-13,2025-08-14T01:38:00Z,Angel Stadium,R,LAD,LAA,119,108,Shohei Ohtani,Kyle Hendricks,660271,543294,5,6,LAA,1,11,1,N,1
776753,2025-08-13,2025-08-13T23:10:00Z,Daikin Park,R,BOS,HOU,111,117,Walker Buehler,Hunter Brown,621111,686613,1,4,HOU,1,5,3,N,1
776754,2025-08-13,2025-08-13T18:10:00Z,Rate Field,R,DET,CWS,116,145,Troy Melton,Shane Smith,675512,681343,1,0,DET,0,1,1,N,1
776755,2025-08-13,2025-08-13T18:10:00Z,American Family Field,R,PIT,MIL,134,158,Mitch Keller,Brandon Woodruff,656605,605540,5,12,MIL,1,17,7,N,1
776756,2025-08-13,2025-08-13T23:10:00Z,Citi Field,R,ATL,NYM,144,121,Carlos Carrasco,David Peterson,471911,656849,11,6,ATL,0,17,5,N,1
776757,2025-08-13,2025-08-13T23:07:00Z,Rogers Centre,R,CHC,TOR,112,141,Cade Horton,Kevin Gausman,690990,592332,4,1,CHC,0,5,3,N,1
776758,2025-08-13,2025-08-13T18:15:00Z,Busch Stadium,R,COL,STL,115,138,Austin Gomber,Michael McGreevy,596295,700241,6,5,COL,0,11,1,N,1
776759,2025-08-13,2025-08-13T18:10:00Z,Kauffman Stadium,R,WSH,KC,120,118,Jake Irvin,Seth Lugo,663623,607625,8,7,WSH,0,15,1,N,1
776760,2025-08-13,2025-08-13T23:05:00Z,Yankee Stadium,R,MIN,NYY,142,147,Joe Ryan,Cam Schlittler,657746,693645,4,1,MIN,0,5,3,N,1
776761,2025-08-13,2025-08-13T22:35:00Z,Oriole Park at Camden Yards,R,SEA,BAL,136,110,Logan Gilbert,Trevor Rogers,669302,669432,3,4,BAL,1,7,1,N,1
776765,2025-08-13,2025-08-13T21:10:00Z,Great American Ball Park,R,PHI,CIN,143,113,Cristopher Sánchez,Hunter Greene,650911,668881,0,8,CIN,1,8,8,N,1
776766,2025-08-13,2025-08-13T22:40:00Z,Progressive Field,R,MIA,CLE,146,114,Eury Pérez,Gavin Williams,691587,668909,13,4,MIA,0,17,9,N,1
776742,2025-08-14,2025-08-15T00:40:00Z,Coors Field,R,AZ,COL,109,115,Eduardo Rodriguez,Bradley Blalock,593958,687134,8,2,AZ,0,10,6,N,1
776743,2025-08-14,2025-08-14T22:45:00Z,Nationals Park,R,PHI,WSH,143,120,Jesús Luzardo,Brad Lord,666200,695418,2,3,WSH,1,5,1,N,1
776744,2025-08-14,2025-08-14T23:40:00Z,Target Field,R,DET,MIN,116,142,Tarik Skubal,Bailey Ober,669373,641927,4,3,DET,0,7,1,N,1
776745,2025-08-14,2025-08-14T22:40:00Z,Progressive Field,R,MIA,CLE,146,114,Edward Cabrera,Tanner Bibee,665795,676440,4,9,CLE,1,13,5,N,1
776747,2025-08-14,2025-08-14T19:07:00Z,Rogers Centre,R,CHC,TOR,112,141,Matthew Boyd,Max Scherzer,571510,453286,1,2,TOR,1,3,1,N,1
776748,2025-08-14,2025-08-14T23:10:00Z,Citi Field,R,ATL,NYM,144,121,Bryce Elder,Kodai Senga,693821,673540,4,3,ATL,0,7,1,N,1
776750,2025-08-14,2025-08-14T17:05:00Z,Oriole Park at Camden Yards,R,SEA,BAL,136,110,Logan Evans,Tomoyuki Sugano,688138,608372,3,5,BAL,1,8,2,N,1
776727,2025-08-15,2025-08-16T02:10:00Z,Dodger Stadium,R,SD,LAD,135,119,Wandy Peralta,Clayton Kershaw,593974,477132,2,3,LAD,1,5,1,N,1
776728,2025-08-15,2025-08-16T00:10:00Z,Kauffman Stadium,R,CWS,KC,145,118,Aaron Civale,Noah Cameron,650644,702070,1,3,KC,1,4,2,N,1
776729,2025-08-15,2025-08-16T02:15:00Z,Oracle Park,R,TB,SF,139,137,Joe Boyle,Landen Roupp,671212,694738,7,6,TB,0,13,1,N,1
776730,2025-08-15,2025-08-16T00:40:00Z,Coors Field,R,AZ,COL,109,115,Brandon Pfaadt,Tanner Gordon,694297,685299,3,4,COL,1,7,1,N,1
776731,2025-08-15,2025-08-16T00:15:00Z,Busch Stadium,R,NYY,STL,147,138,Luis Gil,Andre Pallante,661563,669467,4,3,NYY,0,7,1,N,1
776732,2025-08-15,2025-08-16T00:10:00Z,Target Field,R,DET,MIN,116,142,Charlie Morton,Pierson Ohl,450203,701487,7,0,DET,0,7,7,N,1
776733,2025-08-15,2025-08-16T00:10:00Z,Daikin Park,R,BAL,HOU,110,117,Brandon Young,Framber Valdez,687064,664285,7,0,BAL,0,7,7,N,1
776734,2025-08-15,2025-08-16T02:05:00Z,Sutter Health Park,R,LAA,ATH,108,133,Yusei Kikuchi,Jack Perkins,579328,678022,3,10,ATH,1,13,7,N,1
776735,2025-08-15,2025-08-15T23:07:00Z,Rogers Centre,R,TEX,TOR,140,141,Jacob deGrom,Chris Bassitt,594798,605135,5,6,TOR,1,11,1,N,1
776736,2025-08-15,2025-08-15T23:10:00Z,Citi Field,R,SEA,NYM,136,121,Luis Castillo,Sean Manaea,622491,640455,11,9,SEA,0,20,2,N,1
776737,2025-08-15,2025-08-15T18:20:00Z,Wrigley Field,R,PIT,CHC,134,112,Braxton Ashcraft,Colin Rea,677952,607067,3,2,PIT,0,5,1,N,1
776738,2025-08-15,2025-08-15T23:10:00Z,Progressive Field,R,ATL,CLE,144,114,Hurston Waldrep,Joey Cantillo,694462,676282,2,0,ATL,0,2,2,N,1
776739,2025-08-15,2025-08-15T22:45:00Z,Nationals Park,R,PHI,WSH,143,120,Zack Wheeler,MacKenzie Gore,554430,669022,6,2,PHI,0,8,4,N,1
776740,2025-08-15,2025-08-15T22:40:00Z,Great American Ball Park,R,MIL,CIN,158,113,Jacob Misiorowski,Nick Martinez,694819,607259,10,8,MIL,0,18,2,N,1
776741,2025-08-15,2025-08-15T23:10:00Z,Fenway Park,R,MIA,BOS,146,111,Sandy Alcantara,Lucas Giolito,645261,608337,1,2,BOS,1,3,1,N,1
776711,2025-08-16,2025-08-17T01:05:00Z,Oracle Park,R,TB,SF,139,137,Adrian Houser,Justin Verlander,605288,434378,2,1,TB,0,3,1,N,1
776712,2025-08-16,2025-08-16T23:10:00Z,Kauffman Stadium,R,CWS,KC,145,118,Sean Burke,Michael Lorenzen,680732,547179,2,6,KC,1,8,4,N,1
776713,2025-08-16,2025-08-16T23:15:00Z,Busch Stadium,R,NYY,STL,147,138,Max Fried,Sonny Gray,608331,543243,12,8,NYY,0,20,4,N,1
776715,2025-08-16,2025-08-17T00:10:00Z,Coors Field,R,AZ,COL,109,115,Ryne Nelson,Chase Dollander,669194,801403,7,10,COL,1,17,3,N,1
776716,2025-08-16,2025-08-16T23:15:00Z,Target Field,R,DET,MIN,116,142,Casey Mize,Zebby Matthews,663554,805673,8,5,DET,0,13,3,N,1
776717,2025-08-16,2025-08-17T01:10:00Z,Dodger Stadium,R,SD,LAD,135,119,Dylan Cease,Blake Snell,656302,605483,0,6,LAD,1,6,6,N,1
776718,2025-08-16,2025-08-17T02:05:00Z,Sutter Health Park,R,LAA,ATH,108,133,Tyler Anderson,Luis Morales,542881,806960,2,7,ATH,1,9,5,N,1
776719,2025-08-16,2025-08-16T18:20:00Z,Wrigley Field,R,PIT,CHC,134,112,Mike Burrows,Shota Imanaga,681347,684007,1,3,CHC,1,4,2,N,1
776720,2025-08-16,2025-08-16T23:10:00Z,Progressive Field,R,ATL,CLE,144,114,Joey Wentz,Slade Cecconi,666214,677944,10,1,ATL,0,11,9,N,1
776721,2025-08-16,2025-08-16T22:40:00Z,Great American Ball Park,R,MIL,CIN,158,113,Quinn Priester,Zack Littell,682990,641793,6,5,MIL,0,11,1,N,1
776722,2025-08-16,2025-08-16T23:10:00Z,Daikin Park,R,BAL,HOU,110,117,Rico Garcia,Jason Alexander,670329,669920,4,5,HOU,1,9,1,N,1
776723,2025-08-16,2025-08-16T19:07:00Z,Rogers Centre,R,TEX,TOR,140,141,Patrick Corbin,Eric Lauer,571578,641778,2,14,TOR,1,16,12,N,1
776724,2025-08-16,2025-08-16T20:10:00Z,Fenway Park,R,MIA,BOS,146,111,Cal Quantrill,Brayan Bello,615698,678394,5,7,BOS,1,12,2,N,1
776725,2025-08-16,2025-08-16T20:05:00Z,Nationals Park,R,PHI,WSH,143,120,Taijuan Walker,Cade Cavalli,592836,676917,0,2,WSH,1,2,2,N,1
776726,2025-08-16,2025-08-16T20:10:00Z,Citi Field,R,SEA,NYM,136,121,Bryan Woo,Nolan McLean,693433,690997,1,3,NYM,1,4,2,N,1
776697,2025-08-17,2025-08-17T20:10:00Z,Dodger Stadium,R,SD,LAD,135,119,Yu Darvish,Tyler Glasnow,506433,607192,4,5,LAD,1,9,1,N,1
776698,2025-08-17,2025-08-17T18:15:00Z,Busch Stadium,R,NYY,STL,147,138,Will Warren,Miles Mikolas,701542,571945,8,4,NYY,0,12,4,N,1
776699,2025-08-17,2025-08-17T20:05:00Z,Sutter Health Park,R,LAA,ATH,108,133,José Soriano,Jeffrey Springs,667755,605488,11,5,LAA,0,16,6,N,1
776700,2025-08-17,2025-08-17T18:10:00Z,Target Field,R,DET,MIN,116,142,Chris Paddack,Thomas Hatch,663978,641672,1,8,MIN,1,9,7,N,1
776701,2025-08-17,2025-08-17T19:10:00Z,Coors Field,R,AZ,COL,109,115,Nabil Crismatt,Antonio Senzatela,622503,622608,5,6,COL,1,11,1,N,1
776702,2025-08-17,2025-08-17T18:10:00Z,Kauffman Stadium,R,CWS,KC,145,118,Davis Martin,Ryan Bergert,663436,686701,2,6,KC,1,8,4,N,1
776703,2025-08-17,2025-08-17T20:05:00Z,Oracle Park,R,TB,SF,139,137,Ryan Pepiot,Logan Webb,686752,657277,1,7,SF,1,8,6,N,1
776704,2025-08-17,2025-08-17T18:20:00Z,Wrigley Field,R,PIT,CHC,134,112,Carmen Mlodzinski,Javier Assad,669387,665871,3,4,CHC,1,7,1,N,1
776705,2025-08-17,2025-08-17T18:10:00Z,Daikin Park,R,BAL,HOU,110,117,Dean Kremer,Cristian Javier,665152,664299,12,0,BAL,0,12,12,N,1
776706,2025-08-17,2025-08-17T17:40:00Z,Progressive Field,R,ATL,CLE,144,114,Erick Fedde,Logan Allen,607200,671106,5,4,ATL,0,9,1,N,1
776707,2025-08-17,2025-08-17T23:10:00Z,Journey Bank Ballpark,R,SEA,NYM,136,121,George Kirby,Clay Holmes,669923,605280,3,7,NYM,1,10,4,N,1
776708,2025-08-17,2025-08-17T15:35:00Z,Nationals Park,R,PHI,WSH,143,120,Aaron Nola,Mitchell Parker,605400,680730,11,9,PHI,0,20,2,N,1
776709,2025-08-17,2025-08-17T17:40:00Z,Great American Ball Park,R,MIL,CIN,158,113,Jose Quintana,Andrew Abbott,500779,671096,2,3,CIN,1,5,1,N,1
776710,2025-08-17,2025-08-17T17:37:00Z,Rogers Centre,R,TEX,TOR,140,141,Nathan Eovaldi,José Berríos,543135,621244,10,4,TEX,0,14,6,N,1
776714,2025-08-17,2025-08-17T17:35:00Z,Fenway Park,R,MIA,BOS,146,111,Janson Junk,Garrett Crochet,676083,676979,5,3,MIA,0,8,2,N,1
776681,2025-08-18,2025-08-19T01:38:00Z,Angel Stadium,R,CIN,LAA,113,108,Brady Singer,Victor Mederos,663903,682989,4,1,CIN,0,5,3,N,1
776682,2025-08-18,2025-08-19T01:40:00Z,Chase Field,R,CLE,AZ,114,109,Gavin Williams,Zac Gallen,668909,668678,3,1,CLE,0,4,2,N,1
776683,2025-08-18,2025-08-19T01:40:00Z,Petco Park,R,SF,SD,137,135,Robbie Ray,Nestor Cortes,592662,641482,4,3,SF,0,7,1,N,1
776688,2025-08-18,2025-08-18T22:40:00Z,loanDepot park,R,STL,MIA,138,146,Matthew Liberatore,Eury Pérez,669461,691587,8,3,STL,0,11,5,N,1
776689,2025-08-18,2025-08-18T22:45:00Z,Citizens Bank Park,R,SEA,PHI,136,143,Logan Gilbert,Ranger Suarez,669302,624133,7,12,PHI,1,19,5,N,1
776690,2025-08-18,2025-08-18T23:40:00Z,Kauffman Stadium,R,TEX,KC,140,118,Jack Leiter,Michael Wacha,683004,608379,3,4,KC,1,7,1,N,1
776692,2025-08-18,2025-08-18T22:40:00Z,Comerica Park,R,HOU,DET,117,116,Spencer Arrighetti,Jack Flaherty,681293,656427,0,10,DET,1,10,10,N,1
776693,2025-08-18,2025-08-19T00:40:00Z,Coors Field,R,LAD,COL,119,115,Yoshinobu Yamamoto,Kyle Freeland,808967,607536,3,4,COL,1,7,1,N,1
776694,2025-08-18,2025-08-18T22:40:00Z,PNC Park,R,TOR,PIT,141,134,Kevin Gausman,Paul Skenes,592332,694973,2,5,PIT,1,7,3,N,1
776695,2025-08-18,2025-08-18T23:10:00Z,Fenway Park,R,BAL,BOS,110,111,Trevor Rogers,Dustin May,669432,669160,6,3,BAL,0,9,3,N,1
776696,2025-08-18,2025-08-18T23:15:00Z,Truist Park,R,CWS,ATL,145,144,Yoendrys Gómez,Spencer Strider,672782,675911,13,9,CWS,0,22,4,N,1
777459,2025-08-18,2025-08-18T18:20:00Z,Wrigley Field,R,MIL,CHC,158,112,Freddy Peralta,Cade Horton,642547,690990,7,0,MIL,0,7,7,S,1
776667,2025-08-19,2025-08-20T01:40:00Z,Petco Park,R,SF,SD,137,135,Kai-Wei Teng,Nick Pivetta,678906,601713,1,5,SD,1,6,4,N,1
776668,2025-08-19,2025-08-20T01:38:00Z,Angel Stadium,R,CIN,LAA,113,108,Hunter Greene,Kyle Hendricks,668881,543294,6,4,CIN,0,10,2,N,1
776671,2025-08-19,2025-08-20T00:40:00Z,Coors Field,R,LAD,COL,119,115,Emmet Sheehan,Austin Gomber,686218,596295,11,4,LAD,0,15,7,N,1
776672,2025-08-19,2025-08-20T01:40:00Z,Chase Field,R,CLE,AZ,114,109,Tanner Bibee,Eduardo Rodriguez,676440,593958,5,6,AZ,1,11,1,N,1
776674,2025-08-19,2025-08-19T23:40:00Z,Target Field,R,ATH,MIN,133,142,Jacob Lopez,Joe Ryan,682052,657746,6,3,ATH,0,9,3,N,1
776675,2025-08-19,2025-08-19T23:40:00Z,Kauffman Stadium,R,TEX,KC,140,118,Merrill Kelly,Seth Lugo,518876,607625,2,5,KC,1,7,3,N,1
776676,2025-08-19,2025-08-20T00:05:00Z,Wrigley Field,R,MIL,CHC,158,112,Brandon Woodruff,Jameson Taillon,605540,592791,1,4,CHC,1,5,3,S,2
776677,2025-08-19,2025-08-19T23:35:00Z,George M. Steinbrenner Field,R,NYY,TB,147,139,Carlos Rodón,Shane Baz,607074,669358,13,3,NYY,0,16,10,N,1
776678,2025-08-19,2025-08-19T22:45:00Z,Nationals Park,R,NYM,WSH,121,120,David Peterson,Jake Irvin,656849,663623,8,1,NYM,0,9,7,N,1
776679,2025-08-19,2025-08-19T22:40:00Z,PNC Park,R,TOR,PIT,141,134,Max Scherzer,Mitch Keller,453286,656605,7,3,TOR,0,10,4,N,1
776680,2025-08-19,2025-08-19T22:45:00Z,Citizens Bank Park,R,SEA,PHI,136,143,Bryce Miller,Cristopher Sánchez,682243,650911,4,6,PHI,1,10,2,N,1
776684,2025-08-19,2025-08-19T23:10:00Z,Fenway Park,R,BAL,BOS,110,111,Tomoyuki Sugano,Walker Buehler,608372,621111,4,3,BAL,0,7,1,N,1
776685,2025-08-19,2025-08-19T22:40:00Z,Comerica Park,R,HOU,DET,117,116,Hunter Brown,Tarik Skubal,686613,669373,0,1,DET,1,1,1,N,1
776686,2025-08-19,2025-08-19T22:40:00Z,loanDepot park,R,STL,MIA,138,146,Michael McGreevy,Edward Cabrera,700241,665795,7,4,STL,0,11,3,N,1
776687,2025-08-19,2025-08-19T23:15:00Z,Truist Park,R,CWS,ATL,145,144,Shane Smith,Bryce Elder,681343,693821,10,11,ATL,1,21,1,N,1
776691,2025-08-19,2025-08-19T18:20:00Z,Wrigley Field,R,MIL,CHC,158,112,Chad Patrick,Matthew Boyd,694477,571510,4,6,CHC,1,10,2,S,1
776652,2025-08-20,2025-08-21T01:38:00Z,Angel Stadium,R,CIN,LAA,113,108,Nick Martinez,Yusei Kikuchi,607259,579328,1,2,LAA,1,3,1,N,1
776656,2025-08-20,2025-08-21T01:40:00Z,Petco Park,R,SF,SD,137,135,Landen Roupp,JP Sears,694738,676664,1,8,SD,1,9,7,N,1
776658,2025-08-20,2025-08-20T19:40:00Z,Chase Field,R,CLE,AZ,114,109,Parker Messick,Brandon Pfaadt,800048,694297,2,3,AZ,1,5,1,N,1
776659,2025-08-20,2025-08-20T22:45:00Z,Nationals Park,R,NYM,WSH,121,120,Kodai Senga,Brad Lord,673540,695418,4,5,WSH,1,9,1,N,1
776660,2025-08-20,2025-08-21T00:40:00Z,Coors Field,R,LAD,COL,119,115,Shohei Ohtani,Tanner Gordon,660271,685299,3,8,COL,1,11,5,N,1
776661,2025-08-20,2025-08-20T16:35:00Z,PNC Park,R,TOR,PIT,141,134,Chris Bassitt,Johan Oviedo,605135,670912,1,2,PIT,1,3,1,N,1
776662,2025-08-20,2025-08-20T17:05:00Z,Citizens Bank Park,R,SEA,PHI,136,143,Luis Castillo,Jesús Luzardo,622491,666200,2,11,PHI,1,13,9,N,1
776663,2025-08-20,2025-08-21T00:05:00Z,Wrigley Field,R,MIL,CHC,158,112,Jacob Misiorowski,Colin Rea,694819,607067,3,4,CHC,1,7,1,N,1
776664,2025-08-20,2025-08-20T23:35:00Z,George M. Steinbrenner Field,R,NYY,TB,147,139,Cam Schlittler,Drew Rasmussen,693645,656876,6,4,NYY,0,10,2,N,1
776665,2025-08-20,2025-08-20T23:40:00Z,Target Field,R,ATH,MIN,133,142,J.T. Ginn,Bailey Ober,669372,641927,4,2,ATH,0,6,2,N,1
776666,2025-08-20,2025-08-20T23:40:00Z,Kauffman Stadium,R,TEX,KC,140,118,Caleb Boushley,Noah Cameron,676961,702070,6,3,TEX,0,9,3,N,1
776669,2025-08-20,2025-08-20T23:15:00Z,Truist Park,R,CWS,ATL,145,144,Martín Pérez,Hurston Waldrep,527048,694462,0,1,ATL,1,1,1,N,1
776670,2025-08-20,2025-08-20T22:40:00Z,loanDepot park,R,STL,MIA,138,146,Andre Pallante,Sandy Alcantara,669467,645261,2,6,MIA,1,8,4,N,1
776673,2025-08-20,2025-08-20T17:10:00Z,Comerica Park,R,HOU,DET,117,116,Framber Valdez,Charlie Morton,664285,450203,2,7,DET,1,9,5,N,1
776631,2025-08-21,2025-08-21T23:35:00Z,George M. Steinbrenner Field,R,STL,TB,138,139,Sonny Gray,Joe Boyle,543243,671212,7,4,STL,0,11,3,N,1
776642,2025-08-21,2025-08-21T20:10:00Z,Petco Park,R,SF,SD,137,135,Justin Verlander,Dylan Cease,434378,656302,4,8,SD,1,12,4,N,1
776644,2025-08-21,2025-08-21T19:10:00Z,Coors Field,R,LAD,COL,119,115,Clayton Kershaw,Chase Dollander,477132,801403,9,5,LAD,0,14,4,N,1
776650,2025-08-21,2025-08-21T20:05:00Z,Nationals Park,R,NYM,WSH,121,120,Sean Manaea,MacKenzie Gore,640455,669022,3,9,WSH,1,12,6,N,1
776651,2025-08-21,2025-08-21T18:20:00Z,Wrigley Field,R,MIL,CHC,158,112,Quinn Priester,Shota Imanaga,682990,684007,4,1,MIL,0,5,3,N,1
776653,2025-08-21,2025-08-21T17:10:00Z,Target Field,R,ATH,MIN,133,142,Jack Perkins,José Ureña,678022,570632,8,3,ATH,0,11,5,N,1
776654,2025-08-21,2025-08-21T23:15:00Z,Yankee Stadium,R,BOS,NYY,111,147,Lucas Giolito,Luis Gil,608337,661563,6,3,BOS,0,9,3,N,1
776655,2025-08-21,2025-08-21T23:15:00Z,Oriole Park at Camden Yards,R,HOU,BAL,117,110,Jason Alexander,Brandon Young,669920,687064,7,2,HOU,0,9,5,N,1
776657,2025-08-21,2025-08-21T18:10:00Z,Kauffman Stadium,R,TEX,KC,140,118,Patrick Corbin,Michael Lorenzen,571578,547179,4,6,KC,1,10,2,N,1
776633,2025-08-22,2025-08-22T23:35:00Z,George M. Steinbrenner Field,R,STL,TB,138,139,Miles Mikolas,Adrian Houser,571945,605288,6,10,TB,1,16,4,N,1
776634,2025-08-22,2025-08-23T00:10:00Z,American Family Field,R,SF,MIL,137,158,Carson Whisenhunt,Jose Quintana,687931,500779,4,5,MIL,1,9,1,N,1
776635,2025-08-22,2025-08-23T01:40:00Z,Chase Field,R,CIN,AZ,113,109,Zack Littell,Ryne Nelson,641793,669194,5,6,AZ,1,11,1,N,1
776636,2025-08-22,2025-08-23T01:40:00Z,Petco Park,R,LAD,SD,119,135,Blake Snell,Yu Darvish,605483,506433,1,2,SD,1,3,1,N,1
776637,2025-08-22,2025-08-22T22:40:00Z,PNC Park,R,COL,PIT,115,134,Antonio Senzatela,Braxton Ashcraft,622608,677952,0,9,PIT,1,9,9,N,1
776638,2025-08-22,2025-08-23T02:10:00Z,T-Mobile Park,R,ATH,SEA,133,136,Luis Morales,Bryan Woo,806960,693433,2,3,SEA,1,5,1,N,1
776639,2025-08-22,2025-08-22T23:40:00Z,Rate Field,R,MIN,CWS,142,145,Zebby Matthews,Aaron Civale,805673,650644,9,7,MIN,0,16,2,N,1
776640,2025-08-22,2025-08-23T01:38:00Z,Angel Stadium,R,CHC,LAA,112,108,Javier Assad,Tyler Anderson,665871,542881,3,2,CHC,0,5,1,N,1
776641,2025-08-22,2025-08-23T00:05:00Z,Globe Life Field,R,CLE,TEX,114,140,Slade Cecconi,Nathan Eovaldi,677944,543135,3,4,TEX,1,7,1,N,1
776643,2025-08-22,2025-08-22T23:05:00Z,Oriole Park at Camden Yards,R,HOU,BAL,117,110,Lance McCullers Jr.,Cade Povich,621121,700249,10,7,HOU,0,17,3,N,1
776645,2025-08-22,2025-08-22T23:15:00Z,Truist Park,R,NYM,ATL,121,144,Nolan McLean,Joey Wentz,690997,666214,12,7,NYM,0,19,5,N,1
776646,2025-08-22,2025-08-22T23:10:00Z,loanDepot park,R,TOR,MIA,141,146,Shane Bieber,Ryan Gusto,669456,687473,5,2,TOR,0,7,3,N,1
776647,2025-08-22,2025-08-22T23:05:00Z,Yankee Stadium,R,BOS,NYY,111,147,Brayan Bello,Max Fried,678394,608331,1,0,BOS,0,1,1,N,1
776648,2025-08-22,2025-08-22T22:45:00Z,Citizens Bank Park,R,WSH,PHI,120,143,Cade Cavalli,Taijuan Walker,676917,592836,5,4,WSH,0,9,1,N,1
776649,2025-08-22,2025-08-22T23:10:00Z,Comerica Park,R,KC,DET,118,116,Ryan Bergert,Casey Mize,686701,663554,5,7,DET,1,12,2,N,1
776617,2025-08-23,2025-08-24T00:40:00Z,Petco Park,R,LAD,SD,119,135,Tyler Glasnow,Nestor Cortes,607192,641482,1,5,SD,1,6,4,N,1
776618,2025-08-23,2025-08-24T01:38:00Z,Angel Stadium,R,CHC,LAA,112,108,Cade Horton,Victor Mederos,690990,682989,12,1,CHC,0,13,11,N,1
776619,2025-08-23,2025-08-23T23:10:00Z,Rate Field,R,MIN,CWS,142,145,Mick Abel,Davis Martin,690953,663436,3,7,CWS,1,10,4,N,1
776620,2025-08-23,2025-08-24T01:40:00Z,T-Mobile Park,R,ATH,SEA,133,136,Jeffrey Springs,George Kirby,605488,669923,2,1,ATH,0,3,1,N,1
776621,2025-08-23,2025-08-23T23:10:00Z,American Family Field,R,SF,MIL,137,158,Logan Webb,Freddy Peralta,657277,642547,7,1,SF,0,8,6,N,1
776622,2025-08-23,2025-08-24T00:10:00Z,Chase Field,R,CIN,AZ,113,109,Andrew Abbott,Jalen Beeks,671096,656222,1,10,AZ,1,11,9,N,1
776623,2025-08-23,2025-08-23T23:05:00Z,Globe Life Field,R,CLE,TEX,114,140,Logan Allen,Jack Leiter,671106,683004,0,10,TEX,1,10,10,N,1
776625,2025-08-23,2025-08-23T22:10:00Z,Comerica Park,R,KC,DET,118,116,Michael Wacha,Chris Paddack,608379,663978,2,4,DET,1,6,2,N,1
776626,2025-08-23,2025-08-23T23:15:00Z,Truist Park,R,NYM,ATL,121,144,Clay Holmes,Cal Quantrill,605280,615698,9,2,NYM,0,11,7,N,1
776627,2025-08-23,2025-08-23T17:05:00Z,Yankee Stadium,R,BOS,NYY,111,147,Garrett Crochet,Will Warren,676979,701542,12,1,BOS,0,13,11,N,1
776628,2025-08-23,2025-08-23T22:05:00Z,Citizens Bank Park,R,WSH,PHI,120,143,Mitchell Parker,Aaron Nola,680730,605400,4,6,PHI,1,10,2,N,1
776629,2025-08-23,2025-08-23T23:05:00Z,Oriole Park at Camden Yards,R,HOU,BAL,117,110,Cristian Javier,Dean Kremer,664299,665152,9,8,HOU,0,17,1,N,1
776630,2025-08-23,2025-08-23T20:10:00Z,loanDepot park,R,TOR,MIA,141,146,José Berríos,Janson Junk,621244,676083,7,6,TOR,0,13,1,N,1
776632,2025-08-23,2025-08-23T22:40:00Z,PNC Park,R,COL,PIT,115,134,Kyle Freeland,Mike Burrows,607536,681347,1,5,PIT,1,6,4,N,1
776602,2025-08-24,2025-08-24T20:10:00Z,T-Mobile Park,R,ATH,SEA,133,136,Jacob Lopez,Logan Gilbert,682052,669302,4,11,SEA,1,15,7,N,1
776603,2025-08-24,2025-08-24T20:10:00Z,Petco Park,R,LAD,SD,119,135,Yoshinobu Yamamoto,Nick Pivetta,808967,601713,8,2,LAD,0,10,6,N,1
776605,2025-08-24,2025-08-24T20:07:00Z,Angel Stadium,R,CHC,LAA,112,108,Jameson Taillon,Kyle Hendricks,592791,543294,4,3,CHC,0,7,1,N,1
776606,2025-08-24,2025-08-24T16:10:00Z,George M. Steinbrenner Field,R,STL,TB,138,139,Matthew Liberatore,Ryan Pepiot,669461,686752,2,7,TB,1,9,5,N,1
776607,2025-08-24,2025-08-24T18:10:00Z,Rate Field,R,MIN,CWS,142,145,Taj Bradley,Yoendrys Gómez,671737,672782,0,8,CWS,1,8,8,N,1
776608,2025-08-24,2025-08-24T18:10:00Z,American Family Field,R,SF,MIL,137,158,Robbie Ray,Chad Patrick,592662,694477,4,3,SF,0,7,1,N,1
776609,2025-08-24,2025-08-24T20:10:00Z,Chase Field,R,CIN,AZ,113,109,Brady Singer,Zac Gallen,663903,668678,6,1,CIN,0,7,5,N,1
776610,2025-08-24,2025-08-24T16:05:00Z,PNC Park,R,COL,PIT,115,134,McCade Brown,Paul Skenes,685326,694973,0,4,PIT,1,4,4,N,1
776611,2025-08-24,2025-08-24T18:35:00Z,Globe Life Field,R,CLE,TEX,114,140,Gavin Williams,Merrill Kelly,668909,518876,0,5,TEX,1,5,5,N,1
776612,2025-08-24,2025-08-24T17:35:00Z,Oriole Park at Camden Yards,R,HOU,BAL,117,110,Spencer Arrighetti,Trevor Rogers,681293,669432,2,3,BAL,1,5,1,N,1
776613,2025-08-24,2025-08-24T17:35:00Z,Citizens Bank Park,R,WSH,PHI,120,143,Jake Irvin,Ranger Suarez,663623,624133,2,3,PHI,1,5,1,N,1
776614,2025-08-24,2025-08-24T17:40:00Z,loanDepot park,R,TOR,MIA,141,146,Kevin Gausman,Eury Pérez,592332,691587,3,5,MIA,1,8,2,N,1
776615,2025-08-24,2025-08-24T17:40:00Z,Comerica Park,R,KC,DET,118,116,Seth Lugo,Jack Flaherty,607625,656427,10,8,KC,0,18,2,N,1
776616,2025-08-24,2025-08-24T23:10:00Z,Yankee Stadium,R,BOS,NYY,111,147,Dustin May,Carlos Rodón,669160,607074,2,7,NYY,1,9,5,N,1
776624,2025-08-24,2025-08-24T17:35:00Z,Truist Park,R,NYM,ATL,121,144,David Peterson,Bryce Elder,656849,693821,3,4,ATL,1,7,1,N,1
776589,2025-08-25,2025-08-25T23:45:00Z,Busch Stadium,R,PIT,STL,134,138,Johan Oviedo,Michael McGreevy,670912,700241,6,7,STL,1,13,1,N,1
776590,2025-08-25,2025-08-26T02:05:00Z,Sutter Health Park,R,DET,ATH,116,133,Tarik Skubal,J.T. Ginn,669373,669372,3,8,ATH,1,11,5,N,1
776592,2025-08-25,2025-08-26T00:05:00Z,Globe Life Field,R,LAA,TEX,108,140,José Soriano,Jacob deGrom,667755,594798,4,0,LAA,0,4,4,N,1
776593,2025-08-25,2025-08-25T23:40:00Z,American Family Field,R,AZ,MIL,109,158,Eduardo Rodriguez,Brandon Woodruff,593958,605540,5,7,MIL,1,12,2,N,1
776594,2025-08-25,2025-08-26T02:10:00Z,Dodger Stadium,R,CIN,LAD,113,119,Hunter Greene,Emmet Sheehan,668881,686218,0,7,LAD,1,7,7,N,1
776595,2025-08-25,2025-08-26T01:40:00Z,T-Mobile Park,R,SD,SEA,135,136,JP Sears,Bryce Miller,676664,682243,6,9,SEA,1,15,3,N,1
776596,2025-08-25,2025-08-25T23:07:00Z,Rogers Centre,R,MIN,TOR,142,141,Joe Ryan,Max Scherzer,657746,453286,4,10,TOR,1,14,6,N,1
776597,2025-08-25,2025-08-25T23:05:00Z,Yankee Stadium,R,WSH,NYY,120,147,Brad Lord,Cam Schlittler,695418,693645,5,10,NYY,1,15,5,N,1
776598,2025-08-25,2025-08-25T23:10:00Z,Citi Field,R,PHI,NYM,143,121,Cristopher Sánchez,Kodai Senga,650911,673540,3,13,NYM,1,16,10,N,1
776599,2025-08-25,2025-08-25T23:40:00Z,Rate Field,R,KC,CWS,118,145,Noah Cameron,Shane Smith,702070,681343,0,7,CWS,1,7,7,N,1
776600,2025-08-25,2025-08-25T22:40:00Z,loanDepot park,R,ATL,MIA,144,146,Spencer Strider,Edward Cabrera,675911,665795,1,2,MIA,1,3,1,N,1
776601,2025-08-25,2025-08-25T22:40:00Z,Progressive Field,R,TB,CLE,139,114,Ian Seymour,Tanner Bibee,693855,676440,9,0,TB,0,9,9,N,1
776604,2025-08-25,2025-08-25T22:35:00Z,Oriole Park at Camden Yards,R,BOS,BAL,111,110,Brennan Bernardino,Tomoyuki Sugano,657514,608372,4,3,BOS,0,7,1,N,1
776573,2025-08-26,2025-08-27T02:05:00Z,Sutter Health Park,R,DET,ATH,116,133,Charlie Morton,Osvaldo Bido,450203,674370,6,7,ATH,1,13,1,N,1
776574,2025-08-26,2025-08-27T02:10:00Z,Dodger Stadium,R,CIN,LAD,113,119,Nick Martinez,Clayton Kershaw,607259,477132,3,6,LAD,1,9,3,N,1
776575,2025-08-26,2025-08-27T00:05:00Z,Globe Life Field,R,LAA,TEX,108,140,Yusei Kikuchi,Patrick Corbin,579328,571578,3,7,TEX,1,10,4,N,1
776576,2025-08-26,2025-08-27T01:45:00Z,Oracle Park,R,CHC,SF,112,137,Matthew Boyd,Justin Verlander,571510,434378,2,5,SF,1,7,3,N,1
776577,2025-08-26,2025-08-27T01:40:00Z,T-Mobile Park,R,SD,SEA,135,136,Dylan Cease,Luis Castillo,656302,622491,7,6,SD,0,13,1,N,1
776578,2025-08-26,2025-08-26T23:45:00Z,Busch Stadium,R,PIT,STL,134,138,Mitch Keller,Andre Pallante,656605,669467,8,3,PIT,0,11,5,N,1
776581,2025-08-26,2025-08-26T22:40:00Z,loanDepot park,R,ATL,MIA,144,146,Hurston Waldrep,Sandy Alcantara,694462,645261,11,2,ATL,0,13,9,N,1
776582,2025-08-26,2025-08-26T23:07:00Z,Rogers Centre,R,MIN,TOR,142,141,Bailey Ober,Chris Bassitt,641927,605135,7,5,MIN,0,12,2,N,1
776583,2025-08-26,2025-08-26T23:40:00Z,Rate Field,R,KC,CWS,118,145,Michael Lorenzen,Martín Pérez,547179,527048,5,4,KC,0,9,1,N,1
776584,2025-08-26,2025-08-26T22:40:00Z,Progressive Field,R,TB,CLE,139,114,Shane Baz,Parker Messick,669358,800048,0,3,CLE,1,3,3,N,1
776585,2025-08-26,2025-08-26T23:10:00Z,Citi Field,R,PHI,NYM,143,121,Jesús Luzardo,Sean Manaea,666200,640455,5,6,NYM,1,11,1,N,1
776586,2025-08-26,2025-08-26T23:40:00Z,American Family Field,R,AZ,MIL,109,158,Brandon Pfaadt,Jacob Misiorowski,694297,694819,8,9,MIL,1,17,1,N,1
776587,2025-08-26,2025-08-27T00:10:00Z,Daikin Park,R,COL,HOU,115,117,Tanner Gordon,Hunter Brown,685299,686613,6,1,COL,0,7,5,N,1
776588,2025-08-26,2025-08-26T23:05:00Z,Yankee Stadium,R,WSH,NYY,120,147,MacKenzie Gore,Luis Gil,669022,661563,1,5,NYY,1,6,4,N,1
776591,2025-08-26,2025-08-26T22:35:00Z,Oriole Park at Camden Yards,R,BOS,BAL,111,110,Lucas Giolito,Kyle Bradish,608337,680694,5,0,BOS,0,5,5,N,1
776557,2025-08-27,2025-08-28T01:45:00Z,Oracle Park,R,CHC,SF,112,137,Colin Rea,Carson Whisenhunt,607067,687931,3,12,SF,1,15,9,N,1
776559,2025-08-27,2025-08-28T02:05:00Z,Sutter Health Park,R,DET,ATH,116,133,Casey Mize,Luis Morales,663554,806960,0,7,ATH,1,7,7,N,1
776561,2025-08-27,2025-08-27T20:10:00Z,T-Mobile Park,R,SD,SEA,135,136,Yu Darvish,Bryan Woo,506433,693433,3,4,SEA,1,7,1,N,1
776562,2025-08-27,2025-08-28T00:40:00Z,Dodger Stadium,R,CIN,LAD,113,119,Nick Lodolo,Shohei Ohtani,666157,660271,1,5,LAD,1,6,4,N,1
776563,2025-08-27,2025-08-28T00:05:00Z,Globe Life Field,R,LAA,TEX,108,140,Jack Kochanowicz,Jacob Latz,686799,656641,3,20,TEX,1,23,17,N,1
776565,2025-08-27,2025-08-27T17:10:00Z,loanDepot park,R,ATL,MIA,144,146,Joey Wentz,Ryan Gusto,666214,687473,12,1,ATL,0,13,11,N,1
776566,2025-08-27,2025-08-27T23:10:00Z,Citi Field,R,PHI,NYM,143,121,Taijuan Walker,Nolan McLean,592836,690997,0,6,NYM,1,6,6,N,1
776567,2025-08-27,2025-08-27T23:07:00Z,Rogers Centre,R,MIN,TOR,142,141,Simeon Woods Richardson,Eric Lauer,680573,641778,8,9,TOR,1,17,1,N,1
776568,2025-08-27,2025-08-27T23:45:00Z,Busch Stadium,R,PIT,STL,134,138,Carmen Mlodzinski,Sonny Gray,669387,543243,2,1,PIT,0,3,1,N,1
776569,2025-08-27,2025-08-27T23:40:00Z,Rate Field,R,KC,CWS,118,145,Ryan Bergert,Aaron Civale,686701,650644,12,1,KC,0,13,11,N,1
776570,2025-08-27,2025-08-27T17:05:00Z,Yankee Stadium,R,WSH,NYY,120,147,Cade Cavalli,Max Fried,676917,608331,2,11,NYY,1,13,9,N,1
776571,2025-08-27,2025-08-28T00:10:00Z,Daikin Park,R,COL,HOU,115,117,Chase Dollander,Framber Valdez,801403,664285,0,4,HOU,1,4,4,N,1
776572,2025-08-27,2025-08-27T23:40:00Z,American Family Field,R,AZ,MIL,109,158,Ryne Nelson,Aaron Ashby,669194,676879,3,2,AZ,0,5,1,N,1
776579,2025-08-27,2025-08-27T22:35:00Z,Oriole Park at Camden Yards,R,BOS,BAL,111,110,Brayan Bello,Dietrich Enns,678394,608650,3,2,BOS,0,5,1,N,1
776580,2025-08-27,2025-08-27T17:10:00Z,Progressive Field,R,TB,CLE,139,114,Drew Rasmussen,Slade Cecconi,656876,677944,3,4,CLE,1,7,1,N,1
776550,2025-08-28,2025-08-28T19:45:00Z,Oracle Park,R,CHC,SF,112,137,Shota Imanaga,Logan Webb,684007,657277,3,4,SF,1,7,1,N,1
776553,2025-08-28,2025-08-28T18:10:00Z,American Family Field,R,AZ,MIL,109,158,Nabil Crismatt,Jose Quintana,622503,500779,6,4,AZ,0,10,2,N,1
776554,2025-08-28,2025-08-28T18:15:00Z,Busch Stadium,R,PIT,STL,134,138,Braxton Ashcraft,Miles Mikolas,677952,571945,1,4,STL,1,5,3,N,1
776555,2025-08-28,2025-08-28T18:10:00Z,Daikin Park,R,COL,HOU,115,117,Kyle Freeland,Jason Alexander,607536,669920,3,4,HOU,1,7,1,N,1
776556,2025-08-28,2025-08-28T23:40:00Z,Rate Field,R,NYY,CWS,147,145,Will Warren,Davis Martin,701542,663436,10,4,NYY,0,14,6,N,1
776558,2025-08-28,2025-08-28T23:10:00Z,Citi Field,R,MIA,NYM,146,121,Adam Mazur,Clay Holmes,800049,605280,7,4,MIA,0,11,3,N,1
776560,2025-08-28,2025-08-28T22:45:00Z,Citizens Bank Park,R,ATL,PHI,144,143,Cal Quantrill,Aaron Nola,615698,605400,4,19,PHI,1,23,15,N,1
776564,2025-08-28,2025-08-28T17:05:00Z,Oriole Park at Camden Yards,R,BOS,BAL,111,110,Garrett Crochet,Cade Povich,676979,700249,3,2,BOS,0,5,1,N,1
776533,2025-08-29,2025-08-30T02:15:00Z,Oracle Park,R,BAL,SF,110,137,Dean Kremer,Robbie Ray,665152,592662,8,15,SF,1,23,7,N,1
776534,2025-08-29,2025-08-30T02:10:00Z,Dodger Stadium,R,AZ,LAD,109,119,Zac Gallen,Blake Snell,668678,605483,3,0,AZ,0,3,3,N,1
776538,2025-08-29,2025-08-30T02:05:00Z,Sutter Health Park,R,TEX,ATH,140,133,Jack Leiter,Jeffrey Springs,683004,605488,5,2,TEX,0,7,3,N,1
776540,2025-08-29,2025-08-30T00:10:00Z,Kauffman Stadium,R,DET,KC,116,118,Chris Paddack,Seth Lugo,663978,607625,5,3,DET,0,8,2,N,1
776541,2025-08-29,2025-08-30T00:10:00Z,Target Field,R,SD,MIN,135,142,Nestor Cortes,Zebby Matthews,641482,805673,4,7,MIN,1,11,3,N,1
776542,2025-08-29,2025-08-30T00:40:00Z,Coors Field,R,CHC,COL,112,115,Cade Horton,Germán Márquez,690990,608566,11,7,CHC,0,18,4,N,1
776543,2025-08-29,2025-08-30T00:10:00Z,Daikin Park,R,LAA,HOU,108,117,Tyler Anderson,Cristian Javier,542881,664299,0,2,HOU,1,2,2,N,1
776544,2025-08-29,2025-08-29T23:40:00Z,Rate Field,R,NYY,CWS,147,145,Carlos Rodón,Yoendrys Gómez,607074,672782,10,2,NYY,0,12,8,N,1
776545,2025-08-29,2025-08-29T22:45:00Z,Nationals Park,R,TB,WSH,139,120,Adrian Houser,Mitchell Parker,605288,680730,4,1,TB,0,5,3,N,1
776546,2025-08-29,2025-08-29T23:07:00Z,Rogers Centre,R,MIL,TOR,158,141,Freddy Peralta,Shane Bieber,642547,669456,7,2,MIL,0,9,5,N,1
776547,2025-08-29,2025-08-29T23:10:00Z,Progressive Field,R,SEA,CLE,136,114,George Kirby,Logan Allen,669923,671106,4,5,CLE,1,9,1,N,1
776548,2025-08-29,2025-08-29T23:10:00Z,Citi Field,R,MIA,NYM,146,121,Eury Pérez,Jonah Tong,691587,804636,9,19,NYM,1,28,10,N,1
776549,2025-08-29,2025-08-29T23:10:00Z,Fenway Park,R,PIT,BOS,134,111,Paul Skenes,Payton Tolle,694973,801139,4,2,PIT,0,6,2,N,1
776551,2025-08-29,2025-08-29T22:40:00Z,Great American Ball Park,R,STL,CIN,138,113,Matthew Liberatore,Zack Littell,669461,641793,7,5,STL,0,12,2,N,1
776552,2025-08-29,2025-08-29T22:45:00Z,Citizens Bank Park,R,ATL,PHI,144,143,Bryce Elder,Ranger Suarez,693821,624133,1,2,PHI,1,3,1,N,1
776516,2025-08-30,2025-08-30T23:15:00Z,Oracle Park,R,BAL,SF,110,137,Trevor Rogers,Carson Seymour,669432,693313,11,1,BAL,0,12,10,N,1
776523,2025-08-30,2025-08-31T01:10:00Z,Dodger Stadium,R,AZ,LAD,109,119,Eduardo Rodriguez,Tyler Glasnow,593958,607192,6,1,AZ,0,7,5,N,1
776524,2025-08-30,2025-08-31T02:05:00Z,Sutter Health Park,R,TEX,ATH,140,133,Merrill Kelly,Mason Barnett,518876,686930,9,3,TEX,0,12,6,N,1
776525,2025-08-30,2025-08-30T20:05:00Z,Nationals Park,R,TB,WSH,139,120,Ryan Pepiot,Jake Irvin,686752,663623,4,1,TB,0,5,3,N,1
776526,2025-08-30,2025-08-31T00:10:00Z,Coors Field,R,CHC,COL,112,115,Javier Assad,McCade Brown,665871,685326,4,3,CHC,0,7,1,N,1
776527,2025-08-30,2025-08-30T19:07:00Z,Rogers Centre,R,MIL,TOR,158,141,Quinn Priester,Kevin Gausman,682990,592332,4,1,MIL,0,5,3,N,1
776528,2025-08-30,2025-08-30T23:15:00Z,Kauffman Stadium,R,DET,KC,116,118,Jack Flaherty,Stephen Kolek,656427,663568,1,3,KC,1,4,2,N,1
776529,2025-08-30,2025-08-30T23:10:00Z,Rate Field,R,NYY,CWS,147,145,Cam Schlittler,Shane Smith,693645,681343,5,3,NYY,0,8,2,N,1
776530,2025-08-30,2025-08-30T23:10:00Z,Target Field,R,SD,MIN,135,142,Nick Pivetta,Taj Bradley,601713,671737,12,3,SD,0,15,9,N,1
776531,2025-08-30,2025-08-30T23:10:00Z,Daikin Park,R,LAA,HOU,108,117,Kyle Hendricks,Spencer Arrighetti,543294,681293,4,1,LAA,0,5,3,N,1
776532,2025-08-30,2025-08-30T22:05:00Z,Citizens Bank Park,R,ATL,PHI,144,143,Chris Sale,Cristopher Sánchez,519242,650911,2,3,PHI,1,5,1,N,1
776535,2025-08-30,2025-08-30T20:10:00Z,Citi Field,R,MIA,NYM,146,121,Edward Cabrera,David Peterson,665795,656849,11,8,MIA,0,19,3,N,1
776536,2025-08-30,2025-08-30T22:40:00Z,Great American Ball Park,R,STL,CIN,138,113,Michael McGreevy,Andrew Abbott,700241,671096,4,2,STL,0,6,2,N,1
776537,2025-08-30,2025-08-30T23:15:00Z,Progressive Field,R,SEA,CLE,136,114,Logan Gilbert,Gavin Williams,669302,668909,3,4,CLE,1,7,1,N,1
776539,2025-08-30,2025-08-30T20:10:00Z,Fenway Park,R,PIT,BOS,134,111,Johan Oviedo,Dustin May,670912,669160,10,3,PIT,0,13,7,N,1
776507,2025-08-31,2025-08-31T20:05:00Z,Oracle Park,R,BAL,SF,110,137,Tomoyuki Sugano,Justin Verlander,608372,434378,2,13,SF,1,15,11,N,1
776508,2025-08-31,2025-08-31T20:05:00Z,Sutter Health Park,R,TEX,ATH,140,133,Jacob deGrom,J.T. Ginn,594798,669372,9,6,TEX,0,15,3,N,1
776509,2025-08-31,2025-08-31T20:10:00Z,Dodger Stadium,R,AZ,LAD,109,119,Brandon Pfaadt,Yoshinobu Yamamoto,694297,808967,4,5,LAD,1,9,1,N,1
776510,2025-08-31,2025-08-31T18:10:00Z,Daikin Park,R,LAA,HOU,108,117,José Soriano,Hunter Brown,667755,686613,3,0,LAA,0,3,3,N,1
776511,2025-08-31,2025-08-31T19:10:00Z,Coors Field,R,CHC,COL,112,115,Matthew Boyd,Tanner Gordon,571510,685299,5,6,COL,1,11,1,N,1
776512,2025-08-31,2025-08-31T18:10:00Z,Kauffman Stadium,R,DET,KC,116,118,Tarik Skubal,Michael Wacha,669373,608379,5,0,DET,0,5,5,N,1
776513,2025-08-31,2025-08-31T17:05:00Z,Target Field,R,SD,MIN,135,142,David Morgan,Joe Ryan,688158,657746,2,7,MIN,1,9,5,N,1
776514,2025-08-31,2025-08-31T18:10:00Z,Rate Field,R,NYY,CWS,147,145,Luis Gil,Martín Pérez,661563,527048,2,3,CWS,1,5,1,N,1
776515,2025-08-31,2025-08-31T17:37:00Z,Rogers Centre,R,MIL,TOR,158,141,Brandon Woodruff,Max Scherzer,605540,453286,4,8,TOR,1,12,4,N,1
776517,2025-08-31,2025-08-31T17:35:00Z,Fenway Park,R,PIT,BOS,134,111,Mitch Keller,Lucas Giolito,656605,608337,2,5,BOS,1,7,3,N,1
776518,2025-08-31,2025-08-31T16:10:00Z,Great American Ball Park,R,STL,CIN,138,113,Andre Pallante,Brady Singer,669467,663903,4,7,CIN,1,11,3,N,1
776519,2025-08-31,2025-08-31T17:40:00Z,Citi Field,R,MIA,NYM,146,121,Sandy Alcantara,Kodai Senga,645261,673540,5,1,MIA,0,6,4,N,1
776520,2025-08-31,2025-08-31T17:35:00Z,Nationals Park,R,TB,WSH,139,120,Ian Seymour,Brad Lord,693855,695418,7,4,TB,0,11,3,N,1
776521,2025-08-31,2025-08-31T17:40:00Z,Progressive Field,R,SEA,CLE,136,114,Bryce Miller,Tanner Bibee,682243,676440,4,2,SEA,0,6,2,N,1
776522,2025-08-31,2025-08-31T23:10:00Z,Citizens Bank Park,R,ATL,PHI,144,143,Hurston Waldrep,Jesús Luzardo,694462,666200,3,1,ATL,0,4,2,N,1
776492,2025-09-01,2025-09-01T20:10:00Z,Coors Field,R,SF,COL,137,115,Kai-Wei Teng,Chase Dollander,678906,801403,8,2,SF,0,10,6,N,1
776494,2025-09-01,2025-09-01T22:40:00Z,Petco Park,R,BAL,SD,110,135,Kyle Bradish,Dylan Cease,680694,656302,4,3,BAL,0,7,1,N,1
776495,2025-09-01,2025-09-02T00:10:00Z,Chase Field,R,TEX,AZ,140,109,Patrick Corbin,Ryne Nelson,571578,669194,7,5,TEX,0,12,2,N,1
776497,2025-09-01,2025-09-01T18:15:00Z,Busch Stadium,R,ATH,STL,133,138,Luis Morales,Sonny Gray,806960,543243,11,3,ATH,0,14,8,N,1
776498,2025-09-01,2025-09-01T17:05:00Z,Nationals Park,R,MIA,WSH,146,120,Lake Bachar,Andrew Alvarez,669199,674841,0,2,WSH,1,2,2,N,1
776499,2025-09-01,2025-09-01T18:10:00Z,Daikin Park,R,LAA,HOU,108,117,Yusei Kikuchi,Luis Garcia,579328,677651,3,8,HOU,1,11,5,N,1
776500,2025-09-01,2025-09-01T20:10:00Z,American Family Field,R,PHI,MIL,143,158,Taijuan Walker,Jacob Misiorowski,592836,694819,10,8,PHI,0,18,2,N,1
776501,2025-09-01,2025-09-01T17:10:00Z,Comerica Park,R,NYM,DET,121,116,Sean Manaea,Charlie Morton,640455,450203,10,8,NYM,0,18,2,N,1
776502,2025-09-01,2025-09-01T18:10:00Z,Target Field,R,CWS,MIN,145,142,Fraser Ellard,Bailey Ober,686642,641927,6,5,CWS,0,11,1,N,1
776503,2025-09-01,2025-09-01T17:10:00Z,Great American Ball Park,R,TOR,CIN,141,113,Chris Bassitt,Hunter Greene,605135,668881,4,5,CIN,1,9,1,N,1
776504,2025-09-01,2025-09-01T23:35:00Z,George M. Steinbrenner Field,R,SEA,TB,136,139,Luis Castillo,Shane Baz,622491,669358,2,10,TB,1,12,8,N,1
776505,2025-09-01,2025-09-01T17:35:00Z,Fenway Park,R,CLE,BOS,114,111,Parker Messick,Brayan Bello,800048,678394,4,6,BOS,1,10,2,N,1
776506,2025-09-01,2025-09-01T20:05:00Z,Wrigley Field,R,ATL,CHC,144,112,Spencer Strider,Colin Rea,675911,607067,6,7,CHC,1,13,1,N,1
776480,2025-09-02,2025-09-03T01:40:00Z,Petco Park,R,BAL,SD,110,135,Tyler Wells,Yu Darvish,669330,506433,6,2,BAL,0,8,4,N,1
776481,2025-09-02,2025-09-03T01:40:00Z,Chase Field,R,TEX,AZ,140,109,Jacob Latz,Nabil Crismatt,656641,622503,3,5,AZ,1,8,2,N,1
776482,2025-09-02,2025-09-02T22:45:00Z,Nationals Park,R,MIA,WSH,146,120,Adam Mazur,Cade Cavalli,800049,676917,2,5,WSH,1,7,3,N,1
776483,2025-09-02,2025-09-02T23:45:00Z,Busch Stadium,R,ATH,STL,133,138,Luis Severino,Miles Mikolas,622663,571945,1,2,STL,1,3,1,N,1
776484,2025-09-02,2025-09-02T23:40:00Z,Target Field,R,CWS,MIN,145,142,Davis Martin,Simeon Woods Richardson,663436,680573,12,3,CWS,0,15,9,N,1
776485,2025-09-02,2025-09-02T23:35:00Z,George M. Steinbrenner Field,R,SEA,TB,136,139,Bryan Woo,Drew Rasmussen,693433,656876,5,6,TB,1,11,1,N,1
776486,2025-09-02,2025-09-03T00:40:00Z,Coors Field,R,SF,COL,137,115,Logan Webb,Kyle Freeland,657277,607536,7,4,SF,0,11,3,N,1
776487,2025-09-02,2025-09-02T23:40:00Z,Wrigley Field,R,ATL,CHC,144,112,Joey Wentz,Shota Imanaga,666214,684007,3,4,CHC,1,7,1,N,1
776488,2025-09-02,2025-09-02T23:40:00Z,Kauffman Stadium,R,LAA,KC,108,118,Mitch Farris,Michael Lorenzen,815083,547179,5,1,LAA,0,6,4,N,1
776489,2025-09-02,2025-09-03T00:10:00Z,Daikin Park,R,NYY,HOU,147,117,Max Fried,Framber Valdez,608331,664285,7,1,NYY,0,8,6,N,1
776490,2025-09-02,2025-09-02T22:40:00Z,Comerica Park,R,NYM,DET,121,116,Nolan McLean,Sawyer Gipson-Long,690997,687830,12,5,NYM,0,17,7,N,1
776491,2025-09-02,2025-09-02T22:40:00Z,Great American Ball Park,R,TOR,CIN,141,113,José Berríos,Scott Barlow,621244,605130,12,9,TOR,0,21,3,N,1
776493,2025-09-02,2025-09-02T22:45:00Z,Fenway Park,R,CLE,BOS,114,111,Slade Cecconi,Garrett Crochet,677944,676979,7,11,BOS,1,18,4,N,1
776496,2025-09-02,2025-09-02T22:40:00Z,PNC Park,R,LAD,PIT,119,134,Clayton Kershaw,Carmen Mlodzinski,477132,669387,7,9,PIT,1,16,2,N,1
776465,2025-09-03,2025-09-03T20:10:00Z,Petco Park,R,BAL,SD,110,135,Cade Povich,Nestor Cortes,700249,641482,7,5,BAL,0,12,2,N,1
776466,2025-09-03,2025-09-03T23:40:00Z,Kauffman Stadium,R,LAA,KC,108,118,Caden Dana,Ryan Bergert,702674,686701,4,3,LAA,0,7,1,N,1
776467,2025-09-03,2025-09-04T00:40:00Z,Coors Field,R,SF,COL,137,115,Robbie Ray,Germán Márquez,592662,608566,10,8,SF,0,18,2,N,1
776468,2025-09-03,2025-09-03T19:40:00Z,Chase Field,R,TEX,AZ,140,109,Jack Leiter,Zac Gallen,683004,668678,0,2,AZ,1,2,2,N,1
776469,2025-09-03,2025-09-03T23:40:00Z,Target Field,R,CWS,MIN,145,142,Yoendrys Gómez,Zebby Matthews,672782,805673,4,3,CWS,0,7,1,N,1
776470,2025-09-03,2025-09-03T23:45:00Z,Busch Stadium,R,ATH,STL,133,138,Jeffrey Springs,Matthew Liberatore,605488,669461,1,5,STL,1,6,4,N,1
776471,2025-09-03,2025-09-03T23:40:00Z,American Family Field,R,PHI,MIL,143,158,Aaron Nola,Jose Quintana,605400,500779,3,6,MIL,1,9,3,N,1
776472,2025-09-03,2025-09-04T00:10:00Z,Daikin Park,R,NYY,HOU,147,117,Will Warren,Jason Alexander,701542,669920,7,8,HOU,1,15,1,N,1
776473,2025-09-03,2025-09-03T23:40:00Z,Wrigley Field,R,ATL,CHC,144,112,Bryce Elder,Cade Horton,693821,690990,5,1,ATL,0,6,4,N,1
776474,2025-09-03,2025-09-03T22:45:00Z,Fenway Park,R,CLE,BOS,114,111,Joey Cantillo,Brennan Bernardino,676282,657514,8,1,CLE,0,9,7,N,1
776475,2025-09-03,2025-09-03T22:40:00Z,Great American Ball Park,R,TOR,CIN,141,113,Shane Bieber,Zack Littell,669456,641793,13,9,TOR,0,22,4,N,1
776476,2025-09-03,2025-09-03T23:35:00Z,George M. Steinbrenner Field,R,SEA,TB,136,139,George Kirby,Adrian Houser,669923,605288,4,9,TB,1,13,5,N,1
776477,2025-09-03,2025-09-03T17:05:00Z,Nationals Park,R,MIA,WSH,146,120,Eury Pérez,Mitchell Parker,691587,680730,5,10,WSH,1,15,5,N,1
776478,2025-09-03,2025-09-03T17:10:00Z,Comerica Park,R,NYM,DET,121,116,Clay Holmes,Casey Mize,605280,663554,2,6,DET,1,8,4,N,1
776479,2025-09-03,2025-09-03T22:40:00Z,PNC Park,R,LAD,PIT,119,134,Emmet Sheehan,Braxton Ashcraft,686218,677952,0,3,PIT,1,3,3,N,1
776458,2025-09-04,2025-09-04T23:35:00Z,George M. Steinbrenner Field,R,CLE,TB,114,139,Logan Allen,Ryan Pepiot,671106,686752,2,4,TB,1,6,2,N,1
776459,2025-09-04,2025-09-04T20:10:00Z,American Family Field,R,PHI,MIL,143,158,Ranger Suarez,Freddy Peralta,624133,642547,2,0,PHI,0,2,2,N,1
776461,2025-09-04,2025-09-04T22:40:00Z,PNC Park,R,LAD,PIT,119,134,Blake Snell,Paul Skenes,605483,694973,3,5,PIT,1,8,2,N,1
776462,2025-09-04,2025-09-04T23:40:00Z,Target Field,R,CWS,MIN,145,142,Fraser Ellard,Taj Bradley,686642,671737,11,8,CWS,0,19,3,N,1
776463,2025-09-04,2025-09-04T23:40:00Z,Kauffman Stadium,R,LAA,KC,108,118,Kyle Hendricks,Noah Cameron,543294,702070,3,4,KC,1,7,1,N,1
776464,2025-09-04,2025-09-04T23:40:00Z,Daikin Park,R,NYY,HOU,147,117,Carlos Rodón,Cristian Javier,607074,664299,8,4,NYY,0,12,4,N,1
776442,2025-09-05,2025-09-06T00:40:00Z,Coors Field,R,SD,COL,135,115,Nick Pivetta,Kyle Freeland,601713,607536,0,3,COL,1,3,3,N,1
776444,2025-09-05,2025-09-06T01:38:00Z,Angel Stadium,R,ATH,LAA,133,108,Mason Barnett,José Soriano,686930,667755,10,4,ATH,0,14,6,N,1
776445,2025-09-05,2025-09-06T00:15:00Z,Busch Stadium,R,SF,STL,137,138,Carson Seymour,Michael McGreevy,693313,700241,8,2,SF,0,10,6,N,1
776446,2025-09-05,2025-09-05T23:40:00Z,Kauffman Stadium,R,MIN,KC,142,118,Pablo López,Michael Wacha,641154,608379,1,2,KC,1,3,1,N,1
776448,2025-09-05,2025-09-06T01:40:00Z,Chase Field,R,BOS,AZ,111,109,Payton Tolle,Eduardo Rodriguez,801139,593958,5,10,AZ,1,15,5,N,1
776449,2025-09-05,2025-09-06T00:05:00Z,Globe Life Field,R,HOU,TEX,117,140,Colton Gordon,Merrill Kelly,676467,518876,3,4,TEX,1,7,1,N,1
776450,2025-09-05,2025-09-05T22:40:00Z,Great American Ball Park,R,NYM,CIN,121,113,David Peterson,Andrew Abbott,656849,671096,5,4,NYM,0,9,1,N,1
776451,2025-09-05,2025-09-05T23:35:00Z,George M. Steinbrenner Field,R,CLE,TB,114,139,Gavin Williams,Griffin Jax,668909,643377,7,1,CLE,0,8,6,N,1
776452,2025-09-05,2025-09-05T22:40:00Z,Comerica Park,R,CWS,DET,145,116,Shane Smith,Jack Flaherty,681343,656427,7,5,CWS,0,12,2,N,1
776453,2025-09-05,2025-09-05T22:40:00Z,PNC Park,R,MIL,PIT,158,134,Quinn Priester,Johan Oviedo,682990,670912,5,2,MIL,0,7,3,N,1
776454,2025-09-05,2025-09-05T23:05:00Z,Oriole Park at Camden Yards,R,LAD,BAL,119,110,Shohei Ohtani,Dean Kremer,660271,665152,1,2,BAL,1,3,1,N,1
776455,2025-09-05,2025-09-05T18:20:00Z,Wrigley Field,R,WSH,CHC,120,112,Jake Irvin,Javier Assad,663623,665871,5,11,CHC,1,16,6,N,1
776456,2025-09-05,2025-09-05T23:10:00Z,loanDepot park,R,PHI,MIA,143,146,Cristopher Sánchez,Valente Bellozo,650911,678368,9,3,PHI,0,12,6,N,1
776457,2025-09-05,2025-09-05T23:05:00Z,Yankee Stadium,R,TOR,NYY,141,147,Kevin Gausman,Cam Schlittler,592332,693645,7,1,TOR,0,8,6,N,1
776460,2025-09-05,2025-09-05T23:15:00Z,Truist Park,R,SEA,ATL,136,144,Logan Gilbert,Chris Sale,669302,519242,1,4,ATL,1,5,3,N,1
776424,2025-09-06,2025-09-07T00:10:00Z,Chase Field,R,BOS,AZ,111,109,Lucas Giolito,Brandon Pfaadt,608337,694297,1,5,AZ,1,6,4,N,1
776430,2025-09-06,2025-09-07T01:38:00Z,Angel Stadium,R,ATH,LAA,133,108,J.T. Ginn,Yusei Kikuchi,669372,579328,17,4,ATH,0,21,13,N,1
776431,2025-09-06,2025-09-07T00:10:00Z,Coors Field,R,SD,COL,135,115,Randy Vásquez,McCade Brown,681190,685326,10,8,SD,0,18,2,N,1
776432,2025-09-06,2025-09-06T23:15:00Z,Globe Life Field,R,HOU,TEX,117,140,Hunter Brown,Jacob deGrom,686613,594798,11,0,HOU,0,11,11,N,1
776433,2025-09-06,2025-09-06T20:10:00Z,loanDepot park,R,PHI,MIA,143,146,Jesús Luzardo,Sandy Alcantara,666200,645261,4,2,PHI,0,6,2,N,1
776434,2025-09-06,2025-09-06T23:15:00Z,Kauffman Stadium,R,MIN,KC,142,118,Joe Ryan,Stephen Kolek,657746,663568,2,11,KC,1,13,9,N,1
776435,2025-09-06,2025-09-06T22:10:00Z,Comerica Park,R,CWS,DET,145,116,Martín Pérez,Tarik Skubal,527048,669373,0,6,DET,1,6,6,N,1
776436,2025-09-06,2025-09-06T17:05:00Z,Yankee Stadium,R,TOR,NYY,141,147,Chris Bassitt,Luis Gil,605135,661563,1,3,NYY,1,4,2,N,1
776437,2025-09-06,2025-09-06T23:15:00Z,Busch Stadium,R,SF,STL,137,138,Justin Verlander,Andre Pallante,434378,669467,2,3,STL,1,5,1,N,1
776438,2025-09-06,2025-09-06T23:05:00Z,George M. Steinbrenner Field,R,CLE,TB,114,139,Tanner Bibee,Shane Baz,676440,669358,3,2,CLE,0,5,1,N,1
776439,2025-09-06,2025-09-06T22:40:00Z,Great American Ball Park,R,NYM,CIN,121,113,Jonah Tong,Brady Singer,804636,663903,3,6,CIN,1,9,3,N,1
776440,2025-09-06,2025-09-06T18:20:00Z,Wrigley Field,R,WSH,CHC,120,112,Brad Lord,Matthew Boyd,695418,571510,2,1,WSH,0,3,1,N,1
776441,2025-09-06,2025-09-06T22:40:00Z,PNC Park,R,MIL,PIT,158,134,Brandon Woodruff,Mitch Keller,605540,656605,4,1,MIL,0,5,3,N,1
776443,2025-09-06,2025-09-06T23:05:00Z,Oriole Park at Camden Yards,R,LAD,BAL,119,110,Yoshinobu Yamamoto,Trevor Rogers,808967,669432,3,4,BAL,1,7,1,N,1
776447,2025-09-06,2025-09-06T23:15:00Z,Truist Park,R,SEA,ATL,136,144,Bryce Miller,Hurston Waldrep,682243,694462,10,2,SEA,0,12,8,N,1
776414,2025-09-07,2025-09-07T20:07:00Z,Angel Stadium,R,ATH,LAA,133,108,Luis Severino,Mitch Farris,622663,815083,3,4,LAA,1,7,1,N,1
776415,2025-09-07,2025-09-07T20:10:00Z,Chase Field,R,BOS,AZ,111,109,Brayan Bello,Ryne Nelson,678394,669194,7,4,BOS,0,11,3,N,1
776416,2025-09-07,2025-09-07T18:15:00Z,Busch Stadium,R,SF,STL,137,138,Kai-Wei Teng,Sonny Gray,678906,543243,3,4,STL,1,7,1,N,1
776417,2025-09-07,2025-09-07T19:10:00Z,Coors Field,R,SD,COL,135,115,Dylan Cease,Tanner Gordon,656302,685299,8,1,SD,0,9,7,N,1
776418,2025-09-07,2025-09-07T18:35:00Z,Globe Life Field,R,HOU,TEX,117,140,Framber Valdez,Patrick Corbin,664285,571578,2,4,TEX,1,6,2,N,1
776419,2025-09-07,2025-09-07T17:35:00Z,PNC Park,R,MIL,PIT,158,134,Jacob Misiorowski,Bubba Chandler,694819,696149,10,2,MIL,0,12,8,N,1
776420,2025-09-07,2025-09-07T18:20:00Z,Wrigley Field,R,WSH,CHC,120,112,Andrew Alvarez,Drew Pomeranz,674841,519141,6,3,WSH,0,9,3,N,1
776421,2025-09-07,2025-09-07T16:10:00Z,George M. Steinbrenner Field,R,CLE,TB,114,139,Parker Messick,Drew Rasmussen,800048,656876,2,1,CLE,0,3,1,N,1
776422,2025-09-07,2025-09-07T18:10:00Z,Kauffman Stadium,R,MIN,KC,142,118,Bailey Ober,Michael Lorenzen,641927,547179,5,1,MIN,0,6,4,N,1
776423,2025-09-07,2025-09-07T17:35:00Z,Yankee Stadium,R,TOR,NYY,141,147,Max Scherzer,Max Fried,453286,608331,3,4,NYY,1,7,1,N,1
776425,2025-09-07,2025-09-07T17:40:00Z,Comerica Park,R,CWS,DET,145,116,Davis Martin,Charlie Morton,663436,450203,6,4,CWS,0,10,2,N,1
776426,2025-09-07,2025-09-07T17:40:00Z,loanDepot park,R,PHI,MIA,143,146,Taijuan Walker,Tyler Phillips,592836,663969,4,5,MIA,1,9,1,N,1
776427,2025-09-07,2025-09-07T17:35:00Z,Oriole Park at Camden Yards,R,LAD,BAL,119,110,Clayton Kershaw,Tomoyuki Sugano,477132,608372,5,2,LAD,0,7,3,N,1
776428,2025-09-07,2025-09-07T16:05:00Z,Truist Park,R,SEA,ATL,136,144,Luis Castillo,Joey Wentz,622491,666214,18,2,SEA,0,20,16,N,1
776429,2025-09-07,2025-09-07T17:40:00Z,Great American Ball Park,R,NYM,CIN,121,113,Brandon Sproat,Hunter Greene,687075,668881,2,3,CIN,1,5,1,N,1
776399,2025-09-08,2025-09-09T01:45:00Z,Oracle Park,R,AZ,SF,109,137,Nabil Crismatt,Logan Webb,622503,657277,5,11,SF,1,16,6,N,1
776400,2025-09-08,2025-09-09T01:40:00Z,T-Mobile Park,R,STL,SEA,138,136,Miles Mikolas,Bryan Woo,571945,693433,2,4,SEA,1,6,2,N,1
776405,2025-09-08,2025-09-08T22:45:00Z,Citizens Bank Park,R,NYM,PHI,121,143,Nolan McLean,Aaron Nola,690997,605400,0,1,PHI,1,1,1,N,1
776406,2025-09-08,2025-09-09T00:05:00Z,Globe Life Field,R,MIL,TEX,158,140,Jose Quintana,Jacob Latz,500779,656641,0,5,TEX,1,5,5,N,1
776407,2025-09-08,2025-09-09T01:40:00Z,Petco Park,R,CIN,SD,113,135,Nick Lodolo,Yu Darvish,666157,506433,3,4,SD,1,7,1,N,1
776408,2025-09-08,2025-09-09T02:10:00Z,Dodger Stadium,R,COL,LAD,115,119,Chase Dollander,Tyler Glasnow,801403,607192,1,3,LAD,1,4,2,N,1
776409,2025-09-08,2025-09-08T22:40:00Z,loanDepot park,R,WSH,MIA,120,146,Cade Cavalli,Janson Junk,676917,676083,15,7,WSH,0,22,8,N,1
776410,2025-09-08,2025-09-09T02:05:00Z,Sutter Health Park,R,BOS,ATH,111,133,Garrett Crochet,Luis Morales,676979,806960,7,0,BOS,0,7,7,N,1
776411,2025-09-08,2025-09-09T01:38:00Z,Angel Stadium,R,MIN,LAA,142,108,Simeon Woods Richardson,Caden Dana,680573,702674,12,3,MIN,0,15,9,N,1
776412,2025-09-08,2025-09-08T23:15:00Z,Truist Park,R,CHC,ATL,112,144,Shota Imanaga,Bryce Elder,684007,693821,1,4,ATL,1,5,3,N,1
776413,2025-09-08,2025-09-08T22:40:00Z,Progressive Field,R,KC,CLE,118,114,Ryan Bergert,Slade Cecconi,686701,677944,2,10,CLE,1,12,8,N,1
776388,2025-09-09,2025-09-09T23:40:00Z,Rate Field,R,TB,CWS,139,145,Adrian Houser,Yoendrys Gómez,605288,672782,5,4,TB,0,9,1,N,1
776389,2025-09-09,2025-09-10T02:10:00Z,Dodger Stadium,R,COL,LAD,115,119,Germán Márquez,Emmet Sheehan,608566,686218,2,7,LAD,1,9,5,N,1
776390,2025-09-09,2025-09-10T01:38:00Z,Angel Stadium,R,MIN,LAA,142,108,Zebby Matthews,Kyle Hendricks,805673,543294,2,12,LAA,1,14,10,N,1
776391,2025-09-09,2025-09-10T01:40:00Z,T-Mobile Park,R,STL,SEA,138,136,Matthew Liberatore,George Kirby,669461,669923,3,5,SEA,1,8,2,N,1
776392,2025-09-09,2025-09-10T01:40:00Z,Petco Park,R,CIN,SD,113,135,Zack Littell,Michael King,641793,650633,4,2,CIN,0,6,2,N,1
776393,2025-09-09,2025-09-09T23:07:00Z,Rogers Centre,R,HOU,TOR,117,141,Luis Garcia,Shane Bieber,677651,669456,3,4,TOR,1,7,1,N,1
776394,2025-09-09,2025-09-10T01:45:00Z,Oracle Park,R,AZ,SF,109,137,Zac Gallen,Robbie Ray,668678,592662,3,5,SF,1,8,2,N,1
776395,2025-09-09,2025-09-10T00:05:00Z,Globe Life Field,R,MIL,TEX,158,140,Chad Patrick,Jack Leiter,694477,683004,4,5,TEX,1,9,1,N,1
776396,2025-09-09,2025-09-10T02:05:00Z,Sutter Health Park,R,BOS,ATH,111,133,Connelly Early,Jeffrey Springs,813349,605488,6,0,BOS,0,6,6,N,1
776397,2025-09-09,2025-09-09T22:40:00Z,loanDepot park,R,WSH,MIA,120,146,Mitchell Parker,Adam Mazur,680730,800049,7,5,WSH,0,12,2,N,1
776398,2025-09-09,2025-09-09T23:05:00Z,Yankee Stadium,R,DET,NYY,116,147,Casey Mize,Will Warren,663554,701542,12,2,DET,0,14,10,N,1
776401,2025-09-09,2025-09-09T22:35:00Z,Oriole Park at Camden Yards,R,PIT,BAL,134,110,Mike Burrows,Kyle Bradish,681347,680694,2,3,BAL,1,5,1,N,1
776402,2025-09-09,2025-09-09T23:15:00Z,Truist Park,R,CHC,ATL,112,144,Cade Horton,Spencer Strider,690990,675911,6,1,CHC,0,7,5,N,1
776403,2025-09-09,2025-09-09T22:40:00Z,Progressive Field,R,KC,CLE,118,114,Noah Cameron,Joey Cantillo,702070,676282,0,2,CLE,1,2,2,N,1
776404,2025-09-09,2025-09-09T22:45:00Z,Citizens Bank Park,R,NYM,PHI,121,143,Sean Manaea,Ranger Suarez,640455,624133,3,9,PHI,1,12,6,N,1
776373,2025-09-10,2025-09-11T01:40:00Z,T-Mobile Park,R,STL,SEA,138,136,Michael McGreevy,Logan Gilbert,700241,669302,2,4,SEA,1,6,2,N,1
776374,2025-09-10,2025-09-10T19:45:00Z,Oracle Park,R,AZ,SF,109,137,Eduardo Rodriguez,Carson Seymour,593958,693313,5,3,AZ,0,8,2,N,1
776375,2025-09-10,2025-09-10T18:35:00Z,Globe Life Field,R,MIL,TEX,158,140,Freddy Peralta,Merrill Kelly,642547,518876,3,6,TEX,1,9,3,N,1
776376,2025-09-10,2025-09-10T20:07:00Z,Angel Stadium,R,MIN,LAA,142,108,Taj Bradley,José Ureña,671737,570632,3,4,LAA,1,7,1,N,1
776377,2025-09-10,2025-09-11T00:40:00Z,Petco Park,R,CIN,SD,113,135,Andrew Abbott,Nick Pivetta,671096,601713,2,1,CIN,0,3,1,N,1
776378,2025-09-10,2025-09-10T23:40:00Z,Rate Field,R,TB,CWS,139,145,Griffin Jax,Sean Burke,643377,680732,5,6,CWS,1,11,1,N,1
776379,2025-09-10,2025-09-10T19:35:00Z,Sutter Health Park,R,BOS,ATH,111,133,Payton Tolle,Mason Barnett,801139,686930,4,5,ATH,1,9,1,N,1
776380,2025-09-10,2025-09-11T02:10:00Z,Dodger Stadium,R,COL,LAD,115,119,Kyle Freeland,Blake Snell,607536,605483,0,9,LAD,1,9,9,N,1
776381,2025-09-10,2025-09-10T23:15:00Z,Truist Park,R,CHC,ATL,112,144,Jameson Taillon,Chris Sale,592791,519242,3,2,CHC,0,5,1,N,1
776382,2025-09-10,2025-09-10T22:40:00Z,Progressive Field,R,KC,CLE,118,114,Jonathan Bowlan,Logan Allen,680742,671106,4,3,KC,0,7,1,N,1
776383,2025-09-10,2025-09-10T23:05:00Z,Yankee Stadium,R,DET,NYY,116,147,Jack Flaherty,Carlos Rodón,656427,607074,11,1,DET,0,12,10,N,1
776384,2025-09-10,2025-09-10T22:45:00Z,Citizens Bank Park,R,NYM,PHI,121,143,Clay Holmes,Cristopher Sánchez,605280,650911,3,11,PHI,1,14,8,N,1
776385,2025-09-10,2025-09-10T23:07:00Z,Rogers Centre,R,HOU,TOR,117,141,Jason Alexander,José Berríos,669920,621244,3,2,HOU,0,5,1,N,1
776386,2025-09-10,2025-09-10T22:40:00Z,loanDepot park,R,WSH,MIA,120,146,Jake Irvin,Eury Pérez,663623,691587,3,8,MIA,1,11,5,N,1
776387,2025-09-10,2025-09-10T22:35:00Z,Oriole Park at Camden Yards,R,PIT,BAL,134,110,Paul Skenes,Tyler Wells,694973,669330,1,2,BAL,1,3,1,N,1
776362,2025-09-11,2025-09-12T01:40:00Z,T-Mobile Park,R,LAA,SEA,108,136,José Soriano,Bryce Miller,667755,682243,6,7,SEA,1,13,1,N,1
776364,2025-09-11,2025-09-11T18:10:00Z,Rate Field,R,TB,CWS,139,145,Ian Seymour,Shane Smith,693855,681343,1,5,CWS,1,6,4,N,1
776365,2025-09-11,2025-09-12T01:40:00Z,Petco Park,R,COL,SD,115,135,McCade Brown,Randy Vásquez,685326,681190,0,2,SD,1,2,2,N,1
776367,2025-09-11,2025-09-11T22:40:00Z,loanDepot park,R,WSH,MIA,120,146,MacKenzie Gore,Ryan Weathers,669022,677960,0,5,MIA,1,5,5,N,1
776368,2025-09-11,2025-09-11T23:05:00Z,Yankee Stadium,R,DET,NYY,116,147,Tyler Holton,Cam Schlittler,663947,693645,3,9,NYY,1,12,6,N,1
776369,2025-09-11,2025-09-11T19:07:00Z,Rogers Centre,R,HOU,TOR,117,141,Cristian Javier,Kevin Gausman,664299,592332,0,6,TOR,1,6,6,N,1
776370,2025-09-11,2025-09-11T23:15:00Z,Progressive Field,R,KC,CLE,118,114,Stephen Kolek,Gavin Williams,663568,668909,2,3,CLE,1,5,1,N,1
776371,2025-09-11,2025-09-11T23:15:00Z,Citizens Bank Park,R,NYM,PHI,121,143,David Peterson,Jesús Luzardo,656849,666200,4,6,PHI,1,10,2,N,1
776372,2025-09-11,2025-09-11T17:05:00Z,Oriole Park at Camden Yards,R,PIT,BAL,134,110,Johan Oviedo,Cade Povich,670912,700249,2,3,BAL,1,5,1,N,1
776345,2025-09-12,2025-09-13T02:10:00Z,T-Mobile Park,R,LAA,SEA,108,136,Yusei Kikuchi,Luis Castillo,579328,622491,1,2,SEA,1,3,1,N,1
776350,2025-09-12,2025-09-13T02:15:00Z,Oracle Park,R,LAD,SF,119,137,Yoshinobu Yamamoto,Justin Verlander,808967,434378,1,5,SF,1,6,4,N,1
776351,2025-09-12,2025-09-12T22:45:00Z,Nationals Park,R,PIT,WSH,134,120,Mitch Keller,Brad Lord,656605,695418,5,6,WSH,1,11,1,N,1
776352,2025-09-12,2025-09-12T18:20:00Z,Wrigley Field,R,TB,CHC,139,112,Shane Baz,Matthew Boyd,669358,571510,4,6,CHC,1,10,2,N,1
776353,2025-09-12,2025-09-12T23:07:00Z,Rogers Centre,R,BAL,TOR,110,141,Trevor Rogers,Chris Bassitt,669432,605135,1,6,TOR,1,7,5,N,1
776354,2025-09-12,2025-09-12T22:45:00Z,Citizens Bank Park,R,KC,PHI,118,143,Michael Lorenzen,Walker Buehler,547179,621111,2,8,PHI,1,10,6,N,1
776355,2025-09-12,2025-09-13T00:10:00Z,Target Field,R,AZ,MIN,109,142,Brandon Pfaadt,Pablo López,694297,641154,8,9,MIN,1,17,1,N,1
776356,2025-09-12,2025-09-13T00:10:00Z,American Family Field,R,STL,MIL,138,158,Andre Pallante,Quinn Priester,669467,682990,2,8,MIL,1,10,6,N,1
776357,2025-09-12,2025-09-13T01:40:00Z,Petco Park,R,COL,SD,115,135,Tanner Gordon,JP Sears,685299,676664,4,2,COL,0,6,2,N,1
776358,2025-09-12,2025-09-13T02:05:00Z,Sutter Health Park,R,CIN,ATH,113,133,Brady Singer,J.T. Ginn,663903,669372,0,3,ATH,1,3,3,N,1
776359,2025-09-12,2025-09-12T23:10:00Z,Citi Field,R,TEX,NYM,140,121,Jacob deGrom,Jonah Tong,594798,804636,8,3,TEX,0,11,5,N,1
776360,2025-09-12,2025-09-12T23:15:00Z,Truist Park,R,HOU,ATL,117,144,Jayden Murray,Hurston Waldrep,681151,694462,11,3,HOU,0,14,8,N,1
776361,2025-09-12,2025-09-12T23:10:00Z,Progressive Field,R,CWS,CLE,145,114,Martín Pérez,Tanner Bibee,527048,676440,0,4,CLE,1,4,4,N,1
776363,2025-09-12,2025-09-12T23:10:00Z,Fenway Park,R,NYY,BOS,147,111,Luis Gil,Lucas Giolito,661563,608337,4,1,NYY,0,5,3,N,1
776366,2025-09-12,2025-09-12T23:10:00Z,loanDepot park,R,DET,MIA,116,146,Tarik Skubal,Sandy Alcantara,669373,645261,2,8,MIA,1,10,6,N,1
776328,2025-09-13,2025-09-14T01:05:00Z,Oracle Park,R,LAD,SF,119,137,Clayton Kershaw,Logan Webb,477132,657277,13,7,LAD,0,20,6,N,1
776333,2025-09-13,2025-09-14T01:40:00Z,T-Mobile Park,R,LAA,SEA,108,136,Mitch Farris,Bryan Woo,815083,693433,3,5,SEA,1,8,2,N,1
776336,2025-09-13,2025-09-13T20:05:00Z,Nationals Park,R,PIT,WSH,134,120,Bubba Chandler,Andrew Alvarez,696149,674841,5,1,PIT,0,6,4,N,1
776337,2025-09-13,2025-09-13T23:10:00Z,Target Field,R,AZ,MIN,109,142,Ryne Nelson,Joe Ryan,669194,657746,5,2,AZ,0,7,3,N,1
776338,2025-09-13,2025-09-13T18:20:00Z,Wrigley Field,R,TB,CHC,139,112,Drew Rasmussen,Colin Rea,656876,607067,5,4,TB,0,9,1,N,1
776339,2025-09-13,2025-09-14T00:15:00Z,American Family Field,R,STL,MIL,138,158,Sonny Gray,Jacob Misiorowski,543243,694819,8,9,MIL,1,17,1,N,1
776340,2025-09-13,2025-09-14T02:05:00Z,Sutter Health Park,R,CIN,ATH,113,133,Hunter Greene,Luis Severino,668881,622663,5,11,ATH,1,16,6,N,1
776341,2025-09-13,2025-09-14T00:40:00Z,Petco Park,R,COL,SD,115,135,Bradley Blalock,Dylan Cease,687134,656302,3,11,SD,1,14,8,N,1
776342,2025-09-13,2025-09-13T22:05:00Z,Citizens Bank Park,R,KC,PHI,118,143,Ryan Bergert,Taijuan Walker,686701,592836,6,8,PHI,1,14,2,N,1
776343,2025-09-13,2025-09-13T19:07:00Z,Rogers Centre,R,BAL,TOR,110,141,Tomoyuki Sugano,Max Scherzer,608372,453286,4,5,TOR,1,9,1,N,1
776344,2025-09-13,2025-09-13T20:10:00Z,Fenway Park,R,NYY,BOS,147,111,Max Fried,Brayan Bello,608331,678394,5,3,NYY,0,8,2,N,1
776346,2025-09-13,2025-09-13T23:15:00Z,Truist Park,R,HOU,ATL,117,144,Hunter Brown,Bryce Elder,686613,693821,6,2,HOU,0,8,4,N,1
776347,2025-09-13,2025-09-13T20:10:00Z,loanDepot park,R,DET,MIA,116,146,Charlie Morton,Janson Junk,450203,676083,4,6,MIA,1,10,2,N,1
776348,2025-09-13,2025-09-13T22:10:00Z,Progressive Field,R,CWS,CLE,145,114,Davis Martin,Parker Messick,663436,800048,1,3,CLE,1,4,2,N,1
776349,2025-09-13,2025-09-13T20:10:00Z,Citi Field,R,TEX,NYM,140,121,Patrick Corbin,Brandon Sproat,571578,687075,3,2,TEX,0,5,1,N,1
776317,2025-09-14,2025-09-14T20:10:00Z,T-Mobile Park,R,LAA,SEA,108,136,Kyle Hendricks,George Kirby,543294,669923,2,11,SEA,1,13,9,N,1
776320,2025-09-14,2025-09-14T15:35:00Z,Nationals Park,R,PIT,WSH,134,120,Mike Burrows,Cade Cavalli,681347,676917,3,4,WSH,1,7,1,N,1
776321,2025-09-14,2025-09-14T18:20:00Z,Wrigley Field,R,TB,CHC,139,112,Adrian Houser,Shota Imanaga,605288,684007,3,4,CHC,1,7,1,N,1
776322,2025-09-14,2025-09-14T17:37:00Z,Rogers Centre,R,BAL,TOR,110,141,Albert Suárez,Shane Bieber,544150,669456,2,11,TOR,1,13,9,N,1
776323,2025-09-14,2025-09-14T20:10:00Z,Petco Park,R,COL,SD,115,135,Germán Márquez,Yu Darvish,608566,506433,6,9,SD,1,15,3,N,1
776324,2025-09-14,2025-09-14T18:10:00Z,Target Field,R,AZ,MIN,109,142,Nabil Crismatt,Bailey Ober,622503,641927,6,4,AZ,0,10,2,N,1
776325,2025-09-14,2025-09-14T20:05:00Z,Oracle Park,R,LAD,SF,119,137,Tyler Glasnow,Robbie Ray,607192,592662,10,2,LAD,0,12,8,N,1
776326,2025-09-14,2025-09-14T18:10:00Z,American Family Field,R,STL,MIL,138,158,Miles Mikolas,Jose Quintana,571945,500779,3,2,STL,0,5,1,N,1
776327,2025-09-14,2025-09-14T20:05:00Z,Sutter Health Park,R,CIN,ATH,113,133,Nick Lodolo,Luis Morales,666157,806960,4,7,ATH,1,11,3,N,1
776329,2025-09-14,2025-09-14T17:35:00Z,Truist Park,R,HOU,ATL,117,144,Framber Valdez,Joey Wentz,664285,666214,3,8,ATL,1,11,5,N,1
776330,2025-09-14,2025-09-14T23:10:00Z,Fenway Park,R,NYY,BOS,147,111,Will Warren,Garrett Crochet,701542,676979,4,6,BOS,1,10,2,N,1
776331,2025-09-14,2025-09-14T17:40:00Z,Progressive Field,R,CWS,CLE,145,114,Yoendrys Gómez,Slade Cecconi,672782,677944,2,3,CLE,1,5,1,N,1
776332,2025-09-14,2025-09-14T17:40:00Z,loanDepot park,R,DET,MIA,116,146,Keider Montero,Adam Mazur,672456,800049,2,0,DET,0,2,2,N,1
776334,2025-09-14,2025-09-14T17:35:00Z,Citizens Bank Park,R,KC,PHI,118,143,Noah Cameron,Aaron Nola,702070,605400,10,3,KC,0,13,7,N,1
776335,2025-09-14,2025-09-14T17:40:00Z,Citi Field,R,TEX,NYM,140,121,Jacob Latz,Nolan McLean,656641,690997,2,5,NYM,1,7,3,N,1
776309,2025-09-15,2025-09-16T01:40:00Z,Chase Field,R,SF,AZ,137,109,Kai-Wei Teng,Zac Gallen,678906,668678,1,8,AZ,1,9,7,N,1
776311,2025-09-15,2025-09-16T02:10:00Z,Dodger Stadium,R,PHI,LAD,143,119,Ranger Suarez,Anthony Banda,624133,607455,6,5,PHI,0,11,1,N,1
776312,2025-09-15,2025-09-15T23:45:00Z,Busch Stadium,R,CIN,STL,113,138,Zack Littell,Matthew Liberatore,641793,669461,11,6,CIN,0,17,5,N,1
776313,2025-09-15,2025-09-15T23:40:00Z,Target Field,R,NYY,MIN,147,142,Carlos Rodón,Simeon Woods Richardson,607074,680573,0,7,MIN,1,7,7,N,1
776314,2025-09-15,2025-09-15T23:40:00Z,Rate Field,R,BAL,CWS,110,145,Kyle Bradish,Tyler Gilbert,680694,656457,4,1,BAL,0,5,3,N,1
776315,2025-09-15,2025-09-15T22:45:00Z,Nationals Park,R,ATL,WSH,144,120,Spencer Strider,Mitchell Parker,675911,680730,11,3,ATL,0,14,8,N,1
776316,2025-09-15,2025-09-15T23:35:00Z,George M. Steinbrenner Field,R,TOR,TB,141,139,Trey Yesavage,Joe Boyle,702056,671212,2,1,TOR,0,3,1,N,1
776318,2025-09-15,2025-09-15T22:40:00Z,PNC Park,R,CHC,PIT,112,134,Jameson Taillon,Braxton Ashcraft,592791,677952,4,0,CHC,0,4,4,N,1
776319,2025-09-15,2025-09-16T00:10:00Z,Daikin Park,R,TEX,HOU,140,117,Jack Leiter,Jason Alexander,683004,669920,3,6,HOU,1,9,3,N,1
776293,2025-09-16,2025-09-17T00:40:00Z,Coors Field,R,MIA,COL,146,115,Eury Pérez,Kyle Freeland,691587,607536,6,5,MIA,0,11,1,N,1
776294,2025-09-16,2025-09-17T01:40:00Z,Chase Field,R,SF,AZ,137,109,Tristan Beck,Eduardo Rodriguez,663941,593958,5,6,AZ,1,11,1,N,1
776295,2025-09-16,2025-09-16T23:40:00Z,American Family Field,R,LAA,MIL,108,158,Caden Dana,Freddy Peralta,702674,642547,2,9,MIL,1,11,7,N,1
776297,2025-09-16,2025-09-17T02:10:00Z,Dodger Stadium,R,PHI,LAD,143,119,Cristopher Sánchez,Shohei Ohtani,650911,660271,9,6,PHI,0,15,3,N,1
776298,2025-09-16,2025-09-16T23:40:00Z,Target Field,R,NYY,MIN,147,142,Cam Schlittler,Zebby Matthews,693645,805673,10,9,NYY,0,19,1,N,1
776300,2025-09-16,2025-09-16T23:45:00Z,Busch Stadium,R,CIN,STL,113,138,Andrew Abbott,Michael McGreevy,671096,700241,0,3,STL,1,3,3,N,1
776301,2025-09-16,2025-09-17T00:10:00Z,Daikin Park,R,TEX,HOU,140,117,Merrill Kelly,AJ Blubaugh,518876,805123,5,6,HOU,1,11,1,N,1
776302,2025-09-16,2025-09-16T23:40:00Z,Kauffman Stadium,R,SEA,KC,136,118,Logan Gilbert,Michael Wacha,669302,608379,12,5,SEA,0,17,7,N,1
776303,2025-09-16,2025-09-16T22:40:00Z,Comerica Park,R,CLE,DET,114,116,Joey Cantillo,Casey Mize,676282,663554,7,5,CLE,0,12,2,N,1
776304,2025-09-16,2025-09-16T23:10:00Z,Citi Field,R,SD,NYM,135,121,Michael King,Clay Holmes,650633,605280,3,8,NYM,1,11,5,N,1
776305,2025-09-16,2025-09-16T23:35:00Z,George M. Steinbrenner Field,R,TOR,TB,141,139,José Berríos,Ryan Pepiot,621244,686752,6,5,TOR,0,11,1,N,1
776306,2025-09-16,2025-09-16T23:40:00Z,Rate Field,R,BAL,CWS,110,145,Dean Kremer,Shane Smith,665152,681343,8,7,BAL,0,15,1,N,1
776307,2025-09-16,2025-09-16T22:45:00Z,Nationals Park,R,ATL,WSH,144,120,Chris Sale,MacKenzie Gore,519242,669022,5,0,ATL,0,5,5,S,2
776308,2025-09-16,2025-09-16T22:40:00Z,PNC Park,R,CHC,PIT,112,134,Cade Horton,Paul Skenes,690990,694973,4,1,CHC,0,5,3,N,1
776310,2025-09-16,2025-09-16T22:45:00Z,Fenway Park,R,ATH,BOS,133,111,Jeffrey Springs,Connelly Early,605488,813349,2,1,ATH,0,3,1,N,1
777825,2025-09-16,2025-09-16T17:05:00Z,Nationals Park,R,ATL,WSH,144,120,José Suarez,Jake Irvin,660761,663623,6,3,ATL,0,9,3,S,1
776277,2025-09-17,2025-09-18T00:40:00Z,Coors Field,R,MIA,COL,146,115,Ryan Weathers,McCade Brown,677960,685326,8,4,MIA,0,12,4,N,1
776279,2025-09-17,2025-09-17T19:40:00Z,Chase Field,R,SF,AZ,137,109,Justin Verlander,Brandon Pfaadt,434378,694297,5,1,SF,0,6,4,N,1
776280,2025-09-17,2025-09-18T02:10:00Z,Dodger Stadium,R,PHI,LAD,143,119,Jesús Luzardo,Blake Snell,666200,605483,0,5,LAD,1,5,5,N,1
776283,2025-09-17,2025-09-17T17:15:00Z,Busch Stadium,R,CIN,STL,113,138,Brady Singer,Andre Pallante,663903,669467,6,2,CIN,0,8,4,N,1
776284,2025-09-17,2025-09-17T23:40:00Z,Target Field,R,NYY,MIN,147,142,Luis Gil,Taj Bradley,661563,671737,10,5,NYY,0,15,5,N,1
776285,2025-09-17,2025-09-17T18:10:00Z,Rate Field,R,BAL,CWS,110,145,Tyler Wells,Martín Pérez,669330,527048,3,1,BAL,0,4,2,N,1
776286,2025-09-17,2025-09-17T20:05:00Z,Nationals Park,R,ATL,WSH,144,120,Hurston Waldrep,Brad Lord,694462,695418,9,4,ATL,0,13,5,N,1
776287,2025-09-17,2025-09-17T16:35:00Z,PNC Park,R,CHC,PIT,112,134,Matthew Boyd,Johan Oviedo,571510,670912,8,4,CHC,0,12,4,N,1
776288,2025-09-17,2025-09-17T23:10:00Z,Citi Field,R,SD,NYM,135,121,Nick Pivetta,David Peterson,601713,656849,7,4,SD,0,11,3,N,1
776289,2025-09-17,2025-09-17T23:40:00Z,Kauffman Stadium,R,SEA,KC,136,118,Bryce Miller,Cole Ragans,682243,666142,5,7,KC,1,12,2,N,1
776290,2025-09-17,2025-09-17T23:05:00Z,George M. Steinbrenner Field,R,TOR,TB,141,139,Kevin Gausman,Ian Seymour,592332,693855,1,2,TB,1,3,1,N,1
776291,2025-09-17,2025-09-17T23:40:00Z,American Family Field,R,LAA,MIL,108,158,José Soriano,Brandon Woodruff,667755,605540,2,9,MIL,1,11,7,N,1
776292,2025-09-17,2025-09-18T00:10:00Z,Daikin Park,R,TEX,HOU,140,117,Jacob deGrom,Cristian Javier,594798,664299,2,5,HOU,1,7,3,N,1
776296,2025-09-17,2025-09-17T22:40:00Z,Comerica Park,R,CLE,DET,114,116,Gavin Williams,Jack Flaherty,668909,656427,4,0,CLE,0,4,4,N,1
776299,2025-09-17,2025-09-17T22:45:00Z,Fenway Park,R,ATH,BOS,133,111,Mason Barnett,Lucas Giolito,686930,608337,4,5,BOS,1,9,1,N,1
776269,2025-09-18,2025-09-18T17:10:00Z,George M. Steinbrenner Field,R,TOR,TB,141,139,Chris Bassitt,Shane Baz,605135,669358,0,4,TB,1,4,4,N,1
776270,2025-09-18,2025-09-18T19:10:00Z,Coors Field,R,MIA,COL,146,115,Sandy Alcantara,Tanner Gordon,645261,685299,9,7,MIA,0,16,2,N,1
776271,2025-09-18,2025-09-19T02:10:00Z,Dodger Stadium,R,SF,LAD,137,119,Logan Webb,Yoshinobu Yamamoto,657277,808967,1,2,LAD,1,3,1,N,1
776272,2025-09-18,2025-09-18T18:10:00Z,Kauffman Stadium,R,SEA,KC,136,118,Luis Castillo,Stephen Kolek,622491,663568,2,0,SEA,0,2,2,N,1
776274,2025-09-18,2025-09-18T23:40:00Z,American Family Field,R,LAA,MIL,108,158,Yusei Kikuchi,Quinn Priester,579328,682990,2,5,MIL,1,7,3,N,1
776275,2025-09-18,2025-09-18T17:10:00Z,Comerica Park,R,CLE,DET,114,116,Tanner Bibee,Tarik Skubal,676440,669373,3,1,CLE,0,4,2,N,1
776276,2025-09-18,2025-09-18T17:10:00Z,Citi Field,R,SD,NYM,135,121,Randy Vásquez,Jonah Tong,681190,804636,1,6,NYM,1,7,5,N,1
776278,2025-09-18,2025-09-18T23:15:00Z,Oriole Park at Camden Yards,R,NYY,BAL,147,110,Max Fried,Cade Povich,608331,700249,7,0,NYY,0,7,7,N,1
776281,2025-09-18,2025-09-18T17:35:00Z,Fenway Park,R,ATH,BOS,133,111,J.T. Ginn,Brayan Bello,669372,678394,5,3,ATH,0,8,2,N,1
776282,2025-09-18,2025-09-18T23:15:00Z,Great American Ball Park,R,CHC,CIN,112,113,Colin Rea,Hunter Greene,607067,668881,0,1,CIN,1,1,1,N,1
776251,2025-09-19,2025-09-20T00:05:00Z,Globe Life Field,R,MIA,TEX,146,140,Janson Junk,Tyler Mahle,676083,641816,6,4,MIA,0,10,2,N,1
776253,2025-09-19,2025-09-20T00:10:00Z,Coors Field,R,LAA,COL,108,115,Mitch Farris,Bradley Blalock,815083,687134,6,7,COL,1,13,1,N,1
776255,2025-09-19,2025-09-20T01:40:00Z,Chase Field,R,PHI,AZ,143,109,Taijuan Walker,Ryne Nelson,592836,669194,8,2,PHI,0,10,6,N,1
776256,2025-09-19,2025-09-20T02:10:00Z,Dodger Stadium,R,SF,LAD,137,119,Robbie Ray,Clayton Kershaw,592662,477132,3,6,LAD,1,9,3,N,1
776259,2025-09-19,2025-09-19T23:10:00Z,Citi Field,R,WSH,NYM,120,121,Andrew Alvarez,Brandon Sproat,674841,687075,6,12,NYM,1,18,6,N,1
776260,2025-09-19,2025-09-19T23:40:00Z,Kauffman Stadium,R,TOR,KC,141,118,Max Scherzer,Michael Lorenzen,453286,547179,1,20,KC,1,21,19,N,1
776261,2025-09-19,2025-09-19T23:35:00Z,George M. Steinbrenner Field,R,BOS,TB,111,139,Garrett Crochet,Drew Rasmussen,676979,656876,11,7,BOS,0,18,4,N,1
776262,2025-09-19,2025-09-20T00:10:00Z,Daikin Park,R,SEA,HOU,136,117,Bryan Woo,Hunter Brown,693433,686613,4,0,SEA,0,4,4,N,1
776263,2025-09-19,2025-09-20T00:10:00Z,Target Field,R,CLE,MIN,114,142,Parker Messick,Pablo López,800048,641154,6,2,CLE,0,8,4,N,1
776264,2025-09-19,2025-09-19T23:40:00Z,Rate Field,R,SD,CWS,135,145,Dylan Cease,Davis Martin,656302,663436,3,4,CWS,1,7,1,N,1
776265,2025-09-19,2025-09-20T00:15:00Z,Busch Stadium,R,MIL,STL,158,138,Jacob Misiorowski,Sonny Gray,694819,543243,1,7,STL,1,8,6,N,1
776266,2025-09-19,2025-09-19T22:40:00Z,PNC Park,R,ATH,PIT,133,134,Luis Severino,Mitch Keller,622663,656605,4,3,ATH,0,7,1,N,1
776267,2025-09-19,2025-09-19T22:40:00Z,Great American Ball Park,R,CHC,CIN,112,113,Shota Imanaga,Nick Lodolo,684007,666157,4,7,CIN,1,11,3,N,1
776268,2025-09-19,2025-09-19T22:40:00Z,Comerica Park,R,ATL,DET,144,116,Bryce Elder,Charlie Morton,693821,450203,10,1,ATL,0,11,9,N,1
776273,2025-09-19,2025-09-19T23:05:00Z,Oriole Park at Camden Yards,R,NYY,BAL,147,110,Will Warren,Trevor Rogers,701542,669432,2,4,BAL,1,6,2,N,1
776233,2025-09-20,2025-09-21T01:10:00Z,Dodger Stadium,R,SF,LAD,137,119,Kai-Wei Teng,Tyler Glasnow,678906,607192,5,7,LAD,1,12,2,N,1
776241,2025-09-20,2025-09-21T00:10:00Z,Coors Field,R,LAA,COL,108,115,Kyle Hendricks,Germán Márquez,543294,608566,3,0,LAA,0,3,3,N,1
776242,2025-09-20,2025-09-20T23:05:00Z,Globe Life Field,R,MIA,TEX,146,140,Adam Mazur,Jack Leiter,800049,683004,4,3,MIA,0,7,1,N,1
776243,2025-09-20,2025-09-20T23:10:00Z,Target Field,R,CLE,MIN,114,142,Logan Allen,Bailey Ober,671106,641927,8,0,CLE,0,8,8,S,2
776244,2025-09-20,2025-09-20T23:15:00Z,Busch Stadium,R,MIL,STL,158,138,Chad Patrick,Miles Mikolas,694477,571945,3,2,MIL,0,5,1,N,1
776245,2025-09-20,2025-09-20T23:10:00Z,Kauffman Stadium,R,TOR,KC,141,118,Shane Bieber,Noah Cameron,669456,702070,1,2,KC,1,3,1,N,1
776246,2025-09-20,2025-09-21T00:10:00Z,Chase Field,R,PHI,AZ,143,109,Aaron Nola,Zac Gallen,605400,668678,3,4,AZ,1,7,1,N,1
776247,2025-09-20,2025-09-20T23:05:00Z,George M. Steinbrenner Field,R,BOS,TB,111,139,Kyle Harrison,Adrian Houser,690986,605288,6,3,BOS,0,9,3,N,1
776248,2025-09-20,2025-09-20T23:10:00Z,Daikin Park,R,SEA,HOU,136,117,George Kirby,Framber Valdez,669923,664285,6,4,SEA,0,10,2,N,1
776249,2025-09-20,2025-09-20T22:40:00Z,PNC Park,R,ATH,PIT,133,134,Luis Morales,,806960,,0,2,PIT,1,2,2,N,1
776250,2025-09-20,2025-09-20T23:10:00Z,Rate Field,R,SD,CWS,135,145,Yu Darvish,Yoendrys Gómez,506433,672782,7,3,SD,0,10,4,N,1
776252,2025-09-20,2025-09-20T20:10:00Z,Citi Field,R,WSH,NYM,120,121,Cade Cavalli,Nolan McLean,676917,690997,5,3,WSH,0,8,2,N,1
776254,2025-09-20,2025-09-20T22:40:00Z,Great American Ball Park,R,CHC,CIN,112,113,Javier Assad,Zack Littell,665871,641793,3,6,CIN,1,9,3,N,1
776257,2025-09-20,2025-09-20T23:05:00Z,Oriole Park at Camden Yards,R,NYY,BAL,147,110,Carlos Rodón,Tomoyuki Sugano,607074,608372,6,1,NYY,0,7,5,N,1
776258,2025-09-20,2025-09-20T17:10:00Z,Comerica Park,R,ATL,DET,144,116,Joey Wentz,Keider Montero,666214,672456,6,5,ATL,0,11,1,N,1
777839,2025-09-20,2025-09-20T18:10:00Z,Target Field,R,CLE,MIN,114,142,Slade Cecconi,Joe Ryan,677944,657746,6,0,CLE,0,6,6,S,1
776225,2025-09-21,2025-09-21T18:10:00Z,Target Field,R,CLE,MIN,114,142,Joey Cantillo,Simeon Woods Richardson,676282,680573,2,6,MIN,1,8,4,N,1
776226,2025-09-21,2025-09-21T18:35:00Z,Globe Life Field,R,MIA,TEX,146,140,Eury Pérez,Merrill Kelly,691587,518876,4,2,MIA,0,6,2,N,1
776227,2025-09-21,2025-09-21T20:10:00Z,Dodger Stadium,R,SF,LAD,137,119,Trevor McDonald,Emmet Sheehan,686790,686218,3,1,SF,0,4,2,N,1
776228,2025-09-21,2025-09-21T23:10:00Z,Daikin Park,R,SEA,HOU,136,117,Logan Gilbert,Jason Alexander,669302,669920,7,3,SEA,0,10,4,N,1
776229,2025-09-21,2025-09-21T18:10:00Z,Kauffman Stadium,R,TOR,KC,141,118,Trey Yesavage,Michael Wacha,702056,608379,8,5,TOR,0,13,3,N,1
776230,2025-09-21,2025-09-21T20:10:00Z,Chase Field,R,PHI,AZ,143,109,Ranger Suarez,Eduardo Rodriguez,624133,593958,2,9,AZ,1,11,7,N,1
776231,2025-09-21,2025-09-21T18:15:00Z,Busch Stadium,R,MIL,STL,158,138,Robert Gasser,Matthew Liberatore,688107,669461,1,5,STL,1,6,4,N,1
776232,2025-09-21,2025-09-21T19:10:00Z,Coors Field,R,LAA,COL,108,115,Caden Dana,Kyle Freeland,702674,607536,1,3,COL,1,4,2,N,1
776234,2025-09-21,2025-09-21T17:35:00Z,PNC Park,R,ATH,PIT,133,134,Mitch Spence,Mike Burrows,687765,681347,0,11,PIT,1,11,11,N,1
776235,2025-09-21,2025-09-21T18:10:00Z,Rate Field,R,SD,CWS,135,145,Michael King,Sean Burke,650633,680732,3,2,SD,0,5,1,N,1
776236,2025-09-21,2025-09-21T23:35:00Z,George M. Steinbrenner Field,R,BOS,TB,111,139,Connelly Early,Joe Boyle,813349,671212,3,7,TB,1,10,4,N,1
776237,2025-09-21,2025-09-21T17:40:00Z,Citi Field,R,WSH,NYM,120,121,Jake Irvin,Sean Manaea,663623,640455,3,2,WSH,0,5,1,N,1
776238,2025-09-21,2025-09-21T17:10:00Z,Comerica Park,R,ATL,DET,144,116,Spencer Strider,Casey Mize,675911,663554,6,2,ATL,0,8,4,N,1
776239,2025-09-21,2025-09-21T17:40:00Z,Great American Ball Park,R,CHC,CIN,112,113,Jameson Taillon,Andrew Abbott,592791,671096,0,1,CIN,1,1,1,N,1
776240,2025-09-21,2025-09-21T17:35:00Z,Oriole Park at Camden Yards,R,NYY,BAL,147,110,Cam Schlittler,Kyle Bradish,693645,680694,7,1,NYY,0,8,6,N,1
776220,2025-09-22,2025-09-23T01:45:00Z,Oracle Park,R,STL,SF,138,137,Michael McGreevy,Justin Verlander,700241,434378,6,5,STL,0,11,1,N,1
776221,2025-09-22,2025-09-22T23:15:00Z,Truist Park,R,WSH,ATL,120,144,MacKenzie Gore,Chris Sale,669022,519242,5,11,ATL,1,16,6,N,1
776222,2025-09-22,2025-09-23T01:40:00Z,Petco Park,R,MIL,SD,158,135,Freddy Peralta,Nick Pivetta,642547,601713,4,5,SD,1,9,1,N,1
776207,2025-09-23,2025-09-24T01:38:00Z,Angel Stadium,R,KC,LAA,118,108,Cole Ragans,Sam Aldegheri,666142,691951,8,4,KC,0,12,4,N,1
776208,2025-09-23,2025-09-24T02:05:00Z,Sutter Health Park,R,HOU,ATH,117,133,Cristian Javier,Jeffrey Springs,664299,605488,1,5,ATH,1,6,4,N,1
776209,2025-09-23,2025-09-23T23:40:00Z,Wrigley Field,R,NYM,CHC,121,112,David Peterson,Cade Horton,656849,690990,9,7,NYM,0,16,2,N,1
776210,2025-09-23,2025-09-24T00:05:00Z,Globe Life Field,R,MIN,TEX,142,140,Zebby Matthews,Patrick Corbin,805673,571578,4,1,MIN,0,5,3,N,1
776211,2025-09-23,2025-09-24T01:45:00Z,Oracle Park,R,STL,SF,138,137,Andre Pallante,Logan Webb,669467,657277,9,8,STL,0,17,1,N,1
776212,2025-09-23,2025-09-24T01:40:00Z,T-Mobile Park,R,COL,SEA,115,136,McCade Brown,Bryce Miller,685326,682243,3,4,SEA,1,7,1,N,1
776213,2025-09-23,2025-09-24T01:40:00Z,Chase Field,R,LAD,AZ,119,109,Shohei Ohtani,Brandon Pfaadt,660271,694297,4,5,AZ,1,9,1,N,1
776214,2025-09-23,2025-09-24T01:40:00Z,Petco Park,R,MIL,SD,158,135,Bruce Zimmermann,Randy Vásquez,669145,681190,0,7,SD,1,7,7,N,1
776215,2025-09-23,2025-09-23T22:45:00Z,Citizens Bank Park,R,MIA,PHI,146,143,Edward Cabrera,Cristopher Sánchez,665795,650911,6,5,MIA,0,11,1,N,1
776216,2025-09-23,2025-09-23T23:05:00Z,Yankee Stadium,R,CWS,NYY,145,147,Shane Smith,Luis Gil,681343,661563,2,3,NYY,1,5,1,N,1
776217,2025-09-23,2025-09-23T23:07:00Z,Rogers Centre,R,BOS,TOR,111,141,Lucas Giolito,Kevin Gausman,608337,592332,4,1,BOS,0,5,3,N,1
776218,2025-09-23,2025-09-23T22:40:00Z,Progressive Field,R,DET,CLE,116,114,Tarik Skubal,Gavin Williams,669373,668909,2,5,CLE,1,7,3,N,1
776219,2025-09-23,2025-09-23T23:15:00Z,Truist Park,R,WSH,ATL,120,144,Brad Lord,Hurston Waldrep,695418,694462,2,3,ATL,1,5,1,N,1
776223,2025-09-23,2025-09-23T22:35:00Z,Oriole Park at Camden Yards,R,TB,BAL,139,110,Ryan Pepiot,Dean Kremer,686752,665152,0,6,BAL,1,6,6,N,1
776224,2025-09-23,2025-09-23T22:40:00Z,Great American Ball Park,R,PIT,CIN,134,113,Johan Oviedo,Brady Singer,670912,663903,4,2,PIT,0,6,2,N,1
776192,2025-09-24,2025-09-25T00:05:00Z,Globe Life Field,R,MIN,TEX,142,140,Taj Bradley,Jacob deGrom,671737,594798,2,4,TEX,1,6,2,N,1
776193,2025-09-24,2025-09-25T01:40:00Z,Chase Field,R,LAD,AZ,119,109,Blake Snell,Ryne Nelson,605483,669194,5,4,LAD,0,9,1,N,1
776194,2025-09-24,2025-09-25T01:40:00Z,T-Mobile Park,R,COL,SEA,115,136,Tanner Gordon,Luis Castillo,685299,622491,2,9,SEA,1,11,7,N,1
776195,2025-09-24,2025-09-25T02:05:00Z,Sutter Health Park,R,HOU,ATH,117,133,Hunter Brown,Luis Severino,686613,622663,0,6,ATH,1,6,6,N,1
776196,2025-09-24,2025-09-25T01:45:00Z,Oracle Park,R,STL,SF,138,137,Sonny Gray,JT Brubaker,543243,664141,3,4,SF,1,7,1,N,1
776197,2025-09-24,2025-09-25T01:38:00Z,Angel Stadium,R,KC,LAA,118,108,Stephen Kolek,Yusei Kikuchi,663568,579328,2,3,LAA,1,5,1,N,1
776198,2025-09-24,2025-09-24T20:10:00Z,Petco Park,R,MIL,SD,158,135,Chad Patrick,Dylan Cease,694477,656302,3,1,MIL,0,4,2,N,1
776199,2025-09-24,2025-09-24T23:05:00Z,Yankee Stadium,R,CWS,NYY,145,147,Fraser Ellard,Max Fried,686642,608331,1,8,NYY,1,9,7,N,1
776200,2025-09-24,2025-09-24T16:15:00Z,Truist Park,R,WSH,ATL,120,144,Andrew Alvarez,Bryce Elder,674841,693821,4,3,WSH,0,7,1,N,1
776201,2025-09-24,2025-09-24T22:45:00Z,Citizens Bank Park,R,MIA,PHI,146,143,Ryan Weathers,Jesús Luzardo,677960,666200,1,11,PHI,1,12,10,N,1
776202,2025-09-24,2025-09-24T22:40:00Z,Great American Ball Park,R,PIT,CIN,134,113,Paul Skenes,Hunter Greene,694973,668881,4,3,PIT,0,7,1,N,1
776203,2025-09-24,2025-09-24T22:35:00Z,Oriole Park at Camden Yards,R,TB,BAL,139,110,Shane Baz,Tyler Wells,669358,669330,6,2,TB,0,8,4,N,1
776204,2025-09-24,2025-09-24T22:40:00Z,Progressive Field,R,DET,CLE,116,114,Jack Flaherty,Tanner Bibee,656427,676440,1,5,CLE,1,6,4,N,1
776205,2025-09-24,2025-09-25T00:05:00Z,Wrigley Field,R,NYM,CHC,121,112,Jonah Tong,Matthew Boyd,804636,571510,3,10,CHC,1,13,7,N,1
776206,2025-09-24,2025-09-24T23:07:00Z,Rogers Centre,R,BOS,TOR,111,141,Garrett Crochet,Max Scherzer,676979,453286,7,1,BOS,0,8,6,N,1
776178,2025-09-25,2025-09-26T01:38:00Z,Angel Stadium,R,KC,LAA,118,108,Michael Lorenzen,Mitch Farris,547179,815083,9,4,KC,0,13,5,N,1
776179,2025-09-25,2025-09-26T01:40:00Z,T-Mobile Park,R,COL,SEA,115,136,Bradley Blalock,Emerson Hancock,687134,676106,2,6,SEA,1,8,4,N,1
776182,2025-09-25,2025-09-25T19:35:00Z,Sutter Health Park,R,HOU,ATH,117,133,Framber Valdez,J.T. Ginn,664285,669372,11,5,HOU,0,16,6,N,1
776183,2025-09-25,2025-09-25T18:35:00Z,Globe Life Field,R,MIN,TEX,142,140,Bailey Ober,Tyler Mahle,641927,641816,4,0,MIN,0,4,4,N,1
776184,2025-09-25,2025-09-25T23:05:00Z,Yankee Stadium,R,CWS,NYY,145,147,Davis Martin,Carlos Rodón,663436,607074,3,5,NYY,1,8,2,N,1
776185,2025-09-25,2025-09-25T19:40:00Z,Chase Field,R,LAD,AZ,119,109,Yoshinobu Yamamoto,Jalen Beeks,808967,656222,8,0,LAD,0,8,8,N,1
776186,2025-09-25,2025-09-25T23:07:00Z,Rogers Centre,R,BOS,TOR,111,141,Brayan Bello,Louis Varland,678394,686973,1,6,TOR,1,7,5,N,1
776187,2025-09-25,2025-09-25T23:40:00Z,Wrigley Field,R,NYM,CHC,121,112,Nolan McLean,Shota Imanaga,690997,684007,8,5,NYM,0,13,3,N,1
776188,2025-09-25,2025-09-25T22:05:00Z,Citizens Bank Park,R,MIA,PHI,146,143,Janson Junk,Walker Buehler,676083,621111,0,1,PHI,1,1,1,N,1
776189,2025-09-25,2025-09-25T22:40:00Z,Progressive Field,R,DET,CLE,116,114,Troy Melton,Parker Messick,675512,800048,4,2,DET,0,6,2,N,1
776190,2025-09-25,2025-09-25T16:40:00Z,Great American Ball Park,R,PIT,CIN,134,113,Braxton Ashcraft,Nick Lodolo,677952,666157,1,2,CIN,1,3,1,N,1
776191,2025-09-25,2025-09-25T17:05:00Z,Oriole Park at Camden Yards,R,TB,BAL,139,110,Drew Rasmussen,Cade Povich,656876,700249,5,6,BAL,1,11,1,N,1
776165,2025-09-26,2025-09-26T22:45:00Z,Nationals Park,R,CWS,WSH,145,120,Yoendrys Gómez,Cade Cavalli,672782,676917,10,9,CWS,0,19,1,N,1
776166,2025-09-26,2025-09-27T02:15:00Z,Oracle Park,R,COL,SF,115,137,Germán Márquez,Trevor McDonald,608566,686790,3,6,SF,1,9,3,N,1
776167,2025-09-26,2025-09-26T18:20:00Z,Wrigley Field,R,STL,CHC,138,112,Miles Mikolas,Colin Rea,571945,607067,1,12,CHC,1,13,11,N,1
776168,2025-09-26,2025-09-27T01:40:00Z,T-Mobile Park,R,LAD,SEA,119,136,Emmet Sheehan,George Kirby,686218,669923,3,2,LAD,0,5,1,N,1
776169,2025-09-26,2025-09-27T01:38:00Z,Angel Stadium,R,HOU,LAA,117,108,Jason Alexander,Kyle Hendricks,669920,543294,3,4,LAA,1,7,1,N,1
776170,2025-09-26,2025-09-27T01:40:00Z,Petco Park,R,AZ,SD,109,135,Zac Gallen,Yu Darvish,668678,506433,4,7,SD,1,11,3,N,1
776171,2025-09-26,2025-09-27T00:10:00Z,American Family Field,R,CIN,MIL,113,158,Zack Littell,Quinn Priester,641793,682990,3,1,CIN,0,4,2,N,1
776172,2025-09-26,2025-09-27T02:05:00Z,Sutter Health Park,R,KC,ATH,118,133,Noah Cameron,Mason Barnett,702070,686930,3,4,ATH,1,7,1,N,1
776173,2025-09-26,2025-09-26T23:10:00Z,loanDepot park,R,NYM,MIA,121,146,Brandon Sproat,Sandy Alcantara,687075,645261,2,6,MIA,1,8,4,N,1
776174,2025-09-26,2025-09-26T23:05:00Z,Yankee Stadium,R,BAL,NYY,110,147,Trevor Rogers,Will Warren,669432,701542,4,8,NYY,1,12,4,N,1
776175,2025-09-26,2025-09-26T23:10:00Z,Progressive Field,R,TEX,CLE,140,114,Jack Leiter,Slade Cecconi,683004,677944,7,3,TEX,0,10,4,N,1
776176,2025-09-26,2025-09-26T22:45:00Z,Citizens Bank Park,R,MIN,PHI,142,143,Joe Ryan,Aaron Nola,657746,605400,1,3,PHI,1,4,2,N,1
776177,2025-09-26,2025-09-26T23:07:00Z,Rogers Centre,R,TB,TOR,139,141,Adrian Houser,Shane Bieber,605288,669456,2,4,TOR,1,6,2,N,1
776180,2025-09-26,2025-09-26T23:15:00Z,Truist Park,R,PIT,ATL,134,144,Mitch Keller,Joey Wentz,656605,666214,9,3,PIT,0,12,6,N,1
776181,2025-09-26,2025-09-26T23:10:00Z,Fenway Park,R,DET,BOS,116,111,Casey Mize,Kyle Harrison,663554,690986,3,4,BOS,1,7,1,N,1
776146,2025-09-27,2025-09-27T20:05:00Z,Oracle Park,R,COL,SF,115,137,Kyle Freeland,Justin Verlander,607536,434378,3,4,SF,1,7,1,N,1
776150,2025-09-27,2025-09-28T01:40:00Z,T-Mobile Park,R,LAD,SEA,119,136,Tyler Glasnow,Logan Gilbert,607192,669302,5,3,LAD,0,8,2,N,1
776152,2025-09-27,2025-09-28T00:40:00Z,Petco Park,R,AZ,SD,109,135,Eduardo Rodriguez,Michael King,593958,650633,1,5,SD,1,6,4,N,1
776153,2025-09-27,2025-09-27T23:15:00Z,American Family Field,R,CIN,MIL,113,158,Andrew Abbott,Robert Gasser,671096,688107,7,4,CIN,0,11,3,N,1
776154,2025-09-27,2025-09-28T02:05:00Z,Sutter Health Park,R,KC,ATH,118,133,Michael Wacha,Luis Morales,608379,806960,4,2,KC,0,6,2,N,1
776155,2025-09-27,2025-09-28T01:38:00Z,Angel Stadium,R,HOU,LAA,117,108,AJ Blubaugh,Caden Dana,805123,702674,6,1,HOU,0,7,5,N,1
776156,2025-09-27,2025-09-27T23:15:00Z,Truist Park,R,PIT,ATL,134,144,Bubba Chandler,Spencer Strider,696149,675911,3,1,PIT,0,4,2,N,1
776157,2025-09-27,2025-09-27T20:10:00Z,Fenway Park,R,DET,BOS,116,111,Keider Montero,Connelly Early,672456,813349,2,1,DET,0,3,1,N,1
776158,2025-09-27,2025-09-27T23:15:00Z,Progressive Field,R,TEX,CLE,140,114,Jacob Latz,Joey Cantillo,656641,676282,2,3,CLE,1,5,1,N,1
776159,2025-09-27,2025-09-27T19:07:00Z,Rogers Centre,R,TB,TOR,139,141,Joe Boyle,Trey Yesavage,671212,702056,1,5,TOR,1,6,4,N,1
776160,2025-09-27,2025-09-27T20:05:00Z,Nationals Park,R,CWS,WSH,145,120,Tyler Gilbert,Jake Irvin,656457,663623,5,6,WSH,1,11,1,N,1
776161,2025-09-27,2025-09-27T20:10:00Z,loanDepot park,R,NYM,MIA,121,146,Clay Holmes,Eury Pérez,605280,691587,5,0,NYM,0,5,5,N,1
776162,2025-09-27,2025-09-27T17:05:00Z,Yankee Stadium,R,BAL,NYY,110,147,Tomoyuki Sugano,Cam Schlittler,608372,693645,1,6,NYY,1,7,5,N,1
776163,2025-09-27,2025-09-27T22:05:00Z,Citizens Bank Park,R,MIN,PHI,142,143,Mick Abel,Ranger Suarez,690953,624133,5,0,MIN,0,5,5,N,1
776164,2025-09-27,2025-09-27T18:20:00Z,Wrigley Field,R,STL,CHC,138,112,Michael McGreevy,Jameson Taillon,700241,592791,3,7,CHC,1,10,4,N,1
776135,2025-09-28,2025-09-28T19:07:00Z,Angel Stadium,R,HOU,LAA,117,108,Lance McCullers Jr.,Sam Aldegheri,621121,691951,6,2,HOU,0,8,4,N,1
776136,2025-09-28,2025-09-28T19:10:00Z,Petco Park,R,AZ,SD,109,135,Brandon Pfaadt,JP Sears,694297,676664,4,12,SD,1,16,8,N,1
776137,2025-09-28,2025-09-28T19:05:00Z,Oracle Park,R,COL,SF,115,137,McCade Brown,Logan Webb,685326,657277,0,4,SF,1,4,4,N,1
776138,2025-09-28,2025-09-28T19:05:00Z,Sutter Health Park,R,KC,ATH,118,133,Cole Ragans,Brady Basso,666142,669620,9,2,KC,0,11,7,N,1
776139,2025-09-28,2025-09-28T19:10:00Z,T-Mobile Park,R,LAD,SEA,119,136,Clayton Kershaw,Bryce Miller,477132,682243,6,1,LAD,0,7,5,N,1
776140,2025-09-28,2025-09-28T19:05:00Z,Yankee Stadium,R,BAL,NYY,110,147,Kyle Bradish,Luis Gil,680694,661563,2,3,NYY,1,5,1,N,1
776141,2025-09-28,2025-09-28T19:05:00Z,Citizens Bank Park,R,MIN,PHI,142,143,Simeon Woods Richardson,Cristopher Sánchez,680573,650911,1,2,PHI,1,3,1,N,1
776142,2025-09-28,2025-09-28T19:20:00Z,Wrigley Field,R,STL,CHC,138,112,Kyle Leahy,Javier Assad,681517,665871,0,2,CHC,1,2,2,N,1
776143,2025-09-28,2025-09-28T19:05:00Z,Nationals Park,R,CWS,WSH,145,120,Shane Smith,Brad Lord,681343,695418,8,0,CWS,0,8,8,N,1
776144,2025-09-28,2025-09-28T19:10:00Z,American Family Field,R,CIN,MIL,113,158,Brady Singer,Freddy Peralta,663903,642547,2,4,MIL,1,6,2,N,1
776145,2025-09-28,2025-09-28T19:07:00Z,Rogers Centre,R,TB,TOR,139,141,Ian Seymour,Kevin Gausman,693855,592332,4,13,TOR,1,17,9,N,1
776147,2025-09-28,2025-09-28T19:10:00Z,Progressive Field,R,TEX,CLE,140,114,Patrick Corbin,Logan Allen,571578,671106,8,9,CLE,1,17,1,N,1
776148,2025-09-28,2025-09-28T19:10:00Z,loanDepot park,R,NYM,MIA,121,146,Sean Manaea,Edward Cabrera,640455,665795,0,4,MIA,1,4,4,N,1
776149,2025-09-28,2025-09-28T19:15:00Z,Truist Park,R,PIT,ATL,134,144,Johan Oviedo,Charlie Morton,670912,450203,1,4,ATL,1,5,3,N,1
776151,2025-09-28,2025-09-28T19:05:00Z,Fenway Park,R,DET,BOS,116,111,Chris Paddack,José De León,663978,592254,3,4,BOS,1,7,1,N,1
823081,2026-03-26,2026-03-26T20:15:00Z,Busch Stadium,R,TB,STL,139,138,Drew Rasmussen,Matthew Liberatore,656876,669461,7,9,STL,1,16,2,N,1
823163,2026-03-26,2026-03-27T02:10:00Z,T-Mobile Park,R,CLE,SEA,114,136,Tanner Bibee,Logan Gilbert,676440,669302,6,4,CLE,0,10,2,N,1
823325,2026-03-26,2026-03-26T20:10:00Z,Petco Park,R,DET,SD,116,135,Tarik Skubal,Nick Pivetta,669373,601713,8,2,DET,0,10,6,N,1
823486,2026-03-26,2026-03-26T20:15:00Z,Citizens Bank Park,R,TEX,PHI,140,143,Nathan Eovaldi,Cristopher Sánchez,543135,650911,3,5,PHI,1,8,2,N,1
823649,2026-03-26,2026-03-26T17:15:00Z,Citi Field,R,PIT,NYM,134,121,Paul Skenes,Freddy Peralta,694973,642547,7,11,NYM,1,18,4,N,1
823812,2026-03-26,2026-03-26T18:10:00Z,American Family Field,R,CWS,MIL,145,158,Shane Smith,Jacob Misiorowski,681343,694819,2,14,MIL,1,16,12,N,1
823974,2026-03-26,2026-03-27T00:30:00Z,UNIQLO Field at Dodger Stadium,R,AZ,LAD,109,119,Zac Gallen,Yoshinobu Yamamoto,668678,808967,2,8,LAD,1,10,6,N,1
824218,2026-03-26,2026-03-26T20:10:00Z,Daikin Park,R,LAA,HOU,108,117,José Soriano,Hunter Brown,667755,686613,3,0,LAA,0,3,3,N,1
824541,2026-03-26,2026-03-26T20:10:00Z,Great American Ball Park,R,BOS,CIN,111,113,Garrett Crochet,Andrew Abbott,676979,671096,3,0,BOS,0,3,3,N,1
824704,2026-03-26,2026-03-26T18:20:00Z,Wrigley Field,R,WSH,CHC,120,112,Cade Cavalli,Matthew Boyd,676917,571510,10,4,WSH,0,14,6,N,1
824865,2026-03-26,2026-03-26T19:05:00Z,Oriole Park at Camden Yards,R,MIN,BAL,142,110,Joe Ryan,Trevor Rogers,657746,669432,1,2,BAL,1,3,1,N,1
822839,2026-03-27,2026-03-27T23:07:00Z,Rogers Centre,R,ATH,TOR,133,141,Luis Severino,Kevin Gausman,622663,592332,2,3,TOR,1,5,1,N,1
823162,2026-03-27,2026-03-28T01:45:00Z,T-Mobile Park,R,CLE,SEA,114,136,Gavin Williams,George Kirby,668909,669923,1,5,SEA,1,6,4,N,1
823243,2026-03-27,2026-03-27T20:35:00Z,Oracle Park,R,NYY,SF,147,137,Cam Schlittler,Robbie Ray,693645,592662,3,0,NYY,0,3,3,N,1
823324,2026-03-27,2026-03-28T01:40:00Z,Petco Park,R,DET,SD,116,135,Framber Valdez,Michael King,664285,650633,5,2,DET,0,7,3,N,1
823893,2026-03-27,2026-03-27T23:10:00Z,loanDepot park,R,COL,MIA,115,146,Kyle Freeland,Sandy Alcantara,607536,645261,1,2,MIA,1,3,1,N,1
823971,2026-03-27,2026-03-28T02:10:00Z,UNIQLO Field at Dodger Stadium,R,AZ,LAD,109,119,Ryne Nelson,Emmet Sheehan,669194,686218,4,5,LAD,1,9,1,N,1
824216,2026-03-27,2026-03-28T00:15:00Z,Daikin Park,R,LAA,HOU,108,117,Yusei Kikuchi,Mike Burrows,579328,681347,6,2,LAA,0,8,4,N,1
824946,2026-03-27,2026-03-27T23:15:00Z,Truist Park,R,KC,ATL,118,144,Cole Ragans,Chris Sale,666142,519242,0,6,ATL,1,6,6,N,1
822838,2026-03-28,2026-03-28T19:07:00Z,Rogers Centre,R,ATH,TOR,133,141,Jeffrey Springs,Dylan Cease,605488,656302,7,8,TOR,1,15,1,N,1
823082,2026-03-28,2026-03-28T18:15:00Z,Busch Stadium,R,TB,STL,139,138,Joe Boyle,Michael McGreevy,671212,700241,5,6,STL,1,11,1,N,1
823161,2026-03-28,2026-03-29T01:40:00Z,T-Mobile Park,R,CLE,SEA,114,136,Joey Cantillo,Bryan Woo,676282,693433,6,5,CLE,0,11,1,N,1
823241,2026-03-28,2026-03-28T23:15:00Z,Oracle Park,R,NYY,SF,147,137,Will Warren,Tyler Mahle,701542,641816,3,1,NYY,0,4,2,N,1
823323,2026-03-28,2026-03-29T00:40:00Z,Petco Park,R,DET,SD,116,135,Jack Flaherty,Randy Vásquez,656427,681190,0,3,SD,1,3,3,N,1
823488,2026-03-28,2026-03-28T20:05:00Z,Citizens Bank Park,R,TEX,PHI,140,143,Jacob Latz,Aaron Nola,656641,605400,5,4,TEX,0,9,1,N,1
823651,2026-03-28,2026-03-28T20:10:00Z,Citi Field,R,PIT,NYM,134,121,Mitch Keller,David Peterson,656605,656849,2,4,NYM,1,6,2,N,1
823811,2026-03-28,2026-03-28T23:10:00Z,American Family Field,R,CWS,MIL,145,158,Sean Burke,Chad Patrick,680732,694477,1,6,MIL,1,7,5,N,1
823892,2026-03-28,2026-03-28T20:10:00Z,loanDepot park,R,COL,MIA,115,146,Michael Lorenzen,Eury Pérez,547179,691587,3,4,MIA,1,7,1,N,1
823973,2026-03-28,2026-03-29T01:10:00Z,UNIQLO Field at Dodger Stadium,R,AZ,LAD,109,119,Eduardo Rodriguez,Tyler Glasnow,593958,607192,2,3,LAD,1,5,1,N,1
824213,2026-03-28,2026-03-28T23:10:00Z,Daikin Park,R,LAA,HOU,108,117,Reid Detmers,Cristian Javier,672282,664299,9,11,HOU,1,20,2,N,1
824540,2026-03-28,2026-03-28T20:10:00Z,Great American Ball Park,R,BOS,CIN,111,113,Sonny Gray,Brady Singer,543243,663903,5,6,CIN,1,11,1,N,1
824701,2026-03-28,2026-03-28T18:20:00Z,Wrigley Field,R,WSH,CHC,120,112,Miles Mikolas,Cade Horton,571945,690990,2,10,CHC,1,12,8,N,1
824862,2026-03-28,2026-03-28T20:05:00Z,Oriole Park at Camden Yards,R,MIN,BAL,142,110,Taj Bradley,Kyle Bradish,671737,680694,4,1,MIN,0,5,3,N,1
824945,2026-03-28,2026-03-28T23:15:00Z,Truist Park,R,KC,ATL,118,144,Michael Wacha,Reynaldo López,608379,625643,2,6,ATL,1,8,4,N,1
822837,2026-03-29,2026-03-29T17:37:00Z,Rogers Centre,R,ATH,TOR,133,141,Luis Morales,Eric Lauer,806960,641778,2,5,TOR,1,7,3,N,1
823079,2026-03-29,2026-03-29T18:15:00Z,Busch Stadium,R,TB,STL,139,138,Steven Matz,Dustin May,571927,669160,11,7,TB,0,18,4,N,1
823160,2026-03-29,2026-03-29T23:20:00Z,T-Mobile Park,R,CLE,SEA,114,136,Slade Cecconi,Emerson Hancock,677944,676106,0,8,SEA,1,8,8,N,1
823487,2026-03-29,2026-03-29T17:35:00Z,Citizens Bank Park,R,TEX,PHI,140,143,MacKenzie Gore,Jesús Luzardo,669022,666200,8,3,TEX,0,11,5,N,1
823647,2026-03-29,2026-03-29T17:40:00Z,Citi Field,R,PIT,NYM,134,121,Carmen Mlodzinski,Nolan McLean,669387,690997,4,3,PIT,0,7,1,N,1
823810,2026-03-29,2026-03-29T18:10:00Z,American Family Field,R,CWS,MIL,145,158,Anthony Kay,Brandon Sproat,641743,687075,7,9,MIL,1,16,2,N,1
823891,2026-03-29,2026-03-29T17:40:00Z,loanDepot park,R,COL,MIA,115,146,Jose Quintana,Max Meyer,500779,676974,3,4,MIA,1,7,1,N,1
824215,2026-03-29,2026-03-29T18:10:00Z,Daikin Park,R,LAA,HOU,108,117,Jack Kochanowicz,Tatsuya Imai,686799,837227,7,9,HOU,1,16,2,N,1
824538,2026-03-29,2026-03-29T17:40:00Z,Great American Ball Park,R,BOS,CIN,111,113,Connelly Early,Rhett Lowder,813349,695076,2,3,CIN,1,5,1,N,1
824700,2026-03-29,2026-03-29T18:20:00Z,Wrigley Field,R,WSH,CHC,120,112,Jake Irvin,Shota Imanaga,663623,684007,6,3,WSH,0,9,3,N,1
824864,2026-03-29,2026-03-29T17:35:00Z,Oriole Park at Camden Yards,R,MIN,BAL,142,110,Bailey Ober,Shane Baz,641927,669358,6,8,BAL,1,14,2,N,1
824944,2026-03-29,2026-03-29T17:35:00Z,Truist Park,R,KC,ATL,118,144,Seth Lugo,Grant Holmes,607625,656550,4,1,KC,0,5,3,N,1
822834,2026-03-30,2026-03-30T23:07:00Z,Rogers Centre,R,COL,TOR,115,141,Tomoyuki Sugano,Cody Ponce,608372,664074,14,5,COL,0,19,9,N,1
823080,2026-03-30,2026-03-30T23:45:00Z,Busch Stadium,R,NYM,STL,121,138,Clay Holmes,Kyle Leahy,605280,681517,4,2,NYM,0,6,2,N,1
823159,2026-03-30,2026-03-31T01:40:00Z,T-Mobile Park,R,NYY,SEA,147,136,Ryan Weathers,Luis Castillo,677960,622491,1,2,SEA,1,3,1,N,1
823320,2026-03-30,2026-03-31T01:40:00Z,Petco Park,R,SF,SD,137,135,Landen Roupp,Walker Buehler,694738,621111,3,2,SF,0,5,1,N,1
823484,2026-03-30,2026-03-30T22:40:00Z,Citizens Bank Park,R,WSH,PHI,120,143,Foster Griffin,Taijuan Walker,656492,592836,13,2,WSH,0,15,11,N,1
823809,2026-03-30,2026-03-30T23:40:00Z,American Family Field,R,TB,MIL,139,158,Nick Martinez,Kyle Harrison,607259,690986,3,2,TB,0,5,1,N,1
823890,2026-03-30,2026-03-30T22:40:00Z,loanDepot park,R,CWS,MIA,145,146,Davis Martin,Chris Paddack,663436,663978,9,4,CWS,0,13,5,N,1
823972,2026-03-30,2026-03-31T02:10:00Z,UNIQLO Field at Dodger Stadium,R,CLE,LAD,114,119,Parker Messick,Roki Sasaki,800048,808963,4,2,CLE,0,6,2,N,1
824135,2026-03-30,2026-03-30T20:10:00Z,Kauffman Stadium,R,MIN,KC,142,118,Simeon Woods Richardson,Kris Bubic,680573,663460,1,3,KC,1,4,2,N,1
824214,2026-03-30,2026-03-31T00:10:00Z,Daikin Park,R,BOS,HOU,111,117,Ranger Suarez,Lance McCullers Jr.,624133,621121,1,8,HOU,1,9,7,N,1
824539,2026-03-30,2026-03-30T22:40:00Z,Great American Ball Park,R,PIT,CIN,134,113,Braxton Ashcraft,Chase Burns,677952,695505,0,2,CIN,1,2,2,N,1
824702,2026-03-30,2026-03-30T23:40:00Z,Wrigley Field,R,LAA,CHC,108,112,Ryan Johnson,Edward Cabrera,696270,665795,2,7,CHC,1,9,5,N,1
824863,2026-03-30,2026-03-30T22:35:00Z,Oriole Park at Camden Yards,R,TEX,BAL,140,110,Jack Leiter,Chris Bassitt,683004,605135,5,2,TEX,0,7,3,N,1
824943,2026-03-30,2026-03-30T23:15:00Z,Truist Park,R,ATH,ATL,133,144,Jacob Lopez,Bryce Elder,682052,693821,0,4,ATL,1,4,4,N,1
825108,2026-03-30,2026-03-31T02:10:00Z,Chase Field,R,DET,AZ,116,109,Justin Verlander,Michael Soroka,434378,647336,6,9,AZ,1,15,3,N,1
822836,2026-03-31,2026-03-31T23:07:00Z,Rogers Centre,R,COL,TOR,115,141,Ryan Feltner,Max Scherzer,663372,453286,1,5,TOR,1,6,4,N,1
823077,2026-03-31,2026-03-31T23:45:00Z,Busch Stadium,R,NYM,STL,121,138,Kodai Senga,Andre Pallante,673540,669467,0,3,STL,1,3,3,N,1
823158,2026-03-31,2026-04-01T01:40:00Z,T-Mobile Park,R,NYY,SEA,147,136,Max Fried,Logan Gilbert,608331,669302,5,0,NYY,0,5,5,N,1
823322,2026-03-31,2026-04-01T01:40:00Z,Petco Park,R,SF,SD,137,135,Logan Webb,Germán Márquez,657277,608566,9,3,SF,0,12,6,N,1
823485,2026-03-31,2026-03-31T22:40:00Z,Citizens Bank Park,R,WSH,PHI,120,143,PJ Poulin,Andrew Painter,676571,691725,2,3,PHI,1,5,1,N,1
823807,2026-03-31,2026-03-31T23:40:00Z,American Family Field,R,TB,MIL,139,158,Shane McClanahan,Brandon Woodruff,663556,605540,2,6,MIL,1,8,4,N,1
823888,2026-03-31,2026-03-31T22:40:00Z,loanDepot park,R,CWS,MIA,145,146,Erick Fedde,Janson Junk,607200,676083,2,9,MIA,1,11,7,N,1
823969,2026-03-31,2026-04-01T02:10:00Z,UNIQLO Field at Dodger Stadium,R,CLE,LAD,114,119,Tanner Bibee,Shohei Ohtani,676440,660271,1,4,LAD,1,5,3,N,1
824212,2026-03-31,2026-04-01T00:10:00Z,Daikin Park,R,BOS,HOU,111,117,Brayan Bello,Hunter Brown,678394,686613,2,9,HOU,1,11,7,N,1
824537,2026-03-31,2026-03-31T22:40:00Z,Great American Ball Park,R,PIT,CIN,134,113,Bubba Chandler,Brandon Williamson,696149,682227,8,3,PIT,0,11,5,N,1
824699,2026-03-31,2026-03-31T23:40:00Z,Wrigley Field,R,LAA,CHC,108,112,José Soriano,Jameson Taillon,667755,592791,2,0,LAA,0,2,2,N,1
824861,2026-03-31,2026-03-31T22:35:00Z,Oriole Park at Camden Yards,R,TEX,BAL,140,110,Jacob deGrom,Zach Eflin,594798,621107,8,5,TEX,0,13,3,N,1
824942,2026-03-31,2026-03-31T23:15:00Z,Truist Park,R,ATH,ATL,133,144,Aaron Civale,José Suarez,650644,660761,5,2,ATH,0,7,3,N,1
825107,2026-03-31,2026-04-01T01:40:00Z,Chase Field,R,DET,AZ,116,109,Casey Mize,Brandon Pfaadt,663554,694297,5,7,AZ,1,12,2,N,1
822835,2026-04-01,2026-04-01T17:07:00Z,Rogers Centre,R,COL,TOR,115,141,Kyle Freeland,Kevin Gausman,607536,592332,2,1,COL,0,3,1,N,1
823078,2026-04-01,2026-04-01T17:15:00Z,Busch Stadium,R,NYM,STL,121,138,Freddy Peralta,Matthew Liberatore,642547,669461,1,2,STL,1,3,1,N,1
823157,2026-04-01,2026-04-01T20:10:00Z,T-Mobile Park,R,NYY,SEA,147,136,Cam Schlittler,George Kirby,693645,669923,5,3,NYY,0,8,2,N,1
823321,2026-04-01,2026-04-01T20:10:00Z,Petco Park,R,SF,SD,137,135,Adrian Houser,Nick Pivetta,605288,601713,1,7,SD,1,8,6,N,1
823483,2026-04-01,2026-04-01T17:05:00Z,Citizens Bank Park,R,WSH,PHI,120,143,Cade Cavalli,Cristopher Sánchez,676917,650911,5,6,PHI,1,11,1,N,1
823806,2026-04-01,2026-04-01T17:40:00Z,American Family Field,R,TB,MIL,139,158,Drew Rasmussen,Jacob Misiorowski,656876,694819,2,8,MIL,1,10,6,N,1
823889,2026-04-01,2026-04-01T17:10:00Z,loanDepot park,R,CWS,MIA,145,146,Shane Smith,Sandy Alcantara,681343,645261,0,10,MIA,1,10,10,N,1
823970,2026-04-01,2026-04-02T00:20:00Z,UNIQLO Field at Dodger Stadium,R,CLE,LAD,114,119,Gavin Williams,Yoshinobu Yamamoto,668909,808967,4,1,CLE,0,5,3,N,1
824136,2026-04-01,2026-04-01T23:40:00Z,Kauffman Stadium,R,MIN,KC,142,118,Joe Ryan,Noah Cameron,657746,702070,9,13,KC,1,22,4,N,1
824211,2026-04-01,2026-04-01T18:10:00Z,Daikin Park,R,BOS,HOU,111,117,Garrett Crochet,Mike Burrows,676979,681347,4,6,HOU,1,10,2,N,1
824536,2026-04-01,2026-04-01T16:40:00Z,Great American Ball Park,R,PIT,CIN,134,113,Paul Skenes,Andrew Abbott,694973,671096,8,3,PIT,0,11,5,N,1
824698,2026-04-01,2026-04-01T18:20:00Z,Wrigley Field,R,LAA,CHC,108,112,Yusei Kikuchi,Matthew Boyd,579328,571510,2,6,CHC,1,8,4,N,1
824860,2026-04-01,2026-04-01T16:35:00Z,Oriole Park at Camden Yards,R,TEX,BAL,140,110,Nathan Eovaldi,Trevor Rogers,543135,669432,3,8,BAL,1,11,5,N,1
824940,2026-04-01,2026-04-01T16:15:00Z,Truist Park,R,ATH,ATL,133,144,Luis Severino,Chris Sale,622663,519242,1,5,ATL,1,6,4,N,1
825106,2026-04-01,2026-04-01T19:40:00Z,Chase Field,R,DET,AZ,116,109,Tarik Skubal,Zac Gallen,669373,668678,0,1,AZ,1,1,1,N,1
823242,2026-04-02,2026-04-03T01:45:00Z,Oracle Park,R,NYM,SF,121,137,David Peterson,Robbie Ray,656849,592662,2,7,SF,1,9,5,N,1
824133,2026-04-02,2026-04-02T18:10:00Z,Kauffman Stadium,R,MIN,KC,142,118,Taj Bradley,Cole Ragans,671737,666142,5,1,MIN,0,6,4,N,1
825105,2026-04-02,2026-04-03T01:40:00Z,Chase Field,R,ATL,AZ,144,109,Reynaldo López,Ryne Nelson,625643,669194,17,2,ATL,0,19,15,N,1
822758,2026-04-03,2026-04-03T17:05:00Z,Nationals Park,R,LAD,WSH,119,120,Emmet Sheehan,Miles Mikolas,686218,571945,13,6,LAD,0,19,7,N,1
822919,2026-04-03,2026-04-03T20:05:00Z,Globe Life Field,R,CIN,TEX,113,140,Brady Singer,MacKenzie Gore,663903,669022,5,3,CIN,0,8,2,N,1
823240,2026-04-03,2026-04-04T02:15:00Z,Oracle Park,R,NYM,SF,121,137,Nolan McLean,Tyler Mahle,690997,641816,10,3,NYM,0,13,7,N,1
823406,2026-04-03,2026-04-03T20:12:00Z,PNC Park,R,BAL,PIT,110,134,Kyle Bradish,Mitch Keller,680694,656605,4,5,PIT,1,9,1,N,1
823568,2026-04-03,2026-04-03T17:35:00Z,Yankee Stadium,R,MIA,NYY,146,147,Eury Pérez,Will Warren,691587,701542,2,8,NYY,1,10,6,N,1
823732,2026-04-03,2026-04-03T20:10:00Z,Target Field,R,TB,MIN,139,142,Joe Boyle,Bailey Ober,671212,641927,4,10,MIN,1,14,6,N,1
824056,2026-04-03,2026-04-04T01:38:00Z,Angel Stadium,R,SEA,LAA,136,108,Bryan Woo,Reid Detmers,693433,672282,3,1,SEA,0,4,2,N,1
824299,2026-04-03,2026-04-03T17:10:00Z,Comerica Park,R,STL,DET,138,116,Michael McGreevy,Framber Valdez,700241,664285,0,4,DET,1,4,4,N,1
824377,2026-04-03,2026-04-03T20:10:00Z,Coors Field,R,PHI,COL,143,115,Aaron Nola,Michael Lorenzen,605400,547179,10,1,PHI,0,11,9,N,1
824458,2026-04-03,2026-04-03T20:10:00Z,Progressive Field,R,CHC,CLE,112,114,Cade Horton,Joey Cantillo,690990,676282,1,4,CLE,1,5,3,N,1
824621,2026-04-03,2026-04-03T18:10:00Z,Rate Field,R,TOR,CWS,141,145,Dylan Cease,Grant Taylor,656302,691799,4,5,CWS,1,9,1,N,1
824786,2026-04-03,2026-04-03T18:10:00Z,Fenway Park,R,SD,BOS,135,111,Michael King,Sonny Gray,650633,543243,2,5,BOS,1,7,3,N,1
825026,2026-04-03,2026-04-04T01:40:00Z,Sutter Health Park,R,HOU,ATH,117,133,Cristian Javier,Jeffrey Springs,664299,605488,4,11,ATH,1,15,7,N,1
825103,2026-04-03,2026-04-04T01:45:00Z,Chase Field,R,ATL,AZ,144,109,Grant Holmes,Eduardo Rodriguez,656550,593958,2,0,ATL,0,2,2,N,1
822757,2026-04-04,2026-04-04T20:05:00Z,Nationals Park,R,LAD,WSH,119,120,Tyler Glasnow,Jake Irvin,607192,663623,10,5,LAD,0,15,5,N,1
822920,2026-04-04,2026-04-04T23:05:00Z,Globe Life Field,R,CIN,TEX,113,140,Rhett Lowder,Kumar Rocker,695076,677958,2,0,CIN,0,2,2,N,1
823239,2026-04-04,2026-04-05T01:05:00Z,Oracle Park,R,NYM,SF,121,137,Clay Holmes,Landen Roupp,605280,694738,9,0,NYM,0,9,9,N,1
823404,2026-04-04,2026-04-04T20:05:00Z,PNC Park,R,BAL,PIT,110,134,Shane Baz,Carmen Mlodzinski,669358,669387,2,3,PIT,1,5,1,N,1
823569,2026-04-04,2026-04-04T23:05:00Z,Yankee Stadium,R,MIA,NYY,146,147,Max Meyer,Ryan Weathers,676974,677960,7,9,NYY,1,16,2,N,1
823730,2026-04-04,2026-04-04T23:10:00Z,Target Field,R,TB,MIN,139,142,Steven Matz,Mick Abel,571927,690953,7,1,TB,0,8,6,N,1
824054,2026-04-04,2026-04-05T01:38:00Z,Angel Stadium,R,SEA,LAA,136,108,Emerson Hancock,Jack Kochanowicz,676106,686799,0,1,LAA,1,1,1,N,1
824132,2026-04-04,2026-04-04T18:10:00Z,Kauffman Stadium,R,MIL,KC,158,118,Chad Patrick,Luinder Avila,694477,679883,5,2,MIL,0,7,3,S,1
824134,2026-04-04,2026-04-04T23:10:00Z,Kauffman Stadium,R,MIL,KC,158,118,Logan Henderson,Seth Lugo,701656,607625,2,8,KC,1,10,6,S,2
824295,2026-04-04,2026-04-04T17:10:00Z,Comerica Park,R,STL,DET,138,116,Dustin May,Jack Flaherty,669160,656427,6,11,DET,1,17,5,N,1
824378,2026-04-04,2026-04-05T00:10:00Z,Coors Field,R,PHI,COL,143,115,Jesús Luzardo,Brennan Bernardino,666200,657514,2,1,PHI,0,3,1,N,1
824622,2026-04-04,2026-04-04T18:10:00Z,Rate Field,R,TOR,CWS,141,145,Mason Fluharty,Grant Taylor,689254,691799,3,6,CWS,1,9,3,N,1
824782,2026-04-04,2026-04-04T20:10:00Z,Fenway Park,R,SD,BOS,135,111,Randy Vásquez,Connelly Early,681190,813349,3,2,SD,0,5,1,N,1
825027,2026-04-04,2026-04-04T20:05:00Z,Sutter Health Park,R,HOU,ATH,117,133,Tatsuya Imai,Luis Morales,837227,806960,11,0,HOU,0,11,11,N,1
825104,2026-04-04,2026-04-04T23:15:00Z,Chase Field,R,ATL,AZ,144,109,Bryce Elder,Michael Soroka,693821,647336,1,2,AZ,1,3,1,N,1
822756,2026-04-05,2026-04-05T17:35:00Z,Nationals Park,R,LAD,WSH,119,120,Roki Sasaki,Foster Griffin,808963,656492,8,6,LAD,0,14,2,N,1
822917,2026-04-05,2026-04-05T18:35:00Z,Globe Life Field,R,CIN,TEX,113,140,Chase Burns,Jack Leiter,695505,683004,2,1,CIN,0,3,1,N,1
823238,2026-04-05,2026-04-05T20:05:00Z,Oracle Park,R,NYM,SF,121,137,Kodai Senga,Logan Webb,673540,657277,5,2,NYM,0,7,3,N,1
823405,2026-04-05,2026-04-05T17:35:00Z,PNC Park,R,BAL,PIT,110,134,Chris Bassitt,Braxton Ashcraft,605135,677952,2,8,PIT,1,10,6,N,1
823566,2026-04-05,2026-04-05T17:35:00Z,Yankee Stadium,R,MIA,NYY,146,147,Pete Fairbanks,Max Fried,664126,608331,7,6,MIA,0,13,1,N,1
823729,2026-04-05,2026-04-05T18:10:00Z,Target Field,R,TB,MIN,139,142,Nick Martinez,Simeon Woods Richardson,607259,680573,4,1,TB,0,5,3,N,1
824053,2026-04-05,2026-04-05T20:07:00Z,Angel Stadium,R,SEA,LAA,136,108,Luis Castillo,George Klassen,622491,691946,7,8,LAA,1,15,1,N,1
824131,2026-04-05,2026-04-05T18:10:00Z,Kauffman Stadium,R,MIL,KC,158,118,Kyle Harrison,Kris Bubic,690986,663460,8,5,MIL,0,13,3,N,1
824296,2026-04-05,2026-04-05T23:20:00Z,Comerica Park,R,STL,DET,138,116,Kyle Leahy,Keider Montero,681517,672456,5,3,STL,0,8,2,N,1
824379,2026-04-05,2026-04-05T19:10:00Z,Coors Field,R,PHI,COL,143,115,Taijuan Walker,Tomoyuki Sugano,592836,608372,1,4,COL,1,5,3,N,1
824459,2026-04-05,2026-04-05T17:10:00Z,Progressive Field,R,CHC,CLE,112,114,Edward Cabrera,Slade Cecconi,665795,677944,1,0,CHC,0,1,1,Y,1
824460,2026-04-05,2026-04-05T17:15:00Z,Progressive Field,R,CHC,CLE,112,114,Shota Imanaga,Parker Messick,684007,800048,5,6,CLE,1,11,1,Y,2
824620,2026-04-05,2026-04-05T18:10:00Z,Rate Field,R,TOR,CWS,141,145,Eric Lauer,Davis Martin,641778,663436,0,3,CWS,1,3,3,N,1
824781,2026-04-05,2026-04-05T17:35:00Z,Fenway Park,R,SD,BOS,135,111,Walker Buehler,Ranger Suarez,621111,624133,8,6,SD,0,14,2,N,1
825025,2026-04-05,2026-04-05T20:05:00Z,Sutter Health Park,R,HOU,ATH,117,133,Lance McCullers Jr.,Jacob Lopez,621121,682052,10,12,ATH,1,22,2,N,1
825102,2026-04-05,2026-04-05T20:10:00Z,Chase Field,R,ATL,AZ,144,109,Martín Pérez,Brandon Pfaadt,527048,694297,5,6,AZ,1,11,1,N,1
822755,2026-04-06,2026-04-06T22:45:00Z,Nationals Park,R,STL,WSH,138,120,Andre Pallante,Zack Littell,669467,641793,6,9,WSH,1,15,3,N,1
822832,2026-04-06,2026-04-06T23:07:00Z,Rogers Centre,R,LAD,TOR,119,141,Justin Wrobleski,Max Scherzer,680736,453286,14,2,LAD,0,16,12,N,1
822918,2026-04-06,2026-04-07T00:05:00Z,Globe Life Field,R,SEA,TEX,136,140,Logan Gilbert,Jacob deGrom,669302,594798,1,2,TEX,1,3,1,N,1
823002,2026-04-06,2026-04-06T20:10:00Z,Tropicana Field,R,CHC,TB,112,139,Jameson Taillon,Shane McClanahan,592791,663556,4,6,TB,1,10,2,N,1
823237,2026-04-06,2026-04-07T01:45:00Z,Oracle Park,R,PHI,SF,143,137,Andrew Painter,Adrian Houser,691725,605288,6,4,PHI,0,10,2,N,1
823401,2026-04-06,2026-04-06T22:40:00Z,PNC Park,R,SD,PIT,135,134,Germán Márquez,Bubba Chandler,608566,696149,5,0,SD,0,5,5,N,1
823728,2026-04-06,2026-04-06T23:40:00Z,Target Field,R,DET,MIN,116,142,Casey Mize,Joe Ryan,663554,657746,3,7,MIN,1,10,4,N,1
823886,2026-04-06,2026-04-06T22:40:00Z,loanDepot park,R,CIN,MIA,113,146,Brandon Williamson,Janson Junk,682227,676083,2,0,CIN,0,2,2,N,1
824052,2026-04-06,2026-04-07T01:38:00Z,Angel Stadium,R,ATL,LAA,144,108,Chris Sale,José Soriano,519242,667755,2,6,LAA,1,8,4,N,1
824376,2026-04-06,2026-04-07T00:40:00Z,Coors Field,R,HOU,COL,117,115,Cody Bolton,Ryan Feltner,675989,663372,7,9,COL,1,16,2,N,1
824456,2026-04-06,2026-04-06T22:10:00Z,Progressive Field,R,KC,CLE,118,114,Michael Wacha,Tanner Bibee,608379,676440,4,2,KC,0,6,2,N,1
824619,2026-04-06,2026-04-06T23:40:00Z,Rate Field,R,BAL,CWS,110,145,Brandon Young,Grant Taylor,687064,691799,2,1,BAL,0,3,1,N,1
824783,2026-04-06,2026-04-06T22:45:00Z,Fenway Park,R,MIL,BOS,158,111,Brandon Woodruff,Brayan Bello,605540,678394,8,6,MIL,0,14,2,N,1
822754,2026-04-07,2026-04-07T22:45:00Z,Nationals Park,R,STL,WSH,138,120,Matthew Liberatore,Cade Cavalli,669461,676917,7,6,STL,0,13,1,N,1
822831,2026-04-07,2026-04-07T23:07:00Z,Rogers Centre,R,LAD,TOR,119,141,Yoshinobu Yamamoto,Kevin Gausman,808967,592332,4,1,LAD,0,5,3,N,1
822916,2026-04-07,2026-04-08T00:05:00Z,Globe Life Field,R,SEA,TEX,136,140,George Kirby,Nathan Eovaldi,669923,543135,2,3,TEX,1,5,1,N,1
822999,2026-04-07,2026-04-07T22:40:00Z,Tropicana Field,R,CHC,TB,112,139,Javier Assad,Mason Englert,665871,669438,9,2,CHC,0,11,7,N,1
823235,2026-04-07,2026-04-08T01:45:00Z,Oracle Park,R,PHI,SF,143,137,Cristopher Sánchez,Robbie Ray,650911,592662,0,6,SF,1,6,6,N,1
823402,2026-04-07,2026-04-07T22:40:00Z,PNC Park,R,SD,PIT,135,134,Nick Pivetta,Paul Skenes,601713,694973,1,7,PIT,1,8,6,N,1
823567,2026-04-07,2026-04-07T23:05:00Z,Yankee Stadium,R,ATH,NYY,133,147,Aaron Civale,Cam Schlittler,650644,693645,3,5,NYY,1,8,2,N,1
823648,2026-04-07,2026-04-07T20:10:00Z,Citi Field,R,AZ,NYM,109,121,Zac Gallen,Freddy Peralta,668678,642547,3,4,NYM,1,7,1,N,1
823727,2026-04-07,2026-04-07T23:40:00Z,Target Field,R,DET,MIN,116,142,Tarik Skubal,Taj Bradley,669373,671737,2,4,MIN,1,6,2,N,1
823887,2026-04-07,2026-04-07T22:40:00Z,loanDepot park,R,CIN,MIA,113,146,Andrew Abbott,Sandy Alcantara,671096,645261,6,3,CIN,0,9,3,N,1
824051,2026-04-07,2026-04-08T01:38:00Z,Angel Stadium,R,ATL,LAA,144,108,Reynaldo López,Yusei Kikuchi,625643,579328,7,2,ATL,0,9,5,N,1
824375,2026-04-07,2026-04-08T00:40:00Z,Coors Field,R,HOU,COL,117,115,Mike Burrows,Kyle Freeland,681347,607536,1,5,COL,1,6,4,N,1
824457,2026-04-07,2026-04-07T17:10:00Z,Progressive Field,R,KC,CLE,118,114,Noah Cameron,Gavin Williams,702070,668909,1,2,CLE,1,3,1,N,1
824618,2026-04-07,2026-04-07T19:10:00Z,Rate Field,R,BAL,CWS,110,145,Trevor Rogers,Shane Smith,669432,681343,4,2,BAL,0,6,2,N,1
824780,2026-04-07,2026-04-07T22:45:00Z,Fenway Park,R,MIL,BOS,158,111,Jacob Misiorowski,Garrett Crochet,694819,676979,2,3,BOS,1,5,1,N,1
822753,2026-04-08,2026-04-08T20:05:00Z,Nationals Park,R,STL,WSH,138,120,Michael McGreevy,Miles Mikolas,700241,571945,6,1,STL,0,7,5,N,1
822833,2026-04-08,2026-04-08T19:07:00Z,Rogers Centre,R,LAD,TOR,119,141,Shohei Ohtani,Dylan Cease,660271,656302,3,4,TOR,1,7,1,N,1
822915,2026-04-08,2026-04-08T18:35:00Z,Globe Life Field,R,SEA,TEX,136,140,Bryan Woo,MacKenzie Gore,693433,669022,0,3,TEX,1,3,3,N,1
823000,2026-04-08,2026-04-08T22:40:00Z,Tropicana Field,R,CHC,TB,112,139,Colin Rea,Joe Boyle,607067,671212,6,2,CHC,0,8,4,N,1
823234,2026-04-08,2026-04-08T19:45:00Z,Oracle Park,R,PHI,SF,143,137,Aaron Nola,Tyler Mahle,605400,641816,0,5,SF,1,5,5,N,1
823403,2026-04-08,2026-04-08T16:35:00Z,PNC Park,R,SD,PIT,135,134,Michael King,Mitch Keller,650633,656605,8,2,SD,0,10,6,N,1
823564,2026-04-08,2026-04-08T23:05:00Z,Yankee Stadium,R,ATH,NYY,133,147,Luis Severino,Will Warren,622663,701542,3,2,ATH,0,5,1,N,1
823646,2026-04-08,2026-04-08T20:10:00Z,Citi Field,R,AZ,NYM,109,121,Ryne Nelson,David Peterson,669194,656849,7,2,AZ,0,9,5,N,1
823726,2026-04-08,2026-04-08T23:40:00Z,Target Field,R,DET,MIN,116,142,Framber Valdez,Bailey Ober,664285,641927,6,8,MIN,1,14,2,N,1
823885,2026-04-08,2026-04-08T22:40:00Z,loanDepot park,R,CIN,MIA,113,146,Brady Singer,Eury Pérez,663903,691587,4,7,MIA,1,11,3,N,1
824050,2026-04-08,2026-04-08T20:07:00Z,Angel Stadium,R,ATL,LAA,144,108,Grant Holmes,Reid Detmers,656550,672282,8,2,ATL,0,10,6,N,1
824374,2026-04-08,2026-04-08T19:10:00Z,Coors Field,R,HOU,COL,117,115,Cristian Javier,Michael Lorenzen,664299,547179,1,9,COL,1,10,8,N,1
824455,2026-04-08,2026-04-08T17:10:00Z,Progressive Field,R,KC,CLE,118,114,Cole Ragans,Joey Cantillo,666142,676282,2,10,CLE,1,12,8,N,1
824617,2026-04-08,2026-04-08T18:10:00Z,Rate Field,R,BAL,CWS,110,145,Kyle Bradish,Sean Burke,680694,680732,5,3,BAL,0,8,2,N,1
824779,2026-04-08,2026-04-08T17:35:00Z,Fenway Park,R,MIL,BOS,158,111,Shane Drohan,Sonny Gray,675660,543243,0,5,BOS,1,5,5,N,1
823319,2026-04-09,2026-04-10T01:40:00Z,Petco Park,R,COL,SD,115,135,Jimmy Herget,Randy Vásquez,623474,681190,3,7,SD,1,10,4,N,1
823565,2026-04-09,2026-04-09T17:35:00Z,Yankee Stadium,R,ATH,NYY,133,147,Jeffrey Springs,Ryan Weathers,605488,677960,1,0,ATH,0,1,1,N,1
823645,2026-04-09,2026-04-09T23:10:00Z,Citi Field,R,AZ,NYM,109,121,Eduardo Rodriguez,Nolan McLean,593958,690997,7,1,AZ,0,8,6,N,1
823724,2026-04-09,2026-04-09T17:40:00Z,Target Field,R,DET,MIN,116,142,Jack Flaherty,Mick Abel,656427,690953,1,3,MIN,1,4,2,N,1
823884,2026-04-09,2026-04-09T16:10:00Z,loanDepot park,R,CIN,MIA,113,146,Rhett Lowder,Max Meyer,695076,676974,1,8,MIA,1,9,7,N,1
824130,2026-04-09,2026-04-09T23:40:00Z,Kauffman Stadium,R,CWS,KC,145,118,Anthony Kay,Seth Lugo,641743,607625,2,0,CWS,0,2,2,N,1
822829,2026-04-10,2026-04-10T23:07:00Z,Rogers Centre,R,MIN,TOR,142,141,Simeon Woods Richardson,Patrick Corbin,680573,571578,4,10,TOR,1,14,6,N,1
822997,2026-04-10,2026-04-10T23:10:00Z,Tropicana Field,R,NYY,TB,147,139,Luis Gil,Steven Matz,661563,571927,3,5,TB,1,8,2,N,1
823076,2026-04-10,2026-04-11T00:15:00Z,Busch Stadium,R,BOS,STL,111,138,Connelly Early,Dustin May,813349,669160,2,3,STL,1,5,1,N,1
823156,2026-04-10,2026-04-11T01:40:00Z,T-Mobile Park,R,HOU,SEA,117,136,Tatsuya Imai,Emerson Hancock,837227,676106,6,9,SEA,1,15,3,N,1
823318,2026-04-10,2026-04-11T01:40:00Z,Petco Park,R,COL,SD,115,135,Tomoyuki Sugano,Walker Buehler,608372,621111,2,5,SD,1,7,3,N,1
823482,2026-04-10,2026-04-10T22:40:00Z,Citizens Bank Park,R,AZ,PHI,109,143,Michael Soroka,Jesús Luzardo,647336,666200,5,4,AZ,0,9,1,N,1
823643,2026-04-10,2026-04-10T23:10:00Z,Citi Field,R,ATH,NYM,133,121,J.T. Ginn,Clay Holmes,669372,605280,4,0,ATH,0,4,4,N,1
823808,2026-04-10,2026-04-10T23:40:00Z,American Family Field,R,WSH,MIL,120,158,Jake Irvin,Aaron Ashby,663623,676879,7,3,WSH,0,10,4,N,1
823968,2026-04-10,2026-04-11T02:10:00Z,UNIQLO Field at Dodger Stadium,R,TEX,LAD,140,119,Kumar Rocker,Tyler Glasnow,677958,607192,7,8,LAD,1,15,1,N,1
824128,2026-04-10,2026-04-10T23:40:00Z,Kauffman Stadium,R,CWS,KC,145,118,Davis Martin,Kris Bubic,663436,663460,0,2,KC,1,2,2,N,1
824297,2026-04-10,2026-04-10T22:40:00Z,Comerica Park,R,MIA,DET,146,116,Chris Paddack,Keider Montero,663978,672456,0,2,DET,1,2,2,N,1
824534,2026-04-10,2026-04-10T22:45:00Z,Great American Ball Park,R,LAA,CIN,108,113,Jack Kochanowicz,Chase Burns,686799,695505,10,2,LAA,0,12,8,N,1
824695,2026-04-10,2026-04-10T18:20:00Z,Wrigley Field,R,PIT,CHC,134,112,Carmen Mlodzinski,Shota Imanaga,669387,684007,2,0,PIT,0,2,2,N,1
824858,2026-04-10,2026-04-10T23:15:00Z,Oriole Park at Camden Yards,R,SF,BAL,137,110,Landen Roupp,Shane Baz,694738,669358,6,3,SF,0,9,3,N,1
824941,2026-04-10,2026-04-10T23:15:00Z,Truist Park,R,CLE,ATL,114,144,Slade Cecconi,Bryce Elder,677944,693821,5,11,ATL,1,16,6,N,1
822830,2026-04-11,2026-04-11T19:07:00Z,Rogers Centre,R,MIN,TOR,142,141,Joe Ryan,Eric Lauer,657746,641778,7,4,MIN,0,11,3,N,1
822996,2026-04-11,2026-04-11T22:10:00Z,Tropicana Field,R,NYY,TB,147,139,Max Fried,Nick Martinez,608331,607259,4,5,TB,1,9,1,N,1
823074,2026-04-11,2026-04-11T23:15:00Z,Busch Stadium,R,BOS,STL,111,138,Ranger Suarez,Kyle Leahy,624133,681517,7,1,BOS,0,8,6,N,1
823155,2026-04-11,2026-04-12T01:40:00Z,T-Mobile Park,R,HOU,SEA,117,136,Lance McCullers Jr.,Luis Castillo,621121,622491,7,8,SEA,1,15,1,N,1
823316,2026-04-11,2026-04-12T00:40:00Z,Petco Park,R,COL,SD,115,135,Ryan Feltner,Germán Márquez,663372,608566,5,9,SD,1,14,4,N,1
823480,2026-04-11,2026-04-11T17:05:00Z,Citizens Bank Park,R,AZ,PHI,109,143,Brandon Pfaadt,Taijuan Walker,694297,592836,3,4,PHI,1,7,1,N,1
823644,2026-04-11,2026-04-11T20:10:00Z,Citi Field,R,ATH,NYM,133,121,Jacob Lopez,Kodai Senga,682052,673540,11,6,ATH,0,17,5,N,1
823805,2026-04-11,2026-04-11T23:10:00Z,American Family Field,R,WSH,MIL,120,158,Foster Griffin,Kyle Harrison,656492,690986,3,1,WSH,0,4,2,N,1
823967,2026-04-11,2026-04-12T01:10:00Z,UNIQLO Field at Dodger Stadium,R,TEX,LAD,140,119,Jack Leiter,Emmet Sheehan,683004,686218,3,6,LAD,1,9,3,N,1
824129,2026-04-11,2026-04-11T20:10:00Z,Kauffman Stadium,R,CWS,KC,145,118,Erick Fedde,Michael Wacha,607200,608379,0,2,KC,1,2,2,N,1
824294,2026-04-11,2026-04-11T17:10:00Z,Comerica Park,R,MIA,DET,146,116,Janson Junk,Casey Mize,676083,663554,1,6,DET,1,7,5,N,1
824535,2026-04-11,2026-04-11T20:10:00Z,Great American Ball Park,R,LAA,CIN,108,113,George Klassen,Brandon Williamson,691946,682227,3,7,CIN,1,10,4,N,1
824697,2026-04-11,2026-04-11T18:20:00Z,Wrigley Field,R,PIT,CHC,134,112,Braxton Ashcraft,Edward Cabrera,677952,665795,4,3,PIT,0,7,1,N,1
824857,2026-04-11,2026-04-11T23:15:00Z,Oriole Park at Camden Yards,R,SF,BAL,137,110,Logan Webb,Chris Bassitt,657277,605135,2,6,BAL,1,8,4,N,1
824939,2026-04-11,2026-04-11T23:15:00Z,Truist Park,R,CLE,ATL,114,144,Parker Messick,Martín Pérez,800048,527048,6,0,CLE,0,6,6,N,1
822828,2026-04-12,2026-04-12T17:37:00Z,Rogers Centre,R,MIN,TOR,142,141,Taj Bradley,Max Scherzer,671737,453286,8,2,MIN,0,10,6,N,1
822998,2026-04-12,2026-04-12T17:40:00Z,Tropicana Field,R,NYY,TB,147,139,Cam Schlittler,Drew Rasmussen,693645,656876,4,5,TB,1,9,1,N,1
823075,2026-04-12,2026-04-12T18:15:00Z,Busch Stadium,R,BOS,STL,111,138,Brayan Bello,Andre Pallante,678394,669467,9,3,BOS,0,12,6,N,1
823154,2026-04-12,2026-04-12T20:10:00Z,T-Mobile Park,R,HOU,SEA,117,136,Cody Bolton,Logan Gilbert,675989,669302,1,6,SEA,1,7,5,N,1
823317,2026-04-12,2026-04-12T20:10:00Z,Petco Park,R,COL,SD,115,135,Kyle Freeland,Nick Pivetta,607536,601713,2,7,SD,1,9,5,N,1
823479,2026-04-12,2026-04-12T17:35:00Z,Citizens Bank Park,R,AZ,PHI,109,143,Zac Gallen,Zach Pop,668678,647315,4,3,AZ,0,7,1,N,1
823642,2026-04-12,2026-04-12T17:40:00Z,Citi Field,R,ATH,NYM,133,121,Aaron Civale,Freddy Peralta,650644,642547,1,0,ATH,0,1,1,N,1
823804,2026-04-12,2026-04-12T18:10:00Z,American Family Field,R,WSH,MIL,120,158,Zack Littell,Brandon Woodruff,641793,605540,8,6,WSH,0,14,2,N,1
823966,2026-04-12,2026-04-12T20:10:00Z,UNIQLO Field at Dodger Stadium,R,TEX,LAD,140,119,Jacob deGrom,Roki Sasaki,594798,808963,5,2,TEX,0,7,3,N,1
824126,2026-04-12,2026-04-12T18:10:00Z,Kauffman Stadium,R,CWS,KC,145,118,Grant Taylor,Noah Cameron,691799,702070,6,5,CWS,0,11,1,N,1
824293,2026-04-12,2026-04-12T17:40:00Z,Comerica Park,R,MIA,DET,146,116,Sandy Alcantara,Tarik Skubal,645261,669373,2,8,DET,1,10,6,N,1
824533,2026-04-12,2026-04-12T17:40:00Z,Great American Ball Park,R,LAA,CIN,108,113,José Soriano,Andrew Abbott,667755,671096,9,6,LAA,0,15,3,N,1
824696,2026-04-12,2026-04-12T18:20:00Z,Wrigley Field,R,PIT,CHC,134,112,Bubba Chandler,Jameson Taillon,696149,592791,6,7,CHC,1,13,1,N,1
824859,2026-04-12,2026-04-12T17:35:00Z,Oriole Park at Camden Yards,R,SF,BAL,137,110,Adrian Houser,Cade Povich,605288,700249,2,6,BAL,1,8,4,N,1
824938,2026-04-12,2026-04-12T23:20:00Z,Truist Park,R,CLE,ATL,114,144,Tanner Bibee,Chris Sale,676440,519242,1,13,ATL,1,14,12,N,1
823073,2026-04-13,2026-04-13T23:45:00Z,Busch Stadium,R,CLE,STL,114,138,Gavin Williams,Matthew Liberatore,668909,669461,9,3,CLE,0,12,6,N,1
823153,2026-04-13,2026-04-13T20:10:00Z,T-Mobile Park,R,HOU,SEA,117,136,Mike Burrows,George Kirby,681347,669923,2,6,SEA,1,8,4,N,1
823400,2026-04-13,2026-04-13T22:40:00Z,PNC Park,R,WSH,PIT,120,134,PJ Poulin,Paul Skenes,676571,694973,5,16,PIT,1,21,11,N,1
823481,2026-04-13,2026-04-13T22:40:00Z,Citizens Bank Park,R,CHC,PHI,112,143,Javier Assad,Cristopher Sánchez,665871,650911,7,13,PHI,1,20,6,N,1
823563,2026-04-13,2026-04-13T23:05:00Z,Yankee Stadium,R,LAA,NYY,108,147,Yusei Kikuchi,Will Warren,579328,701542,10,11,NYY,1,21,1,N,1
823725,2026-04-13,2026-04-13T23:40:00Z,Target Field,R,BOS,MIN,111,142,Garrett Crochet,Bailey Ober,676979,641927,6,13,MIN,1,19,7,N,1
823964,2026-04-13,2026-04-14T02:10:00Z,UNIQLO Field at Dodger Stadium,R,NYM,LAD,121,119,David Peterson,Justin Wrobleski,656849,680736,0,4,LAD,1,4,4,N,1
824856,2026-04-13,2026-04-13T22:35:00Z,Oriole Park at Camden Yards,R,AZ,BAL,109,110,Ryne Nelson,Dean Kremer,669194,665152,7,9,BAL,1,16,2,N,1
824937,2026-04-13,2026-04-13T23:15:00Z,Truist Park,R,MIA,ATL,146,144,Eury Pérez,Grant Holmes,691587,656550,10,4,MIA,0,14,6,N,1
825024,2026-04-13,2026-04-14T01:40:00Z,Sutter Health Park,R,TEX,ATH,140,133,Nathan Eovaldi,Luis Severino,543135,622663,8,1,TEX,0,9,7,N,1
823072,2026-04-14,2026-04-14T23:45:00Z,Busch Stadium,R,CLE,STL,114,138,Joey Cantillo,Michael McGreevy,676282,700241,5,6,STL,1,11,1,N,1
823315,2026-04-14,2026-04-15T01:40:00Z,Petco Park,R,SEA,SD,136,135,Bryan Woo,Michael King,693433,650633,1,4,SD,1,5,3,N,1
823398,2026-04-14,2026-04-14T22:40:00Z,PNC Park,R,WSH,PIT,120,134,PJ Poulin,Mitch Keller,676571,656605,5,4,WSH,0,9,1,N,1
823478,2026-04-14,2026-04-14T22:40:00Z,Citizens Bank Park,R,CHC,PHI,112,143,Riley Martin,Aaron Nola,702303,605400,10,4,CHC,0,14,6,N,1
823562,2026-04-14,2026-04-14T23:05:00Z,Yankee Stadium,R,LAA,NYY,108,147,Reid Detmers,Ryan Weathers,672282,677960,7,1,LAA,0,8,6,N,1
823723,2026-04-14,2026-04-14T23:40:00Z,Target Field,R,BOS,MIN,111,142,Sonny Gray,Mick Abel,543243,690953,0,6,MIN,1,6,6,N,1
823802,2026-04-14,2026-04-14T23:40:00Z,American Family Field,R,TOR,MIL,141,158,Kevin Gausman,Jacob Misiorowski,592332,694819,9,7,TOR,0,16,2,N,1
823965,2026-04-14,2026-04-15T02:10:00Z,UNIQLO Field at Dodger Stadium,R,NYM,LAD,121,119,Nolan McLean,Yoshinobu Yamamoto,690997,808967,1,2,LAD,1,3,1,N,1
824210,2026-04-14,2026-04-15T00:10:00Z,Daikin Park,R,COL,HOU,115,117,Michael Lorenzen,Spencer Arrighetti,547179,681293,6,7,HOU,1,13,1,N,1
824292,2026-04-14,2026-04-14T22:40:00Z,Comerica Park,R,KC,DET,118,116,Cole Ragans,Framber Valdez,666142,664285,1,2,DET,1,3,1,N,1
824531,2026-04-14,2026-04-14T22:40:00Z,Great American Ball Park,R,SF,CIN,137,113,Robbie Ray,Brady Singer,592662,663903,1,2,CIN,1,3,1,N,1
824616,2026-04-14,2026-04-14T23:40:00Z,Rate Field,R,TB,CWS,139,145,Shane McClanahan,Noah Schultz,663556,702273,8,5,TB,0,13,3,N,1
824853,2026-04-14,2026-04-14T22:35:00Z,Oriole Park at Camden Yards,R,AZ,BAL,109,110,Merrill Kelly,Trevor Rogers,518876,669432,4,3,AZ,0,7,1,N,1
824935,2026-04-14,2026-04-14T23:15:00Z,Truist Park,R,MIA,ATL,146,144,Max Meyer,Reynaldo López,676974,625643,5,6,ATL,1,11,1,N,1
825022,2026-04-14,2026-04-15T01:40:00Z,Sutter Health Park,R,TEX,ATH,140,133,MacKenzie Gore,Jeffrey Springs,669022,605488,1,2,ATH,1,3,1,N,1
823071,2026-04-15,2026-04-15T17:15:00Z,Busch Stadium,R,CLE,STL,114,138,Slade Cecconi,Dustin May,677944,669160,3,5,STL,1,8,2,N,1
823314,2026-04-15,2026-04-16T01:40:00Z,Petco Park,R,SEA,SD,136,135,Emerson Hancock,Randy Vásquez,676106,681190,6,7,SD,1,13,1,N,1
823399,2026-04-15,2026-04-15T22:40:00Z,PNC Park,R,WSH,PIT,120,134,Jake Irvin,Mason Montgomery,663623,682254,0,2,PIT,1,2,2,N,1
823477,2026-04-15,2026-04-15T22:40:00Z,Citizens Bank Park,R,CHC,PHI,112,143,Shota Imanaga,Jesús Luzardo,684007,666200,11,2,CHC,0,13,9,N,1
823561,2026-04-15,2026-04-15T23:05:00Z,Yankee Stadium,R,LAA,NYY,108,147,Jack Kochanowicz,Luis Gil,686799,661563,4,5,NYY,1,9,1,N,1
823722,2026-04-15,2026-04-15T17:40:00Z,Target Field,R,BOS,MIN,111,142,Connelly Early,Simeon Woods Richardson,813349,680573,9,5,BOS,0,14,4,N,1
823803,2026-04-15,2026-04-15T23:40:00Z,American Family Field,R,TOR,MIL,141,158,Dylan Cease,Chad Patrick,656302,694477,1,2,MIL,1,3,1,N,1
823963,2026-04-15,2026-04-16T02:10:00Z,UNIQLO Field at Dodger Stadium,R,NYM,LAD,121,119,Clay Holmes,Shohei Ohtani,605280,660271,2,8,LAD,1,10,6,N,1
824209,2026-04-15,2026-04-16T00:10:00Z,Daikin Park,R,COL,HOU,115,117,Jose Quintana,Spencer Arrighetti,500779,681293,1,3,HOU,1,4,2,N,1
824291,2026-04-15,2026-04-15T22:40:00Z,Comerica Park,R,KC,DET,118,116,Seth Lugo,Jack Flaherty,607625,656427,1,2,DET,1,3,1,N,1
824532,2026-04-15,2026-04-15T22:40:00Z,Great American Ball Park,R,SF,CIN,137,113,Tyler Mahle,Rhett Lowder,641816,695076,3,8,CIN,1,11,5,N,1
824615,2026-04-15,2026-04-15T23:40:00Z,Rate Field,R,TB,CWS,139,145,Jesse Scholtens,Sean Burke,669947,680732,8,3,TB,0,11,5,N,1
824855,2026-04-15,2026-04-15T16:35:00Z,Oriole Park at Camden Yards,R,AZ,BAL,109,110,Eduardo Rodriguez,Kyle Bradish,593958,680694,8,5,AZ,0,13,3,N,1
824936,2026-04-15,2026-04-15T23:15:00Z,Truist Park,R,MIA,ATL,146,144,Chris Paddack,Bryce Elder,663978,693821,3,6,ATL,1,9,3,N,1
825021,2026-04-15,2026-04-16T01:40:00Z,Sutter Health Park,R,TEX,ATH,140,133,Kumar Rocker,J.T. Ginn,677958,669372,5,6,ATH,1,11,1,N,1
823313,2026-04-16,2026-04-17T00:40:00Z,Petco Park,R,SEA,SD,136,135,Luis Castillo,Walker Buehler,622491,621111,2,5,SD,1,7,3,N,1
823396,2026-04-16,2026-04-16T16:35:00Z,PNC Park,R,WSH,PIT,120,134,Foster Griffin,Braxton Ashcraft,656492,677952,8,7,WSH,0,15,1,N,1
823560,2026-04-16,2026-04-16T17:35:00Z,Yankee Stadium,R,LAA,NYY,108,147,Brent Suter,Max Fried,608718,608331,11,4,LAA,0,15,7,N,1
823801,2026-04-16,2026-04-16T17:40:00Z,American Family Field,R,TOR,MIL,141,158,Patrick Corbin,Brandon Sproat,571578,687075,1,2,MIL,1,3,1,N,1
824208,2026-04-16,2026-04-17T00:10:00Z,Daikin Park,R,COL,HOU,115,117,Juan Mejia,Ryan Weiss,675848,680802,3,2,COL,0,5,1,N,1
824289,2026-04-16,2026-04-16T17:10:00Z,Comerica Park,R,KC,DET,118,116,Kris Bubic,Keider Montero,663460,672456,9,10,DET,1,19,1,N,1
824453,2026-04-16,2026-04-16T22:10:00Z,Progressive Field,R,BAL,CLE,110,114,Shane Baz,Parker Messick,669358,800048,2,4,CLE,1,6,2,N,1
824530,2026-04-16,2026-04-16T16:40:00Z,Great American Ball Park,R,SF,CIN,137,113,Landen Roupp,Chase Burns,694738,695505,3,0,SF,0,3,3,N,1
824614,2026-04-16,2026-04-16T18:10:00Z,Rate Field,R,TB,CWS,139,145,Steven Matz,Jordan Leasure,571927,673929,5,3,TB,0,8,2,N,1
825023,2026-04-16,2026-04-16T19:05:00Z,Sutter Health Park,R,TEX,ATH,140,133,Jack Leiter,Jacob Lopez,683004,682052,9,6,TEX,0,15,3,N,1
822752,2026-04-17,2026-04-17T22:45:00Z,Nationals Park,R,SF,WSH,137,120,Logan Webb,Zack Littell,657277,641793,10,5,SF,0,15,5,N,1
823152,2026-04-17,2026-04-18T01:40:00Z,T-Mobile Park,R,TEX,SEA,140,136,Jacob deGrom,Logan Gilbert,594798,669302,5,0,TEX,0,5,5,N,1
823397,2026-04-17,2026-04-17T22:45:00Z,PNC Park,R,TB,PIT,139,134,Nick Martinez,Bubba Chandler,607259,696149,1,5,PIT,1,6,4,N,1
823476,2026-04-17,2026-04-17T22:40:00Z,Citizens Bank Park,R,ATL,PHI,144,143,Martín Pérez,Taijuan Walker,527048,592836,9,0,ATL,0,9,9,N,1
823559,2026-04-17,2026-04-17T23:05:00Z,Yankee Stadium,R,KC,NYY,118,147,Michael Wacha,Cam Schlittler,608379,693645,2,4,NYY,1,6,2,N,1
823720,2026-04-17,2026-04-18T00:10:00Z,Target Field,R,CIN,MIN,113,142,Brandon Williamson,Joe Ryan,682227,657746,2,1,CIN,0,3,1,N,1
823883,2026-04-17,2026-04-17T23:10:00Z,loanDepot park,R,MIL,MIA,158,146,Coleman Crow,Janson Junk,689441,676083,7,5,MIL,0,12,2,N,1
824048,2026-04-17,2026-04-18T01:38:00Z,Angel Stadium,R,SD,LAA,135,108,Matt Waldron,José Soriano,663362,667755,0,8,LAA,1,8,8,N,1
824207,2026-04-17,2026-04-18T00:10:00Z,Daikin Park,R,STL,HOU,138,117,Kyle Leahy,Peter Lambert,681517,663567,9,4,STL,0,13,5,N,1
824373,2026-04-17,2026-04-18T00:40:00Z,Coors Field,R,LAD,COL,119,115,Tyler Glasnow,Tomoyuki Sugano,607192,608372,7,1,LAD,0,8,6,N,1
824454,2026-04-17,2026-04-17T22:10:00Z,Progressive Field,R,BAL,CLE,110,114,Chris Bassitt,Tanner Bibee,605135,676440,6,4,BAL,0,10,2,N,1
824693,2026-04-17,2026-04-17T18:20:00Z,Wrigley Field,R,NYM,CHC,121,112,Kodai Senga,Edward Cabrera,673540,665795,4,12,CHC,1,16,8,N,1
824778,2026-04-17,2026-04-17T23:15:00Z,Fenway Park,R,DET,BOS,116,111,Casey Mize,Ranger Suarez,663554,624133,0,1,BOS,1,1,1,N,1
825019,2026-04-17,2026-04-18T01:40:00Z,Sutter Health Park,R,CWS,ATH,145,133,Davis Martin,Aaron Civale,663436,650644,9,2,CWS,0,11,7,N,1
825101,2026-04-17,2026-04-18T01:40:00Z,Chase Field,R,TOR,AZ,141,109,Braydon Fisher,Michael Soroka,680755,647336,3,6,AZ,1,9,3,N,1
822751,2026-04-18,2026-04-18T20:05:00Z,Nationals Park,R,SF,WSH,137,120,Adrian Houser,Cade Cavalli,605288,676917,7,6,SF,0,13,1,N,1
823151,2026-04-18,2026-04-18T23:15:00Z,T-Mobile Park,R,TEX,SEA,140,136,Nathan Eovaldi,George Kirby,543135,669923,3,7,SEA,1,10,4,N,1
823394,2026-04-18,2026-04-18T19:30:00Z,PNC Park,R,TB,PIT,139,134,Drew Rasmussen,Paul Skenes,656876,694973,8,7,TB,0,15,1,N,1
823474,2026-04-18,2026-04-18T23:15:00Z,Citizens Bank Park,R,ATL,PHI,144,143,Chris Sale,Cristopher Sánchez,519242,650911,3,1,ATL,0,4,2,N,1
823558,2026-04-18,2026-04-18T17:35:00Z,Yankee Stadium,R,KC,NYY,118,147,Noah Cameron,Will Warren,702070,701542,4,13,NYY,1,17,9,N,1
823721,2026-04-18,2026-04-18T18:10:00Z,Target Field,R,CIN,MIN,113,142,Andrew Abbott,Taj Bradley,671096,671737,5,4,CIN,0,9,1,N,1
823882,2026-04-18,2026-04-18T20:10:00Z,loanDepot park,R,MIL,MIA,158,146,Brandon Woodruff,Sandy Alcantara,605540,645261,5,2,MIL,0,7,3,N,1
824049,2026-04-18,2026-04-19T01:38:00Z,Angel Stadium,R,SD,LAA,135,108,Germán Márquez,Yusei Kikuchi,608566,579328,4,1,SD,0,5,3,N,1
824206,2026-04-18,2026-04-18T23:10:00Z,Daikin Park,R,STL,HOU,138,117,Andre Pallante,Lance McCullers Jr.,669467,621121,7,5,STL,0,12,2,N,1
824372,2026-04-18,2026-04-19T00:10:00Z,Coors Field,R,LAD,COL,119,115,Emmet Sheehan,Ryan Feltner,686218,663372,3,4,COL,1,7,1,N,1
824451,2026-04-18,2026-04-18T22:10:00Z,Progressive Field,R,BAL,CLE,110,114,Dean Kremer,Gavin Williams,665152,668909,2,4,CLE,1,6,2,N,1
824694,2026-04-18,2026-04-18T18:20:00Z,Wrigley Field,R,NYM,CHC,121,112,Freddy Peralta,Jameson Taillon,642547,592791,2,4,CHC,1,6,2,N,1
824775,2026-04-18,2026-04-18T20:10:00Z,Fenway Park,R,DET,BOS,116,111,Tarik Skubal,Brayan Bello,669373,678394,4,1,DET,0,5,3,N,1
825020,2026-04-18,2026-04-18T20:05:00Z,Sutter Health Park,R,CWS,ATH,145,133,Erick Fedde,Luis Severino,607200,622663,6,7,ATH,1,13,1,N,1
825098,2026-04-18,2026-04-19T00:10:00Z,Chase Field,R,TOR,AZ,141,109,Max Scherzer,Zac Gallen,453286,668678,2,6,AZ,1,8,4,N,1
822750,2026-04-19,2026-04-19T17:35:00Z,Nationals Park,R,SF,WSH,137,120,Robbie Ray,PJ Poulin,592662,676571,0,3,WSH,1,3,3,N,1
823150,2026-04-19,2026-04-19T20:10:00Z,T-Mobile Park,R,TEX,SEA,140,136,MacKenzie Gore,Bryan Woo,669022,693433,2,5,SEA,1,7,3,N,1
823393,2026-04-19,2026-04-19T17:35:00Z,PNC Park,R,TB,PIT,139,134,Shane McClanahan,Mitch Keller,663556,656605,3,6,PIT,1,9,3,N,1
823475,2026-04-19,2026-04-19T23:20:00Z,Citizens Bank Park,R,ATL,PHI,144,143,Grant Holmes,Andrew Painter,656550,691725,4,2,ATL,0,6,2,N,1
823556,2026-04-19,2026-04-19T17:35:00Z,Yankee Stadium,R,KC,NYY,118,147,Cole Ragans,Ryan Weathers,666142,677960,0,7,NYY,1,7,7,N,1
823718,2026-04-19,2026-04-19T18:10:00Z,Target Field,R,CIN,MIN,113,142,Brady Singer,Bailey Ober,663903,641927,7,4,CIN,0,11,3,N,1
823881,2026-04-19,2026-04-19T17:40:00Z,loanDepot park,R,MIL,MIA,158,146,Jacob Misiorowski,Eury Pérez,694819,691587,3,5,MIA,1,8,2,N,1
824047,2026-04-19,2026-04-19T20:07:00Z,Angel Stadium,R,SD,LAA,135,108,Michael King,Walbert Ureña,650633,700712,2,1,SD,0,3,1,N,1
824205,2026-04-19,2026-04-19T18:10:00Z,Daikin Park,R,STL,HOU,138,117,Matthew Liberatore,Mike Burrows,669461,681347,7,5,STL,0,12,2,N,1
824371,2026-04-19,2026-04-19T19:10:00Z,Coors Field,R,LAD,COL,119,115,Roki Sasaki,Michael Lorenzen,808963,547179,6,9,COL,1,15,3,N,1
824452,2026-04-19,2026-04-19T17:40:00Z,Progressive Field,R,BAL,CLE,110,114,Trevor Rogers,Joey Cantillo,669432,676282,4,8,CLE,1,12,4,N,1
824691,2026-04-19,2026-04-19T18:20:00Z,Wrigley Field,R,NYM,CHC,121,112,Tobias Myers,Javier Assad,668964,665871,1,2,CHC,1,3,1,N,1
824777,2026-04-19,2026-04-19T20:35:00Z,Fenway Park,R,DET,BOS,116,111,Framber Valdez,Garrett Crochet,664285,676979,6,2,DET,0,8,4,N,1
825018,2026-04-19,2026-04-19T20:05:00Z,Sutter Health Park,R,CWS,ATH,145,133,Noah Schultz,Jeffrey Springs,702273,605488,7,4,CWS,0,11,3,N,1
825100,2026-04-19,2026-04-19T20:10:00Z,Chase Field,R,TOR,AZ,141,109,Kevin Gausman,Ryne Nelson,592332,669194,10,4,TOR,0,14,6,N,1
822749,2026-04-20,2026-04-20T22:45:00Z,Nationals Park,R,ATL,WSH,144,120,Bryce Elder,Jake Irvin,693821,663623,9,4,ATL,0,13,5,N,1
822994,2026-04-20,2026-04-20T22:40:00Z,Tropicana Field,R,CIN,TB,113,139,Rhett Lowder,Jesse Scholtens,695076,669947,6,1,CIN,0,7,5,N,1
823149,2026-04-20,2026-04-21T01:40:00Z,T-Mobile Park,R,ATH,SEA,133,136,J.T. Ginn,Emerson Hancock,669372,676106,6,4,ATH,0,10,2,N,1
823879,2026-04-20,2026-04-20T22:40:00Z,loanDepot park,R,STL,MIA,138,146,Michael McGreevy,Max Meyer,700241,676974,3,5,MIA,1,8,2,N,1
824046,2026-04-20,2026-04-21T01:38:00Z,Angel Stadium,R,TOR,LAA,141,108,Dylan Cease,Reid Detmers,656302,672282,5,2,TOR,0,7,3,N,1
824125,2026-04-20,2026-04-20T23:40:00Z,Kauffman Stadium,R,BAL,KC,110,118,Kyle Bradish,Seth Lugo,680694,607625,7,5,BAL,0,12,2,N,1
824370,2026-04-20,2026-04-21T00:40:00Z,Coors Field,R,LAD,COL,119,115,Justin Wrobleski,Jose Quintana,680736,500779,12,3,LAD,0,15,9,N,1
824450,2026-04-20,2026-04-20T22:10:00Z,Progressive Field,R,HOU,CLE,117,114,Spencer Arrighetti,Slade Cecconi,681293,677944,9,2,HOU,0,11,7,N,1
824692,2026-04-20,2026-04-20T23:40:00Z,Wrigley Field,R,PHI,CHC,143,112,Aaron Nola,Colin Rea,605400,607067,1,5,CHC,1,6,4,N,1
824776,2026-04-20,2026-04-20T15:10:00Z,Fenway Park,R,DET,BOS,116,111,Jack Flaherty,Sonny Gray,656427,543243,6,8,BOS,1,14,2,N,1
822747,2026-04-21,2026-04-21T22:45:00Z,Nationals Park,R,ATL,WSH,144,120,Reynaldo López,Foster Griffin,625643,656492,4,11,WSH,1,15,7,N,1
822914,2026-04-21,2026-04-22T00:05:00Z,Globe Life Field,R,PIT,TEX,134,140,Carmen Mlodzinski,Kumar Rocker,669387,677958,1,5,TEX,1,6,4,N,1
822995,2026-04-21,2026-04-21T22:40:00Z,Tropicana Field,R,CIN,TB,113,139,Chase Burns,Steven Matz,695505,571927,12,6,CIN,0,18,6,N,1
823148,2026-04-21,2026-04-22T01:40:00Z,T-Mobile Park,R,ATH,SEA,133,136,Jacob Lopez,Luis Castillo,682052,622491,5,2,ATH,0,7,3,N,1
823236,2026-04-21,2026-04-22T01:45:00Z,Oracle Park,R,LAD,SF,119,137,Yoshinobu Yamamoto,Landen Roupp,808967,694738,1,3,SF,1,4,2,N,1
823640,2026-04-21,2026-04-21T23:10:00Z,Citi Field,R,MIN,NYM,142,121,Simeon Woods Richardson,Nolan McLean,680573,690997,5,3,MIN,0,8,2,N,1
823880,2026-04-21,2026-04-21T22:40:00Z,loanDepot park,R,STL,MIA,138,146,Dustin May,Chris Paddack,669160,663978,5,3,STL,0,8,2,N,1
824045,2026-04-21,2026-04-22T01:38:00Z,Angel Stadium,R,TOR,LAA,141,108,Patrick Corbin,Jack Kochanowicz,571578,686799,4,2,TOR,0,6,2,N,1
824127,2026-04-21,2026-04-21T23:40:00Z,Kauffman Stadium,R,BAL,KC,110,118,Shane Baz,Kris Bubic,669358,663460,5,6,KC,1,11,1,N,1
824290,2026-04-21,2026-04-21T22:40:00Z,Comerica Park,R,MIL,DET,158,116,Kyle Harrison,Keider Montero,690986,672456,12,4,MIL,0,16,8,N,1
824369,2026-04-21,2026-04-22T00:40:00Z,Coors Field,R,SD,COL,135,115,Randy Vásquez,Jimmy Herget,681190,623474,1,0,SD,0,1,1,N,1
824448,2026-04-21,2026-04-21T22:10:00Z,Progressive Field,R,HOU,CLE,117,114,Ryan Weiss,Parker Messick,680802,800048,5,8,CLE,1,13,3,N,1
824690,2026-04-21,2026-04-21T23:40:00Z,Wrigley Field,R,PHI,CHC,143,112,Jesús Luzardo,Shota Imanaga,666200,684007,4,7,CHC,1,11,3,N,1
824773,2026-04-21,2026-04-21T22:45:00Z,Fenway Park,R,NYY,BOS,147,111,Luis Gil,Connelly Early,661563,813349,4,0,NYY,0,4,4,N,1
825099,2026-04-21,2026-04-22T01:40:00Z,Chase Field,R,CWS,AZ,145,109,Sean Burke,Merrill Kelly,680732,518876,11,5,CWS,0,16,6,N,1
822748,2026-04-22,2026-04-22T22:45:00Z,Nationals Park,R,ATL,WSH,144,120,Didier Fuentes,Zack Littell,800311,641793,8,6,ATL,0,14,2,N,1
822913,2026-04-22,2026-04-23T00:05:00Z,Globe Life Field,R,PIT,TEX,134,140,Braxton Ashcraft,Jack Leiter,677952,683004,8,4,PIT,0,12,4,N,1
822993,2026-04-22,2026-04-22T17:10:00Z,Tropicana Field,R,CIN,TB,113,139,Brandon Williamson,Nick Martinez,682227,607259,1,6,TB,1,7,5,N,1
823147,2026-04-22,2026-04-22T20:10:00Z,T-Mobile Park,R,ATH,SEA,133,136,Aaron Civale,Logan Gilbert,650644,669302,4,5,SEA,1,9,1,N,1
823231,2026-04-22,2026-04-23T01:45:00Z,Oracle Park,R,LAD,SF,119,137,Shohei Ohtani,Tyler Mahle,660271,641816,0,3,SF,1,3,3,N,1
823641,2026-04-22,2026-04-22T23:10:00Z,Citi Field,R,MIN,NYM,142,121,Connor Prielipp,Clay Holmes,687570,605280,2,3,NYM,1,5,1,N,1
823878,2026-04-22,2026-04-22T16:10:00Z,loanDepot park,R,STL,MIA,138,146,Kyle Leahy,Janson Junk,681517,676083,1,4,MIA,1,5,3,N,1
824044,2026-04-22,2026-04-22T19:07:00Z,Angel Stadium,R,TOR,LAA,141,108,Eric Lauer,José Soriano,641778,667755,3,7,LAA,1,10,4,N,1
824123,2026-04-22,2026-04-22T18:10:00Z,Kauffman Stadium,R,BAL,KC,110,118,Chris Bassitt,Michael Wacha,605135,608379,8,6,BAL,0,14,2,N,1
824286,2026-04-22,2026-04-22T22:40:00Z,Comerica Park,R,MIL,DET,158,116,DL Hall,Casey Mize,669084,663554,2,5,DET,1,7,3,N,1
824367,2026-04-22,2026-04-23T00:40:00Z,Coors Field,R,SD,COL,135,115,Walker Buehler,Tomoyuki Sugano,621111,608372,3,8,COL,1,11,5,N,1
824449,2026-04-22,2026-04-22T17:10:00Z,Progressive Field,R,HOU,CLE,117,114,Peter Lambert,Tanner Bibee,663567,676440,2,0,HOU,0,2,2,N,1
824688,2026-04-22,2026-04-22T23:40:00Z,Wrigley Field,R,PHI,CHC,143,112,Kyle Backhus,Matthew Boyd,679775,571510,2,7,CHC,1,9,5,N,1
824774,2026-04-22,2026-04-22T22:45:00Z,Fenway Park,R,NYY,BOS,147,111,Max Fried,Ranger Suarez,608331,624133,4,1,NYY,0,5,3,N,1
825097,2026-04-22,2026-04-23T01:40:00Z,Chase Field,R,CWS,AZ,145,109,Anthony Kay,Eduardo Rodriguez,641743,593958,7,11,AZ,1,18,4,N,1
822745,2026-04-23,2026-04-23T17:05:00Z,Nationals Park,R,ATL,WSH,144,120,JR Ritchie,Cade Cavalli,702275,676917,7,2,ATL,0,9,5,N,1
822912,2026-04-23,2026-04-24T00:05:00Z,Globe Life Field,R,PIT,TEX,134,140,Bubba Chandler,Jacob deGrom,696149,594798,1,6,TEX,1,7,5,N,1
823233,2026-04-23,2026-04-23T19:45:00Z,Oracle Park,R,LAD,SF,119,137,Tyler Glasnow,Logan Webb,607192,657277,3,0,LAD,0,3,3,N,1
823639,2026-04-23,2026-04-23T23:10:00Z,Citi Field,R,MIN,NYM,142,121,Joe Ryan,Christian Scott,657746,681035,8,10,NYM,1,18,2,N,1
824288,2026-04-23,2026-04-23T17:10:00Z,Comerica Park,R,MIL,DET,158,116,Brandon Sproat,Tarik Skubal,687075,669373,4,5,DET,1,9,1,N,1
824368,2026-04-23,2026-04-23T19:10:00Z,Coors Field,R,SD,COL,135,115,Matt Waldron,Ryan Feltner,663362,663372,10,8,SD,0,18,2,N,1
824689,2026-04-23,2026-04-23T18:20:00Z,Wrigley Field,R,PHI,CHC,143,112,Cristopher Sánchez,Edward Cabrera,650911,665795,7,8,CHC,1,15,1,N,1
824770,2026-04-23,2026-04-23T22:10:00Z,Fenway Park,R,NYY,BOS,147,111,Cam Schlittler,Payton Tolle,693645,801139,4,2,NYY,0,6,2,N,1
825096,2026-04-23,2026-04-23T19:40:00Z,Chase Field,R,CWS,AZ,145,109,Davis Martin,Michael Soroka,663436,647336,4,1,CWS,0,5,3,N,1
822827,2026-04-24,2026-04-24T23:07:00Z,Rogers Centre,R,CLE,TOR,114,141,Gavin Williams,Max Scherzer,668909,453286,8,6,CLE,0,14,2,N,1
822909,2026-04-24,2026-04-25T00:05:00Z,Globe Life Field,R,ATH,TEX,133,140,Luis Severino,Nathan Eovaldi,622663,543135,8,1,ATH,0,9,7,N,1
822992,2026-04-24,2026-04-24T23:10:00Z,Tropicana Field,R,MIN,TB,142,139,Taj Bradley,Drew Rasmussen,671737,656876,2,6,TB,1,8,4,N,1
823069,2026-04-24,2026-04-25T00:15:00Z,Busch Stadium,R,SEA,STL,136,138,George Kirby,Andre Pallante,669923,669467,3,2,SEA,0,5,1,N,1
823232,2026-04-24,2026-04-25T02:15:00Z,Oracle Park,R,MIA,SF,146,137,Sandy Alcantara,Adrian Houser,645261,605288,9,4,MIA,0,13,5,N,1
823638,2026-04-24,2026-04-24T23:10:00Z,Citi Field,R,COL,NYM,115,121,Michael Lorenzen,Freddy Peralta,547179,642547,4,3,COL,0,7,1,N,1
823800,2026-04-24,2026-04-24T23:40:00Z,American Family Field,R,PIT,MIL,134,158,Paul Skenes,Brandon Woodruff,694973,605540,6,0,PIT,0,6,6,N,1
823962,2026-04-24,2026-04-25T02:15:00Z,UNIQLO Field at Dodger Stadium,R,CHC,LAD,112,119,Jameson Taillon,Emmet Sheehan,592791,686218,6,4,CHC,0,10,2,N,1
824124,2026-04-24,2026-04-24T23:40:00Z,Kauffman Stadium,R,LAA,KC,108,118,Yusei Kikuchi,Noah Cameron,579328,702070,3,6,KC,1,9,3,N,1
824204,2026-04-24,2026-04-25T00:10:00Z,Daikin Park,R,NYY,HOU,147,117,Will Warren,Lance McCullers Jr.,701542,621121,12,4,NYY,0,16,8,N,1
824529,2026-04-24,2026-04-24T22:40:00Z,Great American Ball Park,R,DET,CIN,116,113,Framber Valdez,Andrew Abbott,664285,671096,8,9,CIN,1,17,1,N,1
824611,2026-04-24,2026-04-24T23:40:00Z,Rate Field,R,WSH,CWS,120,145,PJ Poulin,Bryan Hudson,676571,663542,4,5,CWS,1,9,1,N,1
824854,2026-04-24,2026-04-24T23:05:00Z,Oriole Park at Camden Yards,R,BOS,BAL,111,110,Brayan Bello,Brandon Young,678394,687064,3,10,BAL,1,13,7,N,1
824932,2026-04-24,2026-04-24T23:15:00Z,Truist Park,R,PHI,ATL,143,144,Andrew Painter,Grant Holmes,691725,656550,3,5,ATL,1,8,2,N,1
822826,2026-04-25,2026-04-25T19:07:00Z,Rogers Centre,R,CLE,TOR,114,141,Joey Cantillo,Kevin Gausman,676282,592332,3,5,TOR,1,8,2,N,1
822910,2026-04-25,2026-04-25T23:05:00Z,Globe Life Field,R,ATH,TEX,133,140,Jeffrey Springs,MacKenzie Gore,605488,669022,3,4,TEX,1,7,1,N,1
822989,2026-04-25,2026-04-25T20:10:00Z,Tropicana Field,R,MIN,TB,142,139,Bailey Ober,Shane McClanahan,641927,663556,1,6,TB,1,7,5,N,1
823070,2026-04-25,2026-04-25T18:15:00Z,Busch Stadium,R,SEA,STL,136,138,Bryan Woo,Matthew Liberatore,693433,669461,11,9,SEA,0,20,2,N,1
823229,2026-04-25,2026-04-25T20:05:00Z,Oracle Park,R,MIA,SF,146,137,Eury Pérez,Robbie Ray,691587,592662,2,6,SF,1,8,4,N,1
823799,2026-04-25,2026-04-25T23:10:00Z,American Family Field,R,PIT,MIL,134,158,Mitch Keller,Jacob Misiorowski,656605,694819,6,3,PIT,0,9,3,N,1
823960,2026-04-25,2026-04-25T23:15:00Z,UNIQLO Field at Dodger Stadium,R,CHC,LAD,112,119,Colin Rea,Roki Sasaki,607067,808963,4,12,LAD,1,16,8,N,1
824121,2026-04-25,2026-04-25T23:10:00Z,Kauffman Stadium,R,LAA,KC,108,118,Walbert Ureña,Cole Ragans,700712,666142,1,12,KC,1,13,11,N,1
824203,2026-04-25,2026-04-25T23:10:00Z,Daikin Park,R,NYY,HOU,147,117,Ryan Weathers,Mike Burrows,677960,681347,8,3,NYY,0,11,5,N,1
824527,2026-04-25,2026-04-25T23:15:00Z,Great American Ball Park,R,DET,CIN,116,113,Jack Flaherty,Brady Singer,656427,663903,2,9,CIN,1,11,7,N,1
824613,2026-04-25,2026-04-25T20:10:00Z,Rate Field,R,WSH,CWS,120,145,Jake Irvin,Noah Schultz,663623,702273,6,3,WSH,0,9,3,N,1
824851,2026-04-25,2026-04-25T16:05:00Z,Oriole Park at Camden Yards,R,BOS,BAL,111,110,Garrett Crochet,Trevor Rogers,676979,669432,17,1,BOS,0,18,16,N,1
824933,2026-04-25,2026-04-25T23:15:00Z,Truist Park,R,PHI,ATL,143,144,Zack Wheeler,Bryce Elder,554430,693821,8,5,PHI,0,13,3,N,1
825093,2026-04-25,2026-04-25T22:05:00Z,Estadio Alfredo Harp Helu,R,SD,AZ,135,109,Germán Márquez,Zac Gallen,608566,668678,6,4,SD,0,10,2,N,1
822824,2026-04-26,2026-04-26T17:37:00Z,Rogers Centre,R,CLE,TOR,114,141,Slade Cecconi,Patrick Corbin,677944,571578,2,4,TOR,1,6,2,N,1
822911,2026-04-26,2026-04-26T18:35:00Z,Globe Life Field,R,ATH,TEX,133,140,J.T. Ginn,Kumar Rocker,669372,677958,2,1,ATH,0,3,1,N,1
822991,2026-04-26,2026-04-26T17:40:00Z,Tropicana Field,R,MIN,TB,142,139,Simeon Woods Richardson,Griffin Jax,680573,643377,2,4,TB,1,6,2,N,1
823068,2026-04-26,2026-04-26T18:15:00Z,Busch Stadium,R,SEA,STL,136,138,Emerson Hancock,Michael McGreevy,676106,700241,3,2,SEA,0,5,1,N,1
823230,2026-04-26,2026-04-26T20:05:00Z,Oracle Park,R,MIA,SF,146,137,Max Meyer,Landen Roupp,676974,694738,3,6,SF,1,9,3,N,1
823635,2026-04-26,2026-04-26T17:40:00Z,Citi Field,R,COL,NYM,115,121,Jose Quintana,Nolan McLean,500779,690997,3,1,COL,0,4,2,Y,1
823637,2026-04-26,2026-04-26T17:45:00Z,Citi Field,R,COL,NYM,115,121,Chase Dollander,Kodai Senga,801403,673540,3,0,COL,0,3,3,Y,2
823797,2026-04-26,2026-04-26T18:10:00Z,American Family Field,R,PIT,MIL,134,158,Carmen Mlodzinski,Kyle Harrison,669387,690986,0,5,MIL,1,5,5,N,1
823959,2026-04-26,2026-04-26T20:10:00Z,UNIQLO Field at Dodger Stadium,R,CHC,LAD,112,119,Shota Imanaga,Justin Wrobleski,684007,680736,0,6,LAD,1,6,6,N,1
824122,2026-04-26,2026-04-26T20:10:00Z,Kauffman Stadium,R,LAA,KC,108,118,Reid Detmers,Seth Lugo,672282,607625,9,11,KC,1,20,2,N,1
824202,2026-04-26,2026-04-26T18:10:00Z,Daikin Park,R,NYY,HOU,147,117,Luis Gil,Spencer Arrighetti,661563,681293,4,7,HOU,1,11,3,N,1
824528,2026-04-26,2026-04-26T17:40:00Z,Great American Ball Park,R,DET,CIN,116,113,Keider Montero,Rhett Lowder,672456,695076,8,3,DET,0,11,5,N,1
824612,2026-04-26,2026-04-26T18:10:00Z,Rate Field,R,WSH,CWS,120,145,Foster Griffin,Bryan Hudson,656492,663542,2,1,WSH,0,3,1,N,1
824852,2026-04-26,2026-04-26T17:35:00Z,Oriole Park at Camden Yards,R,BOS,BAL,111,110,Connelly Early,Kyle Bradish,813349,680694,5,3,BOS,0,8,2,N,1
824934,2026-04-26,2026-04-26T17:35:00Z,Truist Park,R,PHI,ATL,143,144,Aaron Nola,Chris Sale,605400,519242,2,6,ATL,1,8,4,N,1
825094,2026-04-26,2026-04-26T20:05:00Z,Estadio Alfredo Harp Helu,R,SD,AZ,135,109,Michael King,Ryne Nelson,650633,669194,7,12,AZ,1,19,5,N,1
822825,2026-04-27,2026-04-27T23:07:00Z,Rogers Centre,R,BOS,TOR,111,141,Ranger Suarez,Dylan Cease,624133,656302,5,0,BOS,0,5,5,N,1
822906,2026-04-27,2026-04-28T00:05:00Z,Globe Life Field,R,NYY,TEX,147,140,Max Fried,Jack Leiter,608331,683004,4,2,NYY,0,6,2,N,1
823311,2026-04-27,2026-04-28T01:40:00Z,Petco Park,R,CHC,SD,112,135,Matthew Boyd,Randy Vásquez,571510,681190,7,9,SD,1,16,2,N,1
823395,2026-04-27,2026-04-27T22:40:00Z,PNC Park,R,STL,PIT,138,134,Dustin May,Mason Montgomery,669160,682254,4,2,STL,0,6,2,N,1
823719,2026-04-27,2026-04-27T23:40:00Z,Target Field,R,SEA,MIN,136,142,Luis Castillo,Connor Prielipp,622491,687570,4,11,MIN,1,15,7,N,1
823961,2026-04-27,2026-04-28T02:10:00Z,UNIQLO Field at Dodger Stadium,R,MIA,LAD,146,119,Chris Paddack,Yoshinobu Yamamoto,663978,808967,4,5,LAD,1,9,1,N,1
824446,2026-04-27,2026-04-27T22:10:00Z,Progressive Field,R,TB,CLE,139,114,Steven Matz,Parker Messick,571927,800048,3,2,TB,0,5,1,N,1
824609,2026-04-27,2026-04-27T23:40:00Z,Rate Field,R,LAA,CWS,108,145,Jack Kochanowicz,Anthony Kay,686799,641743,7,8,CWS,1,15,1,N,1
822823,2026-04-28,2026-04-28T23:07:00Z,Rogers Centre,R,BOS,TOR,111,141,Payton Tolle,Trey Yesavage,801139,702056,0,3,TOR,1,3,3,N,1
822908,2026-04-28,2026-04-29T00:05:00Z,Globe Life Field,R,NYY,TEX,147,140,Cam Schlittler,Jacob deGrom,693645,594798,3,2,NYY,0,5,1,N,1
823310,2026-04-28,2026-04-29T01:40:00Z,Petco Park,R,CHC,SD,112,135,Edward Cabrera,Walker Buehler,665795,621111,8,3,CHC,0,11,5,N,1
823390,2026-04-28,2026-04-28T22:40:00Z,PNC Park,R,STL,PIT,138,134,Kyle Leahy,Braxton Ashcraft,681517,677952,11,7,STL,0,18,4,N,1
823473,2026-04-28,2026-04-28T22:40:00Z,Citizens Bank Park,R,SF,PHI,137,143,Tyler Mahle,Jesús Luzardo,641816,666200,0,7,PHI,1,7,7,N,1
823636,2026-04-28,2026-04-28T23:10:00Z,Citi Field,R,WSH,NYM,120,121,Zack Littell,Clay Holmes,641793,605280,0,8,NYM,1,8,8,N,1
823716,2026-04-28,2026-04-28T23:40:00Z,Target Field,R,SEA,MIN,136,142,Logan Gilbert,Joe Ryan,669302,657746,7,1,SEA,0,8,6,N,1
823798,2026-04-28,2026-04-28T23:40:00Z,American Family Field,R,AZ,MIL,109,158,Merrill Kelly,Chad Patrick,518876,694477,2,13,MIL,1,15,11,N,1
823956,2026-04-28,2026-04-29T02:10:00Z,UNIQLO Field at Dodger Stadium,R,MIA,LAD,146,119,Janson Junk,Shohei Ohtani,676083,660271,2,1,MIA,0,3,1,N,1
824447,2026-04-28,2026-04-28T22:10:00Z,Progressive Field,R,TB,CLE,139,114,Nick Martinez,Tanner Bibee,607259,676440,1,0,TB,0,1,1,N,1
824526,2026-04-28,2026-04-28T22:40:00Z,Great American Ball Park,R,COL,CIN,115,113,Kyle Freeland,Chase Burns,607536,695505,2,7,CIN,1,9,5,N,1
824610,2026-04-28,2026-04-28T23:40:00Z,Rate Field,R,LAA,CWS,108,145,José Soriano,Davis Martin,667755,663436,2,5,CWS,1,7,3,N,1
824849,2026-04-28,2026-04-28T22:35:00Z,Oriole Park at Camden Yards,R,HOU,BAL,117,110,Kai-Wei Teng,Shane Baz,678906,669358,3,5,BAL,1,8,2,N,1
824931,2026-04-28,2026-04-28T23:15:00Z,Truist Park,R,DET,ATL,116,144,Casey Mize,Martín Pérez,663554,527048,2,5,ATL,1,7,3,N,1
825017,2026-04-28,2026-04-29T01:40:00Z,Sutter Health Park,R,KC,ATH,118,133,Kris Bubic,Aaron Civale,663460,650644,4,1,KC,0,5,3,N,1
822821,2026-04-29,2026-04-29T19:07:00Z,Rogers Centre,R,BOS,TOR,111,141,Brayan Bello,Eric Lauer,678394,641778,1,8,TOR,1,9,7,N,1
822907,2026-04-29,2026-04-29T18:35:00Z,Globe Life Field,R,NYY,TEX,147,140,Elmer Rodríguez,Nathan Eovaldi,695684,543135,0,3,TEX,1,3,3,N,1
823312,2026-04-29,2026-04-29T20:10:00Z,Petco Park,R,CHC,SD,112,135,Jameson Taillon,Matt Waldron,592791,663362,5,4,CHC,0,9,1,N,1
823392,2026-04-29,2026-04-29T22:40:00Z,PNC Park,R,STL,PIT,138,134,Andre Pallante,Bubba Chandler,669467,696149,5,4,STL,0,9,1,N,1
823633,2026-04-29,2026-04-29T23:10:00Z,Citi Field,R,WSH,NYM,120,121,Cade Cavalli,David Peterson,676917,656849,14,2,WSH,0,16,12,N,1
823717,2026-04-29,2026-04-29T17:40:00Z,Target Field,R,SEA,MIN,136,142,George Kirby,Taj Bradley,669923,671737,5,3,SEA,0,8,2,N,1
823796,2026-04-29,2026-04-29T23:40:00Z,American Family Field,R,AZ,MIL,109,158,Eduardo Rodriguez,Brandon Sproat,593958,687075,6,2,AZ,0,8,4,N,1
823958,2026-04-29,2026-04-29T19:10:00Z,UNIQLO Field at Dodger Stadium,R,MIA,LAD,146,119,Sandy Alcantara,Tyler Glasnow,645261,607192,3,2,MIA,0,5,1,N,1
824445,2026-04-29,2026-04-29T17:10:00Z,Progressive Field,R,TB,CLE,139,114,Drew Rasmussen,Gavin Williams,656876,668909,1,3,CLE,1,4,2,N,1
824525,2026-04-29,2026-04-29T22:40:00Z,Great American Ball Park,R,COL,CIN,115,113,Tomoyuki Sugano,Brandon Williamson,608372,682227,13,2,COL,0,15,11,N,1
824608,2026-04-29,2026-04-29T17:10:00Z,Rate Field,R,LAA,CWS,108,145,Yusei Kikuchi,Erick Fedde,579328,607200,2,3,CWS,1,5,1,N,1
824930,2026-04-29,2026-04-29T23:15:00Z,Truist Park,R,DET,ATL,116,144,Tarik Skubal,JR Ritchie,669373,702275,3,4,ATL,1,7,1,N,1
825015,2026-04-29,2026-04-30T01:40:00Z,Sutter Health Park,R,KC,ATH,118,133,Michael Wacha,Luis Severino,608379,622663,2,5,ATH,1,7,3,N,1
823391,2026-04-30,2026-04-30T16:35:00Z,PNC Park,R,STL,PIT,138,134,Hunter Dobbins,Paul Skenes,690928,694973,10,5,STL,0,15,5,N,1
823471,2026-04-30,2026-04-30T21:35:00Z,Citizens Bank Park,R,SF,PHI,137,143,Adrian Houser,Tim Mayza,605288,641835,5,6,PHI,1,11,1,S,2
823472,2026-04-30,2026-04-30T16:35:00Z,Citizens Bank Park,R,SF,PHI,137,143,Logan Webb,Cristopher Sánchez,657277,650911,2,3,PHI,1,5,1,S,1
823634,2026-04-30,2026-04-30T17:10:00Z,Citi Field,R,WSH,NYM,120,121,Miles Mikolas,Freddy Peralta,571945,642547,5,4,WSH,0,9,1,N,1
823714,2026-04-30,2026-04-30T23:40:00Z,Target Field,R,TOR,MIN,141,142,Kevin Gausman,Bailey Ober,592332,641927,1,7,MIN,1,8,6,N,1
823795,2026-04-30,2026-04-30T17:40:00Z,American Family Field,R,AZ,MIL,109,158,Michael Soroka,Brandon Woodruff,647336,605540,1,13,MIL,1,14,12,N,1
824524,2026-04-30,2026-04-30T16:40:00Z,Great American Ball Park,R,COL,CIN,115,113,Michael Lorenzen,Andrew Abbott,547179,671096,4,6,CIN,1,10,2,N,1
824848,2026-04-30,2026-04-30T16:35:00Z,Oriole Park at Camden Yards,R,HOU,BAL,117,110,Peter Lambert,Chris Bassitt,663567,605135,3,10,BAL,1,13,7,Y,1
824850,2026-04-30,2026-04-30T16:40:00Z,Oriole Park at Camden Yards,R,HOU,BAL,117,110,Lance McCullers Jr.,Brandon Young,621121,687064,11,5,HOU,0,16,6,Y,2
824929,2026-04-30,2026-04-30T16:15:00Z,Truist Park,R,DET,ATL,116,144,Framber Valdez,Bryce Elder,664285,693821,5,2,DET,0,7,3,N,1
825016,2026-04-30,2026-04-30T19:05:00Z,Sutter Health Park,R,KC,ATH,118,133,Noah Cameron,Jeffrey Springs,702070,605488,3,6,ATH,1,9,3,N,1
822744,2026-05-01,2026-05-01T22:45:00Z,Nationals Park,R,MIL,WSH,158,120,Jacob Misiorowski,Jake Irvin,694819,663623,6,1,MIL,0,7,5,N,1
822990,2026-05-01,2026-05-01T23:10:00Z,Tropicana Field,R,SF,TB,137,139,Robbie Ray,Shane McClanahan,592662,663556,0,3,TB,1,3,3,N,1
823066,2026-05-01,2026-05-02T00:15:00Z,Busch Stadium,R,LAD,STL,119,138,Emmet Sheehan,Matthew Liberatore,686218,669461,2,7,STL,1,9,5,N,1
823146,2026-05-01,2026-05-02T01:45:00Z,T-Mobile Park,R,KC,SEA,118,136,Cole Ragans,Bryan Woo,666142,693433,7,6,KC,0,13,1,N,1
823309,2026-05-01,2026-05-02T01:40:00Z,Petco Park,R,CWS,SD,145,135,Noah Schultz,Germán Márquez,702273,608566,8,2,CWS,0,10,6,N,1
823389,2026-05-01,2026-05-01T22:45:00Z,PNC Park,R,CIN,PIT,113,134,Brady Singer,Mitch Keller,663903,656605,1,9,PIT,1,10,8,N,1
823557,2026-05-01,2026-05-01T23:05:00Z,Yankee Stadium,R,BAL,NYY,110,147,Cade Povich,Will Warren,700249,701542,2,7,NYY,1,9,5,N,1
823713,2026-05-01,2026-05-02T00:10:00Z,Target Field,R,TOR,MIN,141,142,Patrick Corbin,Simeon Woods Richardson,571578,680573,7,3,TOR,0,10,4,N,1
823877,2026-05-01,2026-05-01T23:10:00Z,loanDepot park,R,PHI,MIA,143,146,Zack Wheeler,Eury Pérez,554430,691587,6,5,PHI,0,11,1,N,1
824041,2026-05-01,2026-05-02T01:38:00Z,Angel Stadium,R,NYM,LAA,121,108,Christian Scott,Walbert Ureña,681035,700712,4,3,NYM,0,7,1,N,1
824287,2026-05-01,2026-05-01T22:40:00Z,Comerica Park,R,TEX,DET,140,116,MacKenzie Gore,Jack Flaherty,669022,656427,5,4,TEX,0,9,1,N,1
824366,2026-05-01,2026-05-02T00:40:00Z,Coors Field,R,ATL,COL,144,115,Grant Holmes,Jose Quintana,656550,500779,8,6,ATL,0,14,2,N,1
824686,2026-05-01,2026-05-01T18:20:00Z,Wrigley Field,R,AZ,CHC,109,112,Zac Gallen,Colin Rea,668678,607067,5,6,CHC,1,11,1,N,1
824772,2026-05-01,2026-05-01T23:10:00Z,Fenway Park,R,HOU,BOS,117,111,Mike Burrows,Jake Bennett,681347,687562,1,3,BOS,1,4,2,N,1
825012,2026-05-01,2026-05-02T01:40:00Z,Sutter Health Park,R,CLE,ATH,114,133,Joey Cantillo,J.T. Ginn,676282,669372,8,5,CLE,0,13,3,N,1
822746,2026-05-02,2026-05-02T20:05:00Z,Nationals Park,R,MIL,WSH,158,120,Kyle Harrison,Foster Griffin,690986,656492,4,1,MIL,0,5,3,N,1
822988,2026-05-02,2026-05-02T22:10:00Z,Tropicana Field,R,SF,TB,137,139,Landen Roupp,Griffin Jax,694738,643377,1,5,TB,1,6,4,N,1
823067,2026-05-02,2026-05-02T23:15:00Z,Busch Stadium,R,LAD,STL,119,138,Roki Sasaki,Michael McGreevy,808963,700241,2,3,STL,1,5,1,N,1
823144,2026-05-02,2026-05-03T01:40:00Z,T-Mobile Park,R,KC,SEA,118,136,Seth Lugo,Emerson Hancock,607625,676106,3,2,KC,0,5,1,N,1
823308,2026-05-02,2026-05-03T00:40:00Z,Petco Park,R,CWS,SD,145,135,Sean Burke,Michael King,680732,650633,4,0,CWS,0,4,4,N,1
823388,2026-05-02,2026-05-02T20:05:00Z,PNC Park,R,CIN,PIT,113,134,Rhett Lowder,Carmen Mlodzinski,695076,669387,7,17,PIT,1,24,10,N,1
823554,2026-05-02,2026-05-02T17:35:00Z,Yankee Stadium,R,BAL,NYY,110,147,Kyle Bradish,Ryan Weathers,680694,677960,4,9,NYY,1,13,5,N,1
823715,2026-05-02,2026-05-02T18:10:00Z,Target Field,R,TOR,MIN,141,142,Dylan Cease,Connor Prielipp,656302,687570,11,4,TOR,0,15,7,N,1
823876,2026-05-02,2026-05-02T20:10:00Z,loanDepot park,R,PHI,MIA,143,146,Andrew Painter,Max Meyer,691725,676974,0,4,MIA,1,4,4,N,1
824042,2026-05-02,2026-05-03T01:38:00Z,Angel Stadium,R,NYM,LAA,121,108,Nolan McLean,Reid Detmers,690997,672282,3,4,LAA,1,7,1,N,1
824284,2026-05-02,2026-05-02T23:15:00Z,Comerica Park,R,TEX,DET,140,116,Kumar Rocker,Keider Montero,677958,672456,1,5,DET,1,6,4,N,1
824365,2026-05-02,2026-05-03T00:10:00Z,Coors Field,R,ATL,COL,144,115,Chris Sale,Brennan Bernardino,519242,657514,9,1,ATL,0,10,8,N,1
824685,2026-05-02,2026-05-02T18:20:00Z,Wrigley Field,R,AZ,CHC,109,112,Ryne Nelson,Shota Imanaga,669194,684007,0,2,CHC,1,2,2,N,1
824771,2026-05-02,2026-05-02T20:10:00Z,Fenway Park,R,HOU,BOS,117,111,Spencer Arrighetti,Connelly Early,681293,813349,6,3,HOU,0,9,3,N,1
825014,2026-05-02,2026-05-02T20:05:00Z,Sutter Health Park,R,CLE,ATH,114,133,Slade Cecconi,Jacob Lopez,677944,682052,14,6,CLE,0,20,8,N,1
822742,2026-05-03,2026-05-03T17:35:00Z,Nationals Park,R,MIL,WSH,158,120,Logan Henderson,PJ Poulin,701656,676571,2,3,WSH,1,5,1,N,1
822987,2026-05-03,2026-05-03T17:40:00Z,Tropicana Field,R,SF,TB,137,139,Tyler Mahle,Steven Matz,641816,571927,1,2,TB,1,3,1,N,1
823065,2026-05-03,2026-05-03T18:15:00Z,Busch Stadium,R,LAD,STL,119,138,Justin Wrobleski,Dustin May,680736,669160,4,1,LAD,0,5,3,N,1
823145,2026-05-03,2026-05-03T20:10:00Z,T-Mobile Park,R,KC,SEA,118,136,Kris Bubic,Luis Castillo,663460,622491,4,1,KC,0,5,3,N,1
823307,2026-05-03,2026-05-03T20:10:00Z,Petco Park,R,CWS,SD,145,135,Anthony Kay,Griffin Canning,641743,656288,3,4,SD,1,7,1,N,1
823387,2026-05-03,2026-05-03T17:35:00Z,PNC Park,R,CIN,PIT,113,134,Chase Burns,Braxton Ashcraft,695505,677952,0,1,PIT,1,1,1,N,1
823555,2026-05-03,2026-05-03T17:35:00Z,Yankee Stadium,R,BAL,NYY,110,147,Trey Gibson,Max Fried,694346,608331,3,11,NYY,1,14,8,N,1
823711,2026-05-03,2026-05-03T16:45:00Z,Target Field,R,TOR,MIN,141,142,Trey Yesavage,Joe Ryan,702056,657746,3,4,MIN,1,7,1,N,1
823875,2026-05-03,2026-05-03T17:40:00Z,loanDepot park,R,PHI,MIA,143,146,Jesús Luzardo,Chris Paddack,666200,663978,7,2,PHI,0,9,5,N,1
824043,2026-05-03,2026-05-03T20:07:00Z,Angel Stadium,R,NYM,LAA,121,108,Clay Holmes,Jack Kochanowicz,605280,686799,5,1,NYM,0,6,4,N,1
824285,2026-05-03,2026-05-03T23:20:00Z,Comerica Park,R,TEX,DET,140,116,Jack Leiter,Tyler Holton,683004,663947,1,7,DET,1,8,6,N,1
824364,2026-05-03,2026-05-03T19:10:00Z,Coors Field,R,ATL,COL,144,115,Spencer Strider,Kyle Freeland,675911,607536,11,6,ATL,0,17,5,N,1
824687,2026-05-03,2026-05-03T18:20:00Z,Wrigley Field,R,AZ,CHC,109,112,Merrill Kelly,Matthew Boyd,518876,571510,4,8,CHC,1,12,4,N,1
824769,2026-05-03,2026-05-03T17:35:00Z,Fenway Park,R,HOU,BOS,117,111,Cody Bolton,Ranger Suarez,675989,624133,3,1,HOU,0,4,2,N,1
825013,2026-05-03,2026-05-03T20:05:00Z,Sutter Health Park,R,CLE,ATH,114,133,Parker Messick,Aaron Civale,800048,650644,1,7,ATH,1,8,6,N,1
822984,2026-05-04,2026-05-04T22:40:00Z,Tropicana Field,R,TOR,TB,141,139,Eric Lauer,Nick Martinez,641778,607259,1,5,TB,1,6,4,N,1
823064,2026-05-04,2026-05-04T23:45:00Z,Busch Stadium,R,MIL,STL,158,138,Chad Patrick,Kyle Leahy,694477,681517,3,6,STL,1,9,3,N,1
823143,2026-05-04,2026-05-05T01:40:00Z,T-Mobile Park,R,ATL,SEA,144,136,JR Ritchie,Logan Gilbert,702275,669302,4,5,SEA,1,9,1,N,1
823228,2026-05-04,2026-05-05T01:45:00Z,Oracle Park,R,SD,SF,135,137,Randy Vásquez,Trevor McDonald,681190,686790,2,3,SF,1,5,1,N,1
823552,2026-05-04,2026-05-04T23:05:00Z,Yankee Stadium,R,BAL,NYY,110,147,Shane Baz,Cam Schlittler,669358,693645,1,12,NYY,1,13,11,N,1
823874,2026-05-04,2026-05-04T22:40:00Z,loanDepot park,R,PHI,MIA,143,146,Aaron Nola,Janson Junk,605400,676083,1,0,PHI,0,1,1,N,1
824039,2026-05-04,2026-05-05T01:38:00Z,Angel Stadium,R,CWS,LAA,145,108,Davis Martin,José Soriano,663436,667755,6,0,CWS,0,6,6,N,1
824120,2026-05-04,2026-05-04T23:40:00Z,Kauffman Stadium,R,CLE,KC,114,118,Tanner Bibee,Michael Wacha,676440,608379,2,6,KC,1,8,4,N,1
824201,2026-05-04,2026-05-05T00:10:00Z,Daikin Park,R,LAD,HOU,119,117,Yoshinobu Yamamoto,Steven Okert,808967,595345,8,3,LAD,0,11,5,N,1
824283,2026-05-04,2026-05-04T22:10:00Z,Comerica Park,R,BOS,DET,111,116,Payton Tolle,Tyler Holton,801139,663947,5,4,BOS,0,9,1,N,1
824363,2026-05-04,2026-05-04T21:40:00Z,Coors Field,R,NYM,COL,121,115,Huascar Brazobán,Tomoyuki Sugano,623211,608372,4,2,NYM,0,6,2,N,1
824684,2026-05-04,2026-05-04T23:10:00Z,Wrigley Field,R,CIN,CHC,113,112,Chase Petty,Edward Cabrera,695534,665795,4,5,CHC,1,9,1,N,1
822743,2026-05-05,2026-05-05T22:45:00Z,Nationals Park,R,MIN,WSH,142,120,Taj Bradley,Cade Cavalli,671737,676917,11,3,MIN,0,14,8,N,1
822986,2026-05-05,2026-05-05T22:40:00Z,Tropicana Field,R,TOR,TB,141,139,Kevin Gausman,Drew Rasmussen,592332,656876,3,4,TB,1,7,1,N,1
823142,2026-05-05,2026-05-06T01:40:00Z,T-Mobile Park,R,ATL,SEA,144,136,Bryce Elder,George Kirby,693821,669923,3,2,ATL,0,5,1,N,1
823227,2026-05-05,2026-05-06T01:45:00Z,Oracle Park,R,SD,SF,135,137,Walker Buehler,Logan Webb,621111,657277,10,5,SD,0,15,5,N,1
823469,2026-05-05,2026-05-05T22:40:00Z,Citizens Bank Park,R,ATH,PHI,133,143,Luis Severino,Cristopher Sánchez,622663,650911,1,9,PHI,1,10,8,N,1
823553,2026-05-05,2026-05-05T23:05:00Z,Yankee Stadium,R,TEX,NYY,140,147,Jacob deGrom,Elmer Rodríguez,594798,695684,4,7,NYY,1,11,3,N,1
823873,2026-05-05,2026-05-05T22:40:00Z,loanDepot park,R,BAL,MIA,110,146,Chris Bassitt,Sandy Alcantara,605135,645261,9,7,BAL,0,16,2,N,1
824040,2026-05-05,2026-05-06T01:38:00Z,Angel Stadium,R,CWS,LAA,145,108,Erick Fedde,Sam Aldegheri,607200,691951,3,4,LAA,1,7,1,N,1
824119,2026-05-05,2026-05-05T23:40:00Z,Kauffman Stadium,R,CLE,KC,114,118,Gavin Williams,Stephen Kolek,668909,663568,3,5,KC,1,8,2,N,1
824200,2026-05-05,2026-05-06T00:10:00Z,Daikin Park,R,LAD,HOU,119,117,Shohei Ohtani,Peter Lambert,660271,663567,1,2,HOU,1,3,1,N,1
824281,2026-05-05,2026-05-05T22:40:00Z,Comerica Park,R,BOS,DET,111,116,Jovani Morán,Framber Valdez,663558,664285,10,3,BOS,0,13,7,N,1
824682,2026-05-05,2026-05-05T23:40:00Z,Wrigley Field,R,CIN,CHC,113,112,Andrew Abbott,Jameson Taillon,671096,592791,2,3,CHC,1,5,1,N,1
825092,2026-05-05,2026-05-06T01:40:00Z,Chase Field,R,PIT,AZ,134,109,Bubba Chandler,Eduardo Rodriguez,696149,593958,0,9,AZ,1,9,9,N,1
822740,2026-05-06,2026-05-06T22:45:00Z,Nationals Park,R,MIN,WSH,142,120,Bailey Ober,Miles Mikolas,641927,571945,2,15,WSH,1,17,13,N,1
822985,2026-05-06,2026-05-06T17:10:00Z,Tropicana Field,R,TOR,TB,141,139,Patrick Corbin,Shane McClanahan,571578,663556,0,3,TB,1,3,3,N,1
823063,2026-05-06,2026-05-06T17:15:00Z,Busch Stadium,R,MIL,STL,158,138,Brandon Sproat,Andre Pallante,687075,669467,6,2,MIL,0,8,4,N,1
823141,2026-05-06,2026-05-06T20:10:00Z,T-Mobile Park,R,ATL,SEA,144,136,Martín Pérez,Bryan Woo,527048,693433,1,3,SEA,1,4,2,N,1
823226,2026-05-06,2026-05-06T19:45:00Z,Oracle Park,R,SD,SF,135,137,Bradgley Rodriguez,Adrian Houser,699134,605288,5,1,SD,0,6,4,N,1
823470,2026-05-06,2026-05-06T22:40:00Z,Citizens Bank Park,R,ATH,PHI,133,143,Jeffrey Springs,Zack Wheeler,605488,554430,3,6,PHI,1,9,3,N,1
823550,2026-05-06,2026-05-06T23:05:00Z,Yankee Stadium,R,TEX,NYY,140,147,Nathan Eovaldi,Will Warren,543135,701542,6,1,TEX,0,7,5,N,1
823872,2026-05-06,2026-05-06T22:40:00Z,loanDepot park,R,BAL,MIA,110,146,Brandon Young,Eury Pérez,687064,691587,7,4,BAL,0,11,3,N,1
824036,2026-05-06,2026-05-06T20:07:00Z,Angel Stadium,R,CWS,LAA,145,108,Noah Schultz,Walbert Ureña,702273,700712,2,8,LAA,1,10,6,N,1
824118,2026-05-06,2026-05-06T23:40:00Z,Kauffman Stadium,R,CLE,KC,114,118,Joey Cantillo,Cole Ragans,676282,666142,3,1,CLE,0,4,2,N,1
824198,2026-05-06,2026-05-06T18:10:00Z,Daikin Park,R,LAD,HOU,119,117,Tyler Glasnow,Lance McCullers Jr.,607192,621121,12,2,LAD,0,14,10,N,1
824282,2026-05-06,2026-05-06T22:40:00Z,Comerica Park,R,BOS,DET,111,116,Sonny Gray,Jack Flaherty,543243,656427,4,0,BOS,0,4,4,N,1
824361,2026-05-06,2026-05-07T01:20:00Z,Coors Field,R,NYM,COL,121,115,Freddy Peralta,Michael Lorenzen,642547,547179,10,5,NYM,0,15,5,N,1
824683,2026-05-06,2026-05-06T23:40:00Z,Wrigley Field,R,CIN,CHC,113,112,Brady Singer,Colin Rea,663903,607067,6,7,CHC,1,13,1,N,1
825091,2026-05-06,2026-05-07T01:40:00Z,Chase Field,R,PIT,AZ,134,109,Paul Skenes,Michael Soroka,694973,647336,1,0,PIT,0,1,1,N,1
822741,2026-05-07,2026-05-07T17:05:00Z,Nationals Park,R,MIN,WSH,142,120,Simeon Woods Richardson,Jake Irvin,680573,663623,5,7,WSH,1,12,2,N,1
823306,2026-05-07,2026-05-08T02:10:00Z,Petco Park,R,STL,SD,138,135,Matthew Liberatore,Michael King,669461,650633,2,1,STL,0,3,1,N,1
823467,2026-05-07,2026-05-07T22:40:00Z,Citizens Bank Park,R,ATH,PHI,133,143,J.T. Ginn,Andrew Painter,669372,691725,12,1,ATH,0,13,11,N,1
823551,2026-05-07,2026-05-07T16:35:00Z,Yankee Stadium,R,TEX,NYY,140,147,MacKenzie Gore,Paul Blackburn,669022,621112,2,9,NYY,1,11,7,N,1
823870,2026-05-07,2026-05-07T22:40:00Z,loanDepot park,R,BAL,MIA,110,146,Cade Povich,Max Meyer,700249,676974,3,4,MIA,1,7,1,N,1
824117,2026-05-07,2026-05-07T18:10:00Z,Kauffman Stadium,R,CLE,KC,114,118,Slade Cecconi,Seth Lugo,677944,607625,8,5,CLE,0,13,3,N,1
824362,2026-05-07,2026-05-07T19:10:00Z,Coors Field,R,NYM,COL,121,115,Christian Scott,Jose Quintana,681035,500779,2,6,COL,1,8,4,N,1
824681,2026-05-07,2026-05-07T18:20:00Z,Wrigley Field,R,CIN,CHC,113,112,Rhett Lowder,Shota Imanaga,695076,684007,3,8,CHC,1,11,5,N,1
824767,2026-05-07,2026-05-07T23:10:00Z,Fenway Park,R,TB,BOS,139,111,Griffin Jax,Jake Bennett,643377,687562,8,4,TB,0,12,4,N,1
825090,2026-05-07,2026-05-07T19:40:00Z,Chase Field,R,PIT,AZ,134,109,Mitch Keller,Zac Gallen,656605,668678,4,2,PIT,0,6,2,N,1
822822,2026-05-08,2026-05-08T23:07:00Z,Rogers Centre,R,LAA,TOR,108,141,Reid Detmers,Dylan Cease,672282,656302,0,2,TOR,1,2,2,N,1
822904,2026-05-08,2026-05-09T00:05:00Z,Globe Life Field,R,CHC,TEX,112,140,Ben Brown,Kumar Rocker,676962,677958,7,1,CHC,0,8,6,N,1
823225,2026-05-08,2026-05-09T02:15:00Z,Oracle Park,R,PIT,SF,134,137,Carmen Mlodzinski,Robbie Ray,669387,592662,2,5,SF,1,7,3,N,1
823303,2026-05-08,2026-05-09T01:45:00Z,Petco Park,R,STL,SD,138,135,Michael McGreevy,Griffin Canning,700241,656288,6,0,STL,0,6,6,N,1
823466,2026-05-08,2026-05-08T22:40:00Z,Citizens Bank Park,R,COL,PHI,115,143,Chase Dollander,Jesús Luzardo,801403,666200,9,7,COL,0,16,2,N,1
823794,2026-05-08,2026-05-08T23:40:00Z,American Family Field,R,NYY,MIL,147,158,Max Fried,Jacob Misiorowski,608331,694819,0,6,MIL,1,6,6,N,1
823871,2026-05-08,2026-05-08T23:10:00Z,loanDepot park,R,WSH,MIA,120,146,Foster Griffin,Robby Snelling,656492,702281,3,2,WSH,0,5,1,N,1
823957,2026-05-08,2026-05-09T02:10:00Z,UNIQLO Field at Dodger Stadium,R,ATL,LAD,144,119,Chris Sale,Emmet Sheehan,519242,686218,1,3,LAD,1,4,2,N,1
824116,2026-05-08,2026-05-08T23:40:00Z,Kauffman Stadium,R,DET,KC,116,118,Keider Montero,Kris Bubic,672456,663460,3,4,KC,1,7,1,N,1
824443,2026-05-08,2026-05-08T23:15:00Z,Progressive Field,R,MIN,CLE,142,114,Connor Prielipp,Parker Messick,687570,800048,4,6,CLE,1,10,2,N,1
824522,2026-05-08,2026-05-08T22:10:00Z,Great American Ball Park,R,HOU,CIN,117,113,Mike Burrows,Nick Lodolo,681347,666157,10,0,HOU,0,10,10,N,1
824607,2026-05-08,2026-05-08T23:40:00Z,Rate Field,R,SEA,CWS,136,145,Emerson Hancock,Sean Burke,676106,680732,12,8,SEA,0,20,4,N,1
824768,2026-05-08,2026-05-08T23:10:00Z,Fenway Park,R,TB,BOS,139,111,Jesse Scholtens,Connelly Early,669947,813349,0,2,BOS,1,2,2,N,1
824846,2026-05-08,2026-05-08T23:05:00Z,Oriole Park at Camden Yards,R,ATH,BAL,133,110,Jacob Lopez,Kyle Bradish,682052,680694,4,3,ATH,0,7,1,N,1
825088,2026-05-08,2026-05-09T01:40:00Z,Chase Field,R,NYM,AZ,121,109,Nolan McLean,Ryne Nelson,690997,669194,3,1,NYM,0,4,2,N,1
822820,2026-05-09,2026-05-09T19:07:00Z,Rogers Centre,R,LAA,TOR,108,141,Jack Kochanowicz,Trey Yesavage,686799,702056,1,14,TOR,1,15,13,N,1
822905,2026-05-09,2026-05-09T23:05:00Z,Globe Life Field,R,CHC,TEX,112,140,Edward Cabrera,Jack Leiter,665795,683004,0,6,TEX,1,6,6,N,1
823224,2026-05-09,2026-05-10T01:05:00Z,Oracle Park,R,PIT,SF,134,137,Braxton Ashcraft,Landen Roupp,677952,694738,13,3,PIT,0,16,10,N,1
823304,2026-05-09,2026-05-09T23:15:00Z,Petco Park,R,STL,SD,138,135,Dustin May,Randy Vásquez,669160,681190,2,4,SD,1,6,2,N,1
823468,2026-05-09,2026-05-09T22:05:00Z,Citizens Bank Park,R,COL,PHI,115,143,Kyle Freeland,Aaron Nola,607536,605400,3,9,PHI,1,12,6,N,1
823792,2026-05-09,2026-05-09T23:10:00Z,American Family Field,R,NYY,MIL,147,158,Cam Schlittler,Kyle Harrison,693645,690986,3,4,MIL,1,7,1,N,1
823869,2026-05-09,2026-05-09T20:10:00Z,loanDepot park,R,WSH,MIA,120,146,Richard Lovelady,Janson Junk,663992,676083,7,8,MIA,1,15,1,N,1
823955,2026-05-09,2026-05-10T01:10:00Z,UNIQLO Field at Dodger Stadium,R,ATL,LAD,144,119,Spencer Strider,Blake Snell,675911,605483,7,2,ATL,0,9,5,N,1
824115,2026-05-09,2026-05-09T23:10:00Z,Kauffman Stadium,R,DET,KC,116,118,Burch Smith,Michael Wacha,572143,608379,1,5,KC,1,6,4,N,1
824444,2026-05-09,2026-05-09T22:10:00Z,Progressive Field,R,MIN,CLE,142,114,Joe Ryan,Tanner Bibee,657746,676440,2,1,MIN,0,3,1,N,1
824523,2026-05-09,2026-05-09T20:10:00Z,Great American Ball Park,R,HOU,CIN,117,113,Spencer Arrighetti,Chase Burns,681293,695505,1,3,CIN,1,4,2,N,1
824606,2026-05-09,2026-05-09T23:10:00Z,Rate Field,R,SEA,CWS,136,145,Luis Castillo,Anthony Kay,622491,641743,1,6,CWS,1,7,5,N,1
824847,2026-05-09,2026-05-09T20:05:00Z,Oriole Park at Camden Yards,R,ATH,BAL,133,110,Aaron Civale,Shane Baz,650644,669358,6,2,ATH,0,8,4,N,1
825089,2026-05-09,2026-05-09T23:15:00Z,Chase Field,R,NYM,AZ,121,109,Clay Holmes,Merrill Kelly,605280,518876,1,2,AZ,1,3,1,N,1
822819,2026-05-10,2026-05-10T17:37:00Z,Rogers Centre,R,LAA,TOR,108,141,José Soriano,Spencer Miles,667755,693686,6,1,LAA,0,7,5,N,1
822902,2026-05-10,2026-05-10T18:35:00Z,Globe Life Field,R,CHC,TEX,112,140,Jameson Taillon,Jacob deGrom,592791,594798,0,3,TEX,1,3,3,N,1
823221,2026-05-10,2026-05-10T20:05:00Z,Oracle Park,R,PIT,SF,134,137,Bubba Chandler,Tyler Mahle,696149,641816,6,7,SF,1,13,1,N,1
823305,2026-05-10,2026-05-10T20:10:00Z,Petco Park,R,STL,SD,138,135,Kyle Leahy,Walker Buehler,681517,621111,2,3,SD,1,5,1,N,1
823463,2026-05-10,2026-05-10T17:35:00Z,Citizens Bank Park,R,COL,PHI,115,143,Tomoyuki Sugano,Cristopher Sánchez,608372,650911,0,6,PHI,1,6,6,N,1
823793,2026-05-10,2026-05-10T18:10:00Z,American Family Field,R,NYY,MIL,147,158,Carlos Rodón,Logan Henderson,607074,701656,3,4,MIL,1,7,1,N,1
823868,2026-05-10,2026-05-10T16:15:00Z,loanDepot park,R,WSH,MIA,120,146,Cade Cavalli,Sandy Alcantara,676917,645261,2,5,MIA,1,7,3,N,1
823954,2026-05-10,2026-05-10T20:10:00Z,UNIQLO Field at Dodger Stadium,R,ATL,LAD,144,119,Bryce Elder,Justin Wrobleski,693821,680736,7,2,ATL,0,9,5,N,1
824113,2026-05-10,2026-05-10T23:20:00Z,Kauffman Stadium,R,DET,KC,116,118,Brenan Hanifee,Noah Cameron,669724,702070,6,3,DET,0,9,3,N,1
824440,2026-05-10,2026-05-10T17:40:00Z,Progressive Field,R,MIN,CLE,142,114,Andrew Morris,Gavin Williams,702193,668909,5,4,MIN,0,9,1,N,1
824520,2026-05-10,2026-05-10T17:40:00Z,Great American Ball Park,R,HOU,CIN,117,113,Kai-Wei Teng,Andrew Abbott,678906,671096,0,5,CIN,1,5,5,N,1
824605,2026-05-10,2026-05-10T18:10:00Z,Rate Field,R,SEA,CWS,136,145,Logan Gilbert,Davis Martin,669302,663436,1,2,CWS,1,3,1,N,1
824765,2026-05-10,2026-05-10T17:35:00Z,Fenway Park,R,TB,BOS,139,111,Nick Martinez,Payton Tolle,607259,801139,4,1,TB,0,5,3,N,1
824845,2026-05-10,2026-05-10T17:35:00Z,Oriole Park at Camden Yards,R,ATH,BAL,133,110,Luis Severino,Keegan Akin,622663,669211,1,2,BAL,1,3,1,N,1
825085,2026-05-10,2026-05-10T20:10:00Z,Chase Field,R,NYM,AZ,121,109,Huascar Brazobán,Eduardo Rodriguez,623211,593958,1,5,AZ,1,6,4,N,1
822818,2026-05-11,2026-05-11T23:07:00Z,Rogers Centre,R,TB,TOR,139,141,Drew Rasmussen,Kevin Gausman,656876,592332,8,5,TB,0,13,3,N,1
822901,2026-05-11,2026-05-12T00:05:00Z,Globe Life Field,R,AZ,TEX,109,140,Michael Soroka,Jakob Junis,647336,596001,1,0,AZ,0,1,1,N,1
823953,2026-05-11,2026-05-12T02:10:00Z,UNIQLO Field at Dodger Stadium,R,SF,LAD,137,119,Trevor McDonald,Roki Sasaki,686790,808963,9,3,SF,0,12,6,N,1
824199,2026-05-11,2026-05-12T00:10:00Z,Daikin Park,R,SEA,HOU,136,117,George Kirby,Peter Lambert,669923,663567,3,1,SEA,0,4,2,N,1
824441,2026-05-11,2026-05-11T22:10:00Z,Progressive Field,R,LAA,CLE,108,114,Brent Suter,Joey Cantillo,608718,676282,2,7,CLE,1,9,5,N,1
824844,2026-05-11,2026-05-11T22:35:00Z,Oriole Park at Camden Yards,R,NYY,BAL,147,110,Ryan Weathers,Brandon Young,677960,687064,2,3,BAL,1,5,1,N,1
822817,2026-05-12,2026-05-12T23:07:00Z,Rogers Centre,R,TB,TOR,139,141,Shane McClanahan,Patrick Corbin,663556,571578,7,6,TB,0,13,1,N,1
822903,2026-05-12,2026-05-13T00:05:00Z,Globe Life Field,R,AZ,TEX,109,140,Zac Gallen,MacKenzie Gore,668678,669022,4,7,TEX,1,11,3,N,1
823385,2026-05-12,2026-05-12T22:40:00Z,PNC Park,R,COL,PIT,115,134,Michael Lorenzen,Paul Skenes,547179,694973,1,3,PIT,1,4,2,N,1
823632,2026-05-12,2026-05-12T23:10:00Z,Citi Field,R,DET,NYM,116,121,Jack Flaherty,Freddy Peralta,656427,642547,2,10,NYM,1,12,8,N,1
823712,2026-05-12,2026-05-12T23:40:00Z,Target Field,R,MIA,MIN,146,142,Eury Pérez,Bailey Ober,691587,641927,0,3,MIN,1,3,3,N,1
823790,2026-05-12,2026-05-12T23:40:00Z,American Family Field,R,SD,MIL,135,158,Bradgley Rodriguez,Brandon Sproat,699134,687075,4,6,MIL,1,10,2,N,1
823951,2026-05-12,2026-05-13T02:10:00Z,UNIQLO Field at Dodger Stadium,R,SF,LAD,137,119,Adrian Houser,Yoshinobu Yamamoto,605288,808967,6,2,SF,0,8,4,N,1
824197,2026-05-12,2026-05-13T00:10:00Z,Daikin Park,R,SEA,HOU,136,117,Bryan Woo,Tatsuya Imai,693433,837227,10,2,SEA,0,12,8,N,1
824442,2026-05-12,2026-05-12T22:10:00Z,Progressive Field,R,LAA,CLE,108,114,Walbert Ureña,Slade Cecconi,700712,677944,2,3,CLE,1,5,1,N,1
824521,2026-05-12,2026-05-12T22:40:00Z,Great American Ball Park,R,WSH,CIN,120,113,Miles Mikolas,Brady Singer,571945,663903,10,4,WSH,0,14,6,N,1
824604,2026-05-12,2026-05-12T23:40:00Z,Rate Field,R,KC,CWS,118,145,Stephen Kolek,Erick Fedde,663568,607200,5,6,CWS,1,11,1,N,1
824764,2026-05-12,2026-05-12T22:45:00Z,Fenway Park,R,PHI,BOS,143,111,Zack Wheeler,Jovani Morán,554430,663558,2,1,PHI,0,3,1,N,1
824843,2026-05-12,2026-05-12T22:35:00Z,Oriole Park at Camden Yards,R,NYY,BAL,147,110,Will Warren,Trevor Rogers,701542,669432,6,2,NYY,0,8,4,N,1
824927,2026-05-12,2026-05-12T23:15:00Z,Truist Park,R,CHC,ATL,112,144,Colin Rea,Grant Holmes,607067,656550,2,5,ATL,1,7,3,N,1
825011,2026-05-12,2026-05-13T01:40:00Z,Sutter Health Park,R,STL,ATH,138,133,Andre Pallante,Jeffrey Springs,669467,605488,6,4,STL,0,10,2,N,1
822815,2026-05-13,2026-05-13T23:07:00Z,Rogers Centre,R,TB,TOR,139,141,Griffin Jax,Dylan Cease,643377,656302,3,5,TOR,1,8,2,N,1
822900,2026-05-13,2026-05-14T00:05:00Z,Globe Life Field,R,AZ,TEX,109,140,Ryne Nelson,Kumar Rocker,669194,677958,5,6,TEX,1,11,1,N,1
823386,2026-05-13,2026-05-13T22:40:00Z,PNC Park,R,COL,PIT,115,134,Jose Quintana,Mitch Keller,500779,656605,10,4,COL,0,14,6,N,1
823631,2026-05-13,2026-05-13T23:10:00Z,Citi Field,R,DET,NYM,116,121,Framber Valdez,Christian Scott,664285,681035,2,3,NYM,1,5,1,N,1
823710,2026-05-13,2026-05-13T23:40:00Z,Target Field,R,MIA,MIN,146,142,Max Meyer,Simeon Woods Richardson,676974,680573,9,5,MIA,0,14,4,N,1
823791,2026-05-13,2026-05-13T23:40:00Z,American Family Field,R,SD,MIL,135,158,Michael King,Jacob Misiorowski,650633,694819,3,1,SD,0,4,2,N,1
823952,2026-05-13,2026-05-14T02:10:00Z,UNIQLO Field at Dodger Stadium,R,SF,LAD,137,119,Robbie Ray,Shohei Ohtani,592662,660271,0,4,LAD,1,4,4,N,1
824195,2026-05-13,2026-05-14T00:10:00Z,Daikin Park,R,SEA,HOU,136,117,Bryce Miller,Lance McCullers Jr.,682243,621121,3,4,HOU,1,7,1,N,1
824438,2026-05-13,2026-05-13T17:10:00Z,Progressive Field,R,LAA,CLE,108,114,Reid Detmers,Parker Messick,672282,800048,2,4,CLE,1,6,2,N,1
824519,2026-05-13,2026-05-13T22:40:00Z,Great American Ball Park,R,WSH,CIN,120,113,Jake Irvin,Nick Lodolo,663623,666157,8,7,WSH,0,15,1,N,1
824603,2026-05-13,2026-05-13T23:40:00Z,Rate Field,R,KC,CWS,118,145,Seth Lugo,Noah Schultz,607625,702273,5,6,CWS,1,11,1,N,1
824763,2026-05-13,2026-05-13T22:45:00Z,Fenway Park,R,PHI,BOS,143,111,Andrew Painter,Sonny Gray,691725,543243,1,3,BOS,1,4,2,N,1
824841,2026-05-13,2026-05-13T17:05:00Z,Oriole Park at Camden Yards,R,NYY,BAL,147,110,Max Fried,Kyle Bradish,608331,680694,0,7,BAL,1,7,7,N,1
824928,2026-05-13,2026-05-13T23:15:00Z,Truist Park,R,CHC,ATL,112,144,Shota Imanaga,JR Ritchie,684007,702275,1,4,ATL,1,5,3,N,1
825010,2026-05-13,2026-05-14T01:40:00Z,Sutter Health Park,R,STL,ATH,138,133,Matthew Liberatore,J.T. Ginn,669461,669372,2,6,ATH,1,8,4,N,1
823383,2026-05-14,2026-05-14T16:35:00Z,PNC Park,R,COL,PIT,115,134,Chase Dollander,Mason Montgomery,801403,682254,2,7,PIT,1,9,5,N,1
823630,2026-05-14,2026-05-14T17:10:00Z,Citi Field,R,DET,NYM,116,121,Keider Montero,Nolan McLean,672456,690997,4,9,NYM,1,13,5,N,1
823709,2026-05-14,2026-05-14T17:40:00Z,Target Field,R,MIA,MIN,146,142,Braxton Garrett,Zebby Matthews,666129,805673,1,9,MIN,1,10,8,N,1
823789,2026-05-14,2026-05-14T17:40:00Z,American Family Field,R,SD,MIL,135,158,Griffin Canning,Kyle Harrison,656288,690986,1,7,MIL,1,8,6,N,1
823950,2026-05-14,2026-05-15T02:10:00Z,UNIQLO Field at Dodger Stadium,R,SF,LAD,137,119,Landen Roupp,Emmet Sheehan,694738,686218,2,5,LAD,1,7,3,N,1
824196,2026-05-14,2026-05-14T18:10:00Z,Daikin Park,R,SEA,HOU,136,117,Luis Castillo,Mike Burrows,622491,681347,8,3,SEA,0,11,5,N,1
824517,2026-05-14,2026-05-14T16:40:00Z,Great American Ball Park,R,WSH,CIN,120,113,Foster Griffin,Chase Burns,656492,695505,1,15,CIN,1,16,14,N,1
824602,2026-05-14,2026-05-14T23:40:00Z,Rate Field,R,KC,CWS,118,145,Kris Bubic,Anthony Kay,663460,641743,2,6,CWS,1,8,4,N,1
824762,2026-05-14,2026-05-14T22:45:00Z,Fenway Park,R,PHI,BOS,143,111,Jesús Luzardo,Ranger Suarez,666200,624133,3,1,PHI,0,4,2,N,1
824926,2026-05-14,2026-05-14T23:15:00Z,Truist Park,R,CHC,ATL,112,144,Ben Brown,Chris Sale,676962,519242,2,0,CHC,0,2,2,N,1
825008,2026-05-14,2026-05-14T19:05:00Z,Sutter Health Park,R,STL,ATH,138,133,Michael McGreevy,Jacob Lopez,700241,682052,5,4,STL,0,9,1,N,1
822739,2026-05-15,2026-05-15T22:45:00Z,Nationals Park,R,BAL,WSH,110,120,Shane Baz,Zack Littell,669358,641793,2,3,WSH,1,5,1,N,1
822983,2026-05-15,2026-05-15T23:10:00Z,Tropicana Field,R,MIA,TB,146,139,Janson Junk,Ian Seymour,676083,693855,2,7,TB,1,9,5,N,1
823061,2026-05-15,2026-05-16T00:15:00Z,Busch Stadium,R,KC,STL,118,138,Michael Wacha,Dustin May,608379,669160,4,5,STL,1,9,1,N,1
823140,2026-05-15,2026-05-16T01:40:00Z,T-Mobile Park,R,SD,SEA,135,136,Randy Vásquez,Emerson Hancock,681190,676106,2,0,SD,0,2,2,N,1
823384,2026-05-15,2026-05-15T22:40:00Z,PNC Park,R,PHI,PIT,143,134,Aaron Nola,Braxton Ashcraft,605400,677952,11,9,PHI,0,20,2,N,1
823629,2026-05-15,2026-05-15T23:15:00Z,Citi Field,R,NYY,NYM,147,121,Cam Schlittler,Clay Holmes,693645,605280,5,2,NYY,0,7,3,N,1
823707,2026-05-15,2026-05-15T23:10:00Z,Target Field,R,MIL,MIN,158,142,Coleman Crow,Joe Ryan,689441,657746,3,2,MIL,0,5,1,N,1
824037,2026-05-15,2026-05-16T01:38:00Z,Angel Stadium,R,LAD,LAA,119,108,Will Klein,Jack Kochanowicz,694361,686799,6,0,LAD,0,6,6,N,1
824194,2026-05-15,2026-05-16T00:10:00Z,Daikin Park,R,TEX,HOU,140,117,Jack Leiter,Spencer Arrighetti,683004,681293,0,2,HOU,1,2,2,N,1
824280,2026-05-15,2026-05-15T22:45:00Z,Comerica Park,R,TOR,DET,141,116,Trey Yesavage,Brenan Hanifee,702056,669724,2,3,DET,1,5,1,N,1
824360,2026-05-15,2026-05-16T00:40:00Z,Coors Field,R,AZ,COL,109,115,Merrill Kelly,Kyle Freeland,518876,607536,9,1,AZ,0,10,8,N,1
824439,2026-05-15,2026-05-15T23:10:00Z,Progressive Field,R,CIN,CLE,113,114,Andrew Abbott,Tanner Bibee,671096,676440,7,6,CIN,0,13,1,N,1
824601,2026-05-15,2026-05-15T23:40:00Z,Rate Field,R,CHC,CWS,112,145,Edward Cabrera,Sean Burke,665795,680732,10,5,CHC,0,15,5,N,1
824925,2026-05-15,2026-05-15T23:15:00Z,Truist Park,R,BOS,ATL,111,144,Connelly Early,Spencer Strider,813349,675911,2,3,ATL,1,5,1,N,1
825009,2026-05-15,2026-05-16T01:40:00Z,Sutter Health Park,R,SF,ATH,137,133,Tyler Mahle,Aaron Civale,641816,650644,2,5,ATH,1,7,3,N,1
822737,2026-05-16,2026-05-16T20:05:00Z,Nationals Park,R,BAL,WSH,110,120,Chris Bassitt,Cade Cavalli,605135,676917,3,13,WSH,1,16,10,N,1
822981,2026-05-16,2026-05-16T20:10:00Z,Tropicana Field,R,MIA,TB,146,139,Sandy Alcantara,Nick Martinez,645261,607259,10,5,MIA,0,15,5,N,1
823060,2026-05-16,2026-05-16T18:15:00Z,Busch Stadium,R,KC,STL,118,138,Noah Cameron,Kyle Leahy,702070,681517,2,4,STL,1,6,2,N,1
823139,2026-05-16,2026-05-16T23:15:00Z,T-Mobile Park,R,SD,SEA,135,136,Walker Buehler,Logan Gilbert,621111,669302,7,4,SD,0,11,3,N,1
823382,2026-05-16,2026-05-16T20:05:00Z,PNC Park,R,PHI,PIT,143,134,Cristopher Sánchez,Bubba Chandler,650911,696149,6,0,PHI,0,6,6,N,1
823627,2026-05-16,2026-05-16T23:15:00Z,Citi Field,R,NYY,NYM,147,121,Carlos Rodón,Huascar Brazobán,607074,623211,3,6,NYM,1,9,3,N,1
823706,2026-05-16,2026-05-16T23:10:00Z,Target Field,R,MIL,MIN,158,142,Logan Henderson,Connor Prielipp,701656,687570,2,1,MIL,0,3,1,N,1
824038,2026-05-16,2026-05-17T01:38:00Z,Angel Stadium,R,LAD,LAA,119,108,Justin Wrobleski,José Soriano,680736,667755,15,2,LAD,0,17,13,N,1
824193,2026-05-16,2026-05-16T23:10:00Z,Daikin Park,R,TEX,HOU,140,117,Jacob deGrom,Kai-Wei Teng,594798,678906,1,4,HOU,1,5,3,N,1
824278,2026-05-16,2026-05-16T17:10:00Z,Comerica Park,R,TOR,DET,141,116,Mason Fluharty,Casey Mize,689254,663554,2,1,TOR,0,3,1,N,1
824359,2026-05-16,2026-05-16T19:10:00Z,Coors Field,R,AZ,COL,109,115,Eduardo Rodriguez,Tomoyuki Sugano,593958,608372,2,4,COL,1,6,2,N,1
824435,2026-05-16,2026-05-16T22:10:00Z,Progressive Field,R,CIN,CLE,113,114,Chris Paddack,Joey Cantillo,663978,676282,4,7,CLE,1,11,3,N,1
824600,2026-05-16,2026-05-16T23:10:00Z,Rate Field,R,CHC,CWS,112,145,Jameson Taillon,Davis Martin,592791,663436,3,8,CWS,1,11,5,N,1
824924,2026-05-16,2026-05-16T23:15:00Z,Truist Park,R,BOS,ATL,111,144,Payton Tolle,Bryce Elder,801139,693821,3,2,BOS,0,5,1,N,1
825007,2026-05-16,2026-05-17T01:40:00Z,Sutter Health Park,R,SF,ATH,137,133,Trevor McDonald,Luis Severino,686790,622663,6,4,SF,0,10,2,N,1
822738,2026-05-17,2026-05-17T17:35:00Z,Nationals Park,R,BAL,WSH,110,120,Brandon Young,Richard Lovelady,687064,663992,7,3,BAL,0,10,4,N,1
822982,2026-05-17,2026-05-17T16:15:00Z,Tropicana Field,R,MIA,TB,146,139,Eury Pérez,Drew Rasmussen,691587,656876,3,6,TB,1,9,3,N,1
823058,2026-05-17,2026-05-17T18:15:00Z,Busch Stadium,R,KC,STL,118,138,Stephen Kolek,Andre Pallante,663568,669467,2,0,KC,0,2,2,N,1
823138,2026-05-17,2026-05-17T23:20:00Z,T-Mobile Park,R,SD,SEA,135,136,Lucas Giolito,George Kirby,608337,669923,8,3,SD,0,11,5,N,1
823381,2026-05-17,2026-05-17T17:35:00Z,PNC Park,R,PHI,PIT,143,134,Zack Wheeler,Paul Skenes,554430,694973,6,0,PHI,0,6,6,N,1
823628,2026-05-17,2026-05-17T17:40:00Z,Citi Field,R,NYY,NYM,147,121,Elmer Rodríguez,Freddy Peralta,695684,642547,6,7,NYM,1,13,1,N,1
823708,2026-05-17,2026-05-17T18:10:00Z,Target Field,R,MIL,MIN,158,142,Robert Gasser,Bailey Ober,688107,641927,4,5,MIN,1,9,1,N,1
824034,2026-05-17,2026-05-17T20:07:00Z,Angel Stadium,R,LAD,LAA,119,108,Roki Sasaki,Grayson Rodriguez,808963,680570,10,1,LAD,0,11,9,N,1
824192,2026-05-17,2026-05-17T18:10:00Z,Daikin Park,R,TEX,HOU,140,117,Nathan Eovaldi,Peter Lambert,543135,663567,8,0,TEX,0,8,8,N,1
824279,2026-05-17,2026-05-17T17:40:00Z,Comerica Park,R,TOR,DET,141,116,Kevin Gausman,Jack Flaherty,592332,656427,4,1,TOR,0,5,3,N,1
824358,2026-05-17,2026-05-17T19:10:00Z,Coors Field,R,AZ,COL,109,115,Michael Soroka,Michael Lorenzen,647336,547179,8,6,AZ,0,14,2,N,1
824436,2026-05-17,2026-05-17T17:40:00Z,Progressive Field,R,CIN,CLE,113,114,Brady Singer,Gavin Williams,663903,668909,3,10,CLE,1,13,7,N,1
824599,2026-05-17,2026-05-17T18:10:00Z,Rate Field,R,CHC,CWS,112,145,Colin Rea,Erick Fedde,607067,607200,8,9,CWS,1,17,1,N,1
824923,2026-05-17,2026-05-17T17:35:00Z,Truist Park,R,BOS,ATL,111,144,Brayan Bello,Grant Holmes,678394,656550,1,8,ATL,1,9,7,N,1
825006,2026-05-17,2026-05-17T20:05:00Z,Sutter Health Park,R,SF,ATH,137,133,Adrian Houser,Jeffrey Springs,605288,605488,10,1,SF,0,11,9,N,1
822734,2026-05-18,2026-05-18T22:45:00Z,Nationals Park,R,NYM,WSH,121,120,Christian Scott,Jake Irvin,681035,663623,16,7,NYM,0,23,9,N,1
822980,2026-05-18,2026-05-18T22:40:00Z,Tropicana Field,R,BAL,TB,110,139,Trevor Rogers,Shane McClanahan,669432,663556,6,16,TB,1,22,10,N,1
823137,2026-05-18,2026-05-19T01:40:00Z,T-Mobile Park,R,CWS,SEA,145,136,Noah Schultz,Bryan Woo,702273,693433,1,6,SEA,1,7,5,N,1
823301,2026-05-18,2026-05-19T01:40:00Z,Petco Park,R,LAD,SD,119,135,Yoshinobu Yamamoto,Michael King,808967,650633,0,1,SD,1,1,1,N,1
823465,2026-05-18,2026-05-18T22:40:00Z,Citizens Bank Park,R,CIN,PHI,113,143,Nick Lodolo,Andrew Painter,666157,691725,4,5,PHI,1,9,1,N,1
823549,2026-05-18,2026-05-18T23:05:00Z,Yankee Stadium,R,TOR,NYY,141,147,Patrick Corbin,Ryan Weathers,571578,677960,6,7,NYY,1,13,1,N,1
823705,2026-05-18,2026-05-18T23:40:00Z,Target Field,R,HOU,MIN,117,142,Tatsuya Imai,Kendry Rojas,837227,696070,3,6,MIN,1,9,3,N,1
823867,2026-05-18,2026-05-18T22:40:00Z,loanDepot park,R,ATL,MIA,144,146,JR Ritchie,Max Meyer,702275,676974,0,12,MIA,1,12,12,N,1
824035,2026-05-18,2026-05-19T01:38:00Z,Angel Stadium,R,ATH,LAA,133,108,J.T. Ginn,Walbert Ureña,669372,700712,1,2,LAA,1,3,1,N,1
824114,2026-05-18,2026-05-18T23:10:00Z,Kauffman Stadium,R,BOS,KC,111,118,Sonny Gray,Seth Lugo,543243,607625,3,1,BOS,0,4,2,N,1
824277,2026-05-18,2026-05-18T22:40:00Z,Comerica Park,R,CLE,DET,114,116,Slade Cecconi,Framber Valdez,677944,664285,8,2,CLE,0,10,6,N,1
824357,2026-05-18,2026-05-19T00:40:00Z,Coors Field,R,TEX,COL,140,115,MacKenzie Gore,Jose Quintana,669022,500779,6,7,COL,1,13,1,N,1
824680,2026-05-18,2026-05-18T23:40:00Z,Wrigley Field,R,MIL,CHC,158,112,Brandon Sproat,Shota Imanaga,687075,684007,9,3,MIL,0,12,6,N,1
825087,2026-05-18,2026-05-19T01:40:00Z,Chase Field,R,SF,AZ,137,109,Robbie Ray,Zac Gallen,592662,668678,2,12,AZ,1,14,10,N,1
822736,2026-05-19,2026-05-19T22:45:00Z,Nationals Park,R,NYM,WSH,121,120,Nolan McLean,Foster Griffin,690997,656492,6,9,WSH,1,15,3,N,1
822979,2026-05-19,2026-05-19T22:40:00Z,Tropicana Field,R,BAL,TB,110,139,Kyle Bradish,Griffin Jax,680694,643377,1,4,TB,1,5,3,N,1
823059,2026-05-19,2026-05-19T23:45:00Z,Busch Stadium,R,PIT,STL,134,138,Mitch Keller,Matthew Liberatore,656605,669461,6,9,STL,1,15,3,N,1
823136,2026-05-19,2026-05-20T01:40:00Z,T-Mobile Park,R,CWS,SEA,145,136,Anthony Kay,Bryce Miller,641743,682243,2,1,CWS,0,3,1,N,1
823302,2026-05-19,2026-05-20T01:40:00Z,Petco Park,R,LAD,SD,119,135,Emmet Sheehan,Griffin Canning,686218,656288,5,4,LAD,0,9,1,N,1
823464,2026-05-19,2026-05-19T22:40:00Z,Citizens Bank Park,R,CIN,PHI,113,143,Chase Burns,Jesús Luzardo,695505,666200,4,1,CIN,0,5,3,N,1
823548,2026-05-19,2026-05-19T23:05:00Z,Yankee Stadium,R,TOR,NYY,141,147,Dylan Cease,Will Warren,656302,701542,4,5,NYY,1,9,1,N,1
823704,2026-05-19,2026-05-19T23:40:00Z,Target Field,R,HOU,MIN,117,142,Jason Alexander,Zebby Matthews,669920,805673,2,1,HOU,0,3,1,N,1
823865,2026-05-19,2026-05-19T20:10:00Z,loanDepot park,R,ATL,MIA,144,146,Martín Pérez,Braxton Garrett,527048,666129,8,4,ATL,0,12,4,N,1
824033,2026-05-19,2026-05-20T01:38:00Z,Angel Stadium,R,ATH,LAA,133,108,Jacob Lopez,Reid Detmers,682052,672282,14,6,ATH,0,20,8,N,1
824112,2026-05-19,2026-05-19T23:40:00Z,Kauffman Stadium,R,BOS,KC,111,118,Ranger Suarez,Bailey Falter,624133,663559,7,1,BOS,0,8,6,N,1
824276,2026-05-19,2026-05-19T22:40:00Z,Comerica Park,R,CLE,DET,114,116,Parker Messick,Keider Montero,800048,672456,4,3,CLE,0,7,1,N,1
824356,2026-05-19,2026-05-20T00:40:00Z,Coors Field,R,TEX,COL,140,115,Tyler Alexander,Sammy Peralta,641302,671111,10,0,TEX,0,10,10,N,1
824677,2026-05-19,2026-05-19T23:40:00Z,Wrigley Field,R,MIL,CHC,158,112,Jacob Misiorowski,Ben Brown,694819,676962,5,2,MIL,0,7,3,N,1
825086,2026-05-19,2026-05-20T01:40:00Z,Chase Field,R,SF,AZ,137,109,Landen Roupp,Ryne Nelson,694738,669194,3,5,AZ,1,8,2,N,1
822735,2026-05-20,2026-05-20T22:45:00Z,Nationals Park,R,NYM,WSH,121,120,Zac Thornton,Zack Littell,804267,641793,4,8,WSH,1,12,4,N,1
822977,2026-05-20,2026-05-20T17:10:00Z,Tropicana Field,R,BAL,TB,110,139,Shane Baz,Steven Matz,669358,571927,3,5,TB,1,8,2,N,1
823057,2026-05-20,2026-05-20T23:45:00Z,Busch Stadium,R,PIT,STL,134,138,Carmen Mlodzinski,Michael McGreevy,669387,700241,7,0,PIT,0,7,7,N,1
823134,2026-05-20,2026-05-20T20:10:00Z,T-Mobile Park,R,CWS,SEA,145,136,Sean Burke,Emerson Hancock,680732,676106,4,5,SEA,1,9,1,N,1
823299,2026-05-20,2026-05-21T00:40:00Z,Petco Park,R,LAD,SD,119,135,Shohei Ohtani,Randy Vásquez,660271,681190,4,0,LAD,0,4,4,N,1
823462,2026-05-20,2026-05-20T17:05:00Z,Citizens Bank Park,R,CIN,PHI,113,143,Andrew Abbott,Aaron Nola,671096,605400,9,4,CIN,0,13,5,N,1
823547,2026-05-20,2026-05-20T23:05:00Z,Yankee Stadium,R,TOR,NYY,141,147,Trey Yesavage,Cam Schlittler,702056,693645,2,1,TOR,0,3,1,N,1
823703,2026-05-20,2026-05-20T17:40:00Z,Target Field,R,HOU,MIN,117,142,Mike Burrows,Joe Ryan,681347,657746,1,4,MIN,1,5,3,N,1
823866,2026-05-20,2026-05-20T22:40:00Z,loanDepot park,R,ATL,MIA,144,146,Chris Sale,Janson Junk,519242,676083,9,1,ATL,0,10,8,N,1
824032,2026-05-20,2026-05-21T01:38:00Z,Angel Stadium,R,ATH,LAA,133,108,Aaron Civale,Jack Kochanowicz,650644,686799,6,5,ATH,0,11,1,N,1
824111,2026-05-20,2026-05-20T23:40:00Z,Kauffman Stadium,R,BOS,KC,111,118,Connelly Early,Michael Wacha,813349,608379,4,3,BOS,0,7,1,N,1
824273,2026-05-20,2026-05-20T22:40:00Z,Comerica Park,R,CLE,DET,114,116,Tanner Bibee,,676440,,3,2,CLE,0,5,1,N,1
824355,2026-05-20,2026-05-20T19:10:00Z,Coors Field,R,TEX,COL,140,115,Jack Leiter,Kyle Freeland,683004,607536,5,4,TEX,0,9,1,N,1
824678,2026-05-20,2026-05-20T23:40:00Z,Wrigley Field,R,MIL,CHC,158,112,Kyle Harrison,Edward Cabrera,690986,665795,5,0,MIL,0,5,5,N,1
825084,2026-05-20,2026-05-20T19:40:00Z,Chase Field,R,SF,AZ,137,109,Tyler Mahle,Merrill Kelly,641816,518876,3,6,AZ,1,9,3,N,1
822733,2026-05-21,2026-05-21T20:05:00Z,Nationals Park,R,NYM,WSH,121,120,David Peterson,Cade Cavalli,656849,676917,2,1,NYM,0,3,1,N,1
823056,2026-05-21,2026-05-21T17:15:00Z,Busch Stadium,R,PIT,STL,134,138,Braxton Ashcraft,Dustin May,677952,669160,6,2,PIT,0,8,4,N,1
823545,2026-05-21,2026-05-21T23:05:00Z,Yankee Stadium,R,TOR,NYY,141,147,Braydon Fisher,Carlos Rodón,680755,607074,2,0,TOR,0,2,2,N,1
823864,2026-05-21,2026-05-21T22:40:00Z,loanDepot park,R,ATL,MIA,144,146,Spencer Strider,Sandy Alcantara,675911,645261,9,3,ATL,0,12,6,N,1
824031,2026-05-21,2026-05-22T01:38:00Z,Angel Stadium,R,ATH,LAA,133,108,Luis Severino,José Soriano,622663,667755,3,2,ATH,0,5,1,N,1
824274,2026-05-21,2026-05-21T17:10:00Z,Comerica Park,R,CLE,DET,114,116,Joey Cantillo,Casey Mize,676282,663554,3,1,CLE,0,4,2,N,1
825083,2026-05-21,2026-05-22T01:40:00Z,Chase Field,R,COL,AZ,115,109,Zach Agnos,Eduardo Rodriguez,688642,593958,1,2,AZ,1,3,1,N,1
822816,2026-05-22,2026-05-22T23:07:00Z,Rogers Centre,R,PIT,TOR,134,141,Bubba Chandler,Kevin Gausman,696149,592332,2,6,TOR,1,8,4,N,1
823223,2026-05-22,2026-05-23T02:15:00Z,Oracle Park,R,CWS,SF,145,137,Davis Martin,Trevor McDonald,663436,686790,9,4,CWS,0,13,5,N,1
823298,2026-05-22,2026-05-23T01:40:00Z,Petco Park,R,ATH,SD,133,135,Jeffrey Springs,Walker Buehler,605488,621111,3,7,SD,1,10,4,N,1
823461,2026-05-22,2026-05-22T22:40:00Z,Citizens Bank Park,R,CLE,PHI,114,143,Gavin Williams,Cristopher Sánchez,668909,650911,1,0,CLE,0,1,1,N,1
823546,2026-05-22,2026-05-22T23:05:00Z,Yankee Stadium,R,TB,NYY,139,147,Nick Martinez,Gerrit Cole,607259,543037,4,2,TB,0,6,2,N,1
823788,2026-05-22,2026-05-22T23:40:00Z,American Family Field,R,LAD,MIL,119,158,Justin Wrobleski,Logan Henderson,680736,701656,1,5,MIL,1,6,4,N,1
823863,2026-05-22,2026-05-22T23:10:00Z,loanDepot park,R,NYM,MIA,121,146,Tobias Myers,Eury Pérez,668964,691587,1,2,MIA,1,3,1,N,1
824029,2026-05-22,2026-05-23T01:38:00Z,Angel Stadium,R,TEX,LAA,140,108,Jacob deGrom,Grayson Rodriguez,594798,680570,6,9,LAA,1,15,3,N,1
824110,2026-05-22,2026-05-22T23:40:00Z,Kauffman Stadium,R,SEA,KC,136,118,Logan Gilbert,Noah Cameron,669302,702070,2,0,SEA,0,2,2,N,1
824679,2026-05-22,2026-05-22T18:20:00Z,Wrigley Field,R,HOU,CHC,117,112,Spencer Arrighetti,Jameson Taillon,681293,592791,4,2,HOU,0,6,2,N,1
824761,2026-05-22,2026-05-22T23:10:00Z,Fenway Park,R,MIN,BOS,142,111,Connor Prielipp,Payton Tolle,687570,801139,8,6,MIN,0,14,2,N,1
824842,2026-05-22,2026-05-22T23:15:00Z,Oriole Park at Camden Yards,R,DET,BAL,116,110,Jack Flaherty,Keegan Akin,656427,669211,4,7,BAL,1,11,3,N,1
824922,2026-05-22,2026-05-22T23:15:00Z,Truist Park,R,WSH,ATL,120,144,Richard Lovelady,Bryce Elder,663992,693821,4,5,ATL,1,9,1,N,1
825082,2026-05-22,2026-05-23T01:40:00Z,Chase Field,R,COL,AZ,115,109,Tomoyuki Sugano,Michael Soroka,608372,647336,3,2,COL,0,5,1,N,1
822814,2026-05-23,2026-05-23T19:07:00Z,Rogers Centre,R,PIT,TOR,134,141,Paul Skenes,Patrick Corbin,694973,571578,2,5,TOR,1,7,3,N,1
823222,2026-05-23,2026-05-23T20:05:00Z,Oracle Park,R,CWS,SF,145,137,Bryan Hudson,Adrian Houser,663542,605288,3,10,SF,1,13,7,N,1
823300,2026-05-23,2026-05-24T01:40:00Z,Petco Park,R,ATH,SD,133,135,J.T. Ginn,Lucas Giolito,669372,608337,0,2,SD,1,2,2,N,1
823458,2026-05-23,2026-05-23T20:05:00Z,Citizens Bank Park,R,CLE,PHI,114,143,Slade Cecconi,Zack Wheeler,677944,554430,0,3,PHI,1,3,3,N,1
823787,2026-05-23,2026-05-23T23:15:00Z,American Family Field,R,LAD,MIL,119,158,Roki Sasaki,Robert Gasser,808963,688107,11,3,LAD,0,14,8,N,1
823862,2026-05-23,2026-05-23T20:10:00Z,loanDepot park,R,NYM,MIA,121,146,Freddy Peralta,Max Meyer,642547,676974,1,4,MIA,1,5,3,N,1
824030,2026-05-23,2026-05-24T02:05:00Z,Angel Stadium,R,TEX,LAA,140,108,Nathan Eovaldi,Walbert Ureña,543135,700712,2,5,LAA,1,7,3,N,1
824109,2026-05-23,2026-05-23T20:10:00Z,Kauffman Stadium,R,SEA,KC,136,118,George Kirby,Stephen Kolek,669923,663568,0,5,KC,1,5,5,N,1
824516,2026-05-23,2026-05-23T23:15:00Z,Great American Ball Park,R,STL,CIN,138,113,Kyle Leahy,Chase Petty,681517,695534,6,7,CIN,1,13,1,S,2
824518,2026-05-23,2026-05-23T17:10:00Z,Great American Ball Park,R,STL,CIN,138,113,Andre Pallante,Chris Paddack,669467,663978,8,1,STL,0,9,7,S,1
824674,2026-05-23,2026-05-23T18:20:00Z,Wrigley Field,R,HOU,CHC,117,112,Kai-Wei Teng,Colin Rea,678906,607067,3,0,HOU,0,3,3,N,1
824760,2026-05-23,2026-05-23T20:10:00Z,Fenway Park,R,MIN,BOS,142,111,Taj Bradley,Jovani Morán,671737,663558,4,2,MIN,0,6,2,N,1
824920,2026-05-23,2026-05-23T20:10:00Z,Truist Park,R,WSH,ATL,120,144,Jake Irvin,Grant Holmes,663623,656550,2,0,WSH,0,2,2,N,1
825080,2026-05-23,2026-05-24T02:10:00Z,Chase Field,R,COL,AZ,115,109,Michael Lorenzen,Zac Gallen,547179,668678,4,5,AZ,1,9,1,N,1
822813,2026-05-24,2026-05-24T16:15:00Z,Rogers Centre,R,PIT,TOR,134,141,Mitch Keller,Dylan Cease,656605,656302,4,1,PIT,0,5,3,N,1
823220,2026-05-24,2026-05-24T20:05:00Z,Oracle Park,R,CWS,SF,145,137,Noah Schultz,Robbie Ray,702273,592662,5,8,SF,1,13,3,N,1
823297,2026-05-24,2026-05-24T20:10:00Z,Petco Park,R,ATH,SD,133,135,Luis Medina,Michael King,665622,650633,5,2,ATH,0,7,3,N,1
823459,2026-05-24,2026-05-24T17:35:00Z,Citizens Bank Park,R,CLE,PHI,114,143,Parker Messick,Andrew Painter,800048,691725,3,1,CLE,0,4,2,N,1
823544,2026-05-24,2026-05-24T17:35:00Z,Yankee Stadium,R,TB,NYY,139,147,Drew Rasmussen,Ryan Weathers,656876,677960,0,2,NYY,1,2,2,N,1
823786,2026-05-24,2026-05-24T18:10:00Z,American Family Field,R,LAD,MIL,119,158,Yoshinobu Yamamoto,Brandon Sproat,808967,687075,5,1,LAD,0,6,4,N,1
823861,2026-05-24,2026-05-24T17:40:00Z,loanDepot park,R,NYM,MIA,121,146,Christian Scott,Tyler Phillips,681035,663969,0,4,MIA,1,4,4,N,1
824028,2026-05-24,2026-05-24T23:20:00Z,Angel Stadium,R,TEX,LAA,140,108,MacKenzie Gore,Reid Detmers,669022,672282,1,2,LAA,1,3,1,N,1
824108,2026-05-24,2026-05-24T18:10:00Z,Kauffman Stadium,R,SEA,KC,136,118,Bryan Woo,Seth Lugo,693433,607625,6,8,KC,1,14,2,N,1
824676,2026-05-24,2026-05-24T18:20:00Z,Wrigley Field,R,HOU,CHC,117,112,Peter Lambert,Shota Imanaga,663567,684007,8,5,HOU,0,13,3,N,1
824759,2026-05-24,2026-05-24T17:35:00Z,Fenway Park,R,MIN,BOS,142,111,Bailey Ober,Sonny Gray,641927,543243,6,5,MIN,0,11,1,N,1
824839,2026-05-24,2026-05-24T16:35:00Z,Oriole Park at Camden Yards,R,DET,BAL,116,110,Framber Valdez,Brandon Young,664285,687064,3,5,BAL,1,8,2,S,1
824840,2026-05-24,2026-05-24T22:05:00Z,Oriole Park at Camden Yards,R,DET,BAL,116,110,Troy Melton,Trevor Rogers,675512,669432,4,1,DET,0,5,3,S,2
824921,2026-05-24,2026-05-24T20:10:00Z,Truist Park,R,WSH,ATL,120,144,Foster Griffin,Martín Pérez,656492,527048,2,1,WSH,0,3,1,N,1
825081,2026-05-24,2026-05-24T20:10:00Z,Chase Field,R,COL,AZ,115,109,Jose Quintana,Ryne Nelson,500779,669194,1,9,AZ,1,10,8,N,1
822812,2026-05-25,2026-05-25T23:07:00Z,Rogers Centre,R,MIA,TOR,146,141,Janson Junk,Trey Yesavage,676083,702056,8,2,MIA,0,10,6,N,1
822899,2026-05-25,2026-05-25T23:05:00Z,Globe Life Field,R,HOU,TEX,117,140,Tatsuya Imai,Kumar Rocker,837227,677958,9,0,HOU,0,9,9,N,1
823219,2026-05-25,2026-05-25T21:05:00Z,Oracle Park,R,AZ,SF,109,137,Merrill Kelly,Landen Roupp,518876,694738,6,2,AZ,0,8,4,N,1
823296,2026-05-25,2026-05-25T22:40:00Z,Petco Park,R,PHI,SD,143,135,Jesús Luzardo,Griffin Canning,666200,656288,3,0,PHI,0,3,3,N,1
823380,2026-05-25,2026-05-25T17:35:00Z,PNC Park,R,CHC,PIT,112,134,Ben Brown,Carmen Mlodzinski,676962,669387,1,2,PIT,1,3,1,N,1
823625,2026-05-25,2026-05-25T20:10:00Z,Citi Field,R,CIN,NYM,113,121,Nick Lodolo,Nolan McLean,666157,690997,7,2,CIN,0,9,5,N,1
823784,2026-05-25,2026-05-25T18:10:00Z,American Family Field,R,STL,MIL,138,158,Matthew Liberatore,Jacob Misiorowski,669461,694819,1,5,MIL,1,6,4,N,1
823948,2026-05-25,2026-05-26T01:10:00Z,UNIQLO Field at Dodger Stadium,R,COL,LAD,115,119,Tanner Gordon,Emmet Sheehan,685299,686218,3,5,LAD,1,8,2,N,1
824107,2026-05-25,2026-05-25T19:40:00Z,Kauffman Stadium,R,NYY,KC,147,118,Will Warren,Michael Wacha,701542,608379,4,3,NYY,0,7,1,N,1
824437,2026-05-25,2026-05-25T22:10:00Z,Progressive Field,R,WSH,CLE,120,114,PJ Poulin,Tanner Bibee,676571,676440,10,2,WSH,0,12,8,N,1
824598,2026-05-25,2026-05-25T18:10:00Z,Rate Field,R,MIN,CWS,142,145,Zebby Matthews,Anthony Kay,805673,641743,1,3,CWS,1,4,2,N,1
824838,2026-05-25,2026-05-25T17:35:00Z,Oriole Park at Camden Yards,R,TB,BAL,139,110,Shane McClanahan,Kyle Bradish,663556,680694,7,9,BAL,1,16,2,N,1
825005,2026-05-25,2026-05-26T01:40:00Z,Sutter Health Park,R,SEA,ATH,136,133,Luis Castillo,Aaron Civale,622491,650644,9,2,SEA,0,11,7,N,1
822811,2026-05-26,2026-05-26T23:07:00Z,Rogers Centre,R,MIA,TOR,146,141,Sandy Alcantara,Braydon Fisher,645261,680755,1,8,TOR,1,9,7,N,1
822898,2026-05-26,2026-05-27T00:05:00Z,Globe Life Field,R,HOU,TEX,117,140,Jason Alexander,Jack Leiter,669920,683004,7,10,TEX,1,17,3,N,1
823216,2026-05-26,2026-05-27T01:45:00Z,Oracle Park,R,AZ,SF,109,137,Eduardo Rodriguez,Tyler Mahle,593958,641816,7,5,AZ,0,12,2,N,1
823294,2026-05-26,2026-05-27T01:40:00Z,Petco Park,R,PHI,SD,143,135,Aaron Nola,Randy Vásquez,605400,681190,4,3,PHI,0,7,1,N,1
823379,2026-05-26,2026-05-26T22:40:00Z,PNC Park,R,CHC,PIT,112,134,Jordan Wicks,Mitch Keller,696136,656605,1,12,PIT,1,13,11,N,1
823624,2026-05-26,2026-05-26T23:10:00Z,Citi Field,R,CIN,NYM,113,121,Chase Burns,David Peterson,695505,656849,7,2,CIN,0,9,5,N,1
823785,2026-05-26,2026-05-26T23:40:00Z,American Family Field,R,STL,MIL,138,158,Michael McGreevy,Kyle Harrison,700241,690986,0,6,MIL,1,6,6,N,1
823949,2026-05-26,2026-05-27T02:10:00Z,UNIQLO Field at Dodger Stadium,R,COL,LAD,115,119,Kyle Freeland,Eric Lauer,607536,641778,6,15,LAD,1,21,9,N,1
824106,2026-05-26,2026-05-26T23:40:00Z,Kauffman Stadium,R,NYY,KC,147,118,Cam Schlittler,Bailey Falter,693645,663559,15,1,NYY,0,16,14,N,1
824275,2026-05-26,2026-05-26T22:40:00Z,Comerica Park,R,LAA,DET,108,116,Jack Kochanowicz,Keider Montero,686799,672456,10,6,LAA,0,16,4,N,1
824434,2026-05-26,2026-05-26T22:10:00Z,Progressive Field,R,WSH,CLE,120,114,Cade Cavalli,Joey Cantillo,676917,676282,6,3,WSH,0,9,3,N,1
824597,2026-05-26,2026-05-26T23:40:00Z,Rate Field,R,MIN,CWS,142,145,Joe Ryan,Sean Burke,657746,680732,5,3,MIN,0,8,2,N,1
824758,2026-05-26,2026-05-26T22:45:00Z,Fenway Park,R,ATL,BOS,144,111,Spencer Strider,Ranger Suarez,675911,624133,7,6,ATL,0,13,1,N,1
824837,2026-05-26,2026-05-26T22:35:00Z,Oriole Park at Camden Yards,R,TB,BAL,139,110,Griffin Jax,Shane Baz,643377,669358,1,6,BAL,1,7,5,N,1
825004,2026-05-26,2026-05-27T01:40:00Z,Sutter Health Park,R,SEA,ATH,136,133,Emerson Hancock,Gage Jump,676106,695611,4,1,SEA,0,5,3,N,1
822809,2026-05-27,2026-05-27T17:07:00Z,Rogers Centre,R,MIA,TOR,146,141,Eury Pérez,Kevin Gausman,691587,592332,1,2,TOR,1,3,1,N,1
822897,2026-05-27,2026-05-28T00:05:00Z,Globe Life Field,R,HOU,TEX,117,140,Mike Burrows,Jacob deGrom,681347,594798,4,3,HOU,0,7,1,N,1
823217,2026-05-27,2026-05-27T19:45:00Z,Oracle Park,R,AZ,SF,109,137,Michael Soroka,Trevor McDonald,647336,686790,3,2,AZ,0,5,1,N,1
823295,2026-05-27,2026-05-27T20:10:00Z,Petco Park,R,PHI,SD,143,135,Cristopher Sánchez,Walker Buehler,650911,621111,3,0,PHI,0,3,3,N,1
823376,2026-05-27,2026-05-27T22:40:00Z,PNC Park,R,CHC,PIT,112,134,Jameson Taillon,Braxton Ashcraft,592791,677952,10,4,CHC,0,14,6,N,1
823626,2026-05-27,2026-05-27T23:10:00Z,Citi Field,R,CIN,NYM,113,121,Andrew Abbott,Huascar Brazobán,671096,623211,2,4,NYM,1,6,2,N,1
823783,2026-05-27,2026-05-27T17:40:00Z,American Family Field,R,STL,MIL,138,158,Dustin May,Chad Patrick,669160,694477,1,2,MIL,1,3,1,N,1
823947,2026-05-27,2026-05-28T02:10:00Z,UNIQLO Field at Dodger Stadium,R,COL,LAD,115,119,Tomoyuki Sugano,Shohei Ohtani,608372,660271,1,4,LAD,1,5,3,N,1
824104,2026-05-27,2026-05-27T23:40:00Z,Kauffman Stadium,R,NYY,KC,147,118,Gerrit Cole,Noah Cameron,543037,702070,7,0,NYY,0,7,7,N,1
824270,2026-05-27,2026-05-27T22:40:00Z,Comerica Park,R,LAA,DET,108,116,José Soriano,Casey Mize,667755,663554,0,4,DET,1,4,4,N,1
824432,2026-05-27,2026-05-27T17:10:00Z,Progressive Field,R,WSH,CLE,120,114,PJ Poulin,Gavin Williams,676571,668909,2,3,CLE,1,5,1,N,1
824596,2026-05-27,2026-05-27T23:40:00Z,Rate Field,R,MIN,CWS,142,145,Connor Prielipp,David Sandlin,687570,689818,2,15,CWS,1,17,13,N,1
824756,2026-05-27,2026-05-27T22:45:00Z,Fenway Park,R,ATL,BOS,144,111,Bryce Elder,Connelly Early,693821,813349,0,8,BOS,1,8,8,N,1
824836,2026-05-27,2026-05-27T22:35:00Z,Oriole Park at Camden Yards,R,TB,BAL,139,110,Steven Matz,Trey Gibson,571927,694346,2,11,BAL,1,13,9,N,1
825003,2026-05-27,2026-05-27T19:05:00Z,Sutter Health Park,R,SEA,ATH,136,133,Logan Gilbert,Jeffrey Springs,669302,605488,9,1,SEA,0,10,8,N,1
822896,2026-05-28,2026-05-29T00:05:00Z,Globe Life Field,R,HOU,TEX,117,140,Spencer Arrighetti,Nathan Eovaldi,681293,543135,5,1,HOU,0,6,4,N,1
823378,2026-05-28,2026-05-28T22:40:00Z,PNC Park,R,CHC,PIT,112,134,Colin Rea,Paul Skenes,607067,694973,7,2,CHC,0,9,5,N,1
824272,2026-05-28,2026-05-28T17:10:00Z,Comerica Park,R,LAA,DET,108,116,Grayson Rodriguez,Jack Flaherty,680570,656427,7,1,LAA,0,8,6,N,1
824595,2026-05-28,2026-05-28T18:10:00Z,Rate Field,R,MIN,CWS,142,145,Simeon Woods Richardson,Davis Martin,680573,663436,2,6,CWS,1,8,4,N,1
824757,2026-05-28,2026-05-28T20:10:00Z,Fenway Park,R,ATL,BOS,144,111,Chris Sale,Payton Tolle,519242,801139,10,2,ATL,0,12,8,N,1
824834,2026-05-28,2026-05-28T22:35:00Z,Oriole Park at Camden Yards,R,TOR,BAL,141,110,Patrick Corbin,Chris Bassitt,571578,605135,2,1,TOR,0,3,1,N,1
822732,2026-05-29,2026-05-29T22:45:00Z,Nationals Park,R,SD,WSH,135,120,Lucas Giolito,Paxton Schultz,608337,687606,7,5,SD,0,12,2,N,1
822894,2026-05-29,2026-05-30T00:05:00Z,Globe Life Field,R,KC,TEX,118,140,Stephen Kolek,MacKenzie Gore,663568,669022,1,9,TEX,1,10,8,N,1
822978,2026-05-29,2026-05-29T23:10:00Z,Tropicana Field,R,LAA,TB,108,139,Walbert Ureña,Nick Martinez,700712,607259,5,8,TB,1,13,3,N,1
823055,2026-05-29,2026-05-29T23:15:00Z,Busch Stadium,R,CHC,STL,112,138,Shota Imanaga,Andre Pallante,684007,669467,5,6,STL,1,11,1,N,1
823135,2026-05-29,2026-05-30T02:10:00Z,T-Mobile Park,R,AZ,SEA,109,136,Zac Gallen,George Kirby,668678,669923,6,7,SEA,1,13,1,N,1
823377,2026-05-29,2026-05-29T22:45:00Z,PNC Park,R,MIN,PIT,142,134,Taj Bradley,Jared Jones,671737,683003,5,6,PIT,1,11,1,N,1
823623,2026-05-29,2026-05-29T23:10:00Z,Citi Field,R,MIA,NYM,146,121,Max Meyer,Freddy Peralta,676974,642547,7,9,NYM,1,16,2,N,1
823946,2026-05-29,2026-05-30T02:15:00Z,UNIQLO Field at Dodger Stadium,R,PHI,LAD,143,119,Zack Wheeler,Justin Wrobleski,554430,680736,2,4,LAD,1,6,2,N,1
824191,2026-05-29,2026-05-30T00:10:00Z,Daikin Park,R,MIL,HOU,158,117,Coleman Crow,Kai-Wei Teng,689441,678906,5,4,MIL,0,9,1,N,1
824353,2026-05-29,2026-05-30T00:40:00Z,Coors Field,R,SF,COL,137,115,Logan Webb,Michael Lorenzen,657277,547179,6,8,COL,1,14,2,N,1
824433,2026-05-29,2026-05-29T23:10:00Z,Progressive Field,R,BOS,CLE,111,114,Tyler Samaniego,Slade Cecconi,701719,677944,3,4,CLE,1,7,1,N,1
824515,2026-05-29,2026-05-29T22:40:00Z,Great American Ball Park,R,ATL,CIN,144,113,Grant Holmes,Chris Paddack,656550,663978,8,3,ATL,0,11,5,N,1
824594,2026-05-29,2026-05-29T23:40:00Z,Rate Field,R,DET,CWS,116,145,Troy Melton,Erick Fedde,675512,607200,3,4,CWS,1,7,1,N,1
824835,2026-05-29,2026-05-29T23:05:00Z,Oriole Park at Camden Yards,R,TOR,BAL,141,110,Adam Macko,Trevor Rogers,671936,669432,6,5,TOR,0,11,1,N,1
825002,2026-05-29,2026-05-30T01:40:00Z,Sutter Health Park,R,NYY,ATH,147,133,Carlos Rodón,Luis Severino,607074,622663,8,2,NYY,0,10,6,N,1
822731,2026-05-30,2026-05-30T20:05:00Z,Nationals Park,R,SD,WSH,135,120,Michael King,Foster Griffin,650633,656492,4,9,WSH,1,13,5,N,1
822893,2026-05-30,2026-05-30T20:05:00Z,Globe Life Field,R,KC,TEX,118,140,Seth Lugo,Kumar Rocker,607625,677958,6,7,TEX,1,13,1,N,1
822975,2026-05-30,2026-05-30T20:10:00Z,Tropicana Field,R,LAA,TB,108,139,Reid Detmers,Drew Rasmussen,672282,656876,14,3,LAA,0,17,11,N,1
823054,2026-05-30,2026-05-30T23:15:00Z,Busch Stadium,R,CHC,STL,112,138,Ben Brown,Kyle Leahy,676962,681517,6,1,CHC,0,7,5,N,1
823132,2026-05-30,2026-05-31T02:10:00Z,T-Mobile Park,R,AZ,SEA,109,136,Ryne Nelson,Bryan Woo,669194,693433,1,5,SEA,1,6,4,N,1
823375,2026-05-30,2026-05-30T20:05:00Z,PNC Park,R,MIN,PIT,142,134,Bailey Ober,Mitch Keller,641927,656605,9,10,PIT,1,19,1,N,1
823622,2026-05-30,2026-05-30T20:10:00Z,Citi Field,R,MIA,NYM,146,121,Tyler Phillips,Christian Scott,663969,681035,1,6,NYM,1,7,5,N,1
823945,2026-05-30,2026-05-31T02:10:00Z,UNIQLO Field at Dodger Stadium,R,PHI,LAD,143,119,Jesús Luzardo,Roki Sasaki,666200,808963,4,3,PHI,0,7,1,N,1
824190,2026-05-30,2026-05-30T20:10:00Z,Daikin Park,R,MIL,HOU,158,117,Brandon Sproat,Peter Lambert,687075,663567,2,9,HOU,1,11,7,N,1
824352,2026-05-30,2026-05-31T01:10:00Z,Coors Field,R,SF,COL,137,115,Adrian Houser,Ryan Feltner,605288,663372,3,8,COL,1,11,5,N,1
824431,2026-05-30,2026-05-30T20:10:00Z,Progressive Field,R,BOS,CLE,111,114,Sonny Gray,Parker Messick,543243,800048,9,1,BOS,0,10,8,N,1
824513,2026-05-30,2026-05-30T23:15:00Z,Great American Ball Park,R,ATL,CIN,144,113,Martín Pérez,Brady Singer,527048,663903,5,2,ATL,0,7,3,N,1
824593,2026-05-30,2026-05-30T18:10:00Z,Rate Field,R,DET,CWS,116,145,Framber Valdez,Anthony Kay,664285,641743,1,7,CWS,1,8,6,N,1
824833,2026-05-30,2026-05-30T20:05:00Z,Oriole Park at Camden Yards,R,TOR,BAL,141,110,Trey Yesavage,Brandon Young,702056,687064,5,6,BAL,1,11,1,N,1
825000,2026-05-30,2026-05-31T02:05:00Z,Sutter Health Park,R,NYY,ATH,147,133,Ryan Weathers,J.T. Ginn,677960,669372,4,6,ATH,1,10,2,N,1
822729,2026-05-31,2026-05-31T17:35:00Z,Nationals Park,R,SD,WSH,135,120,Griffin Canning,Zack Littell,656288,641793,2,4,WSH,1,6,2,N,1
822895,2026-05-31,2026-05-31T18:35:00Z,Globe Life Field,R,KC,TEX,118,140,Michael Wacha,Jack Leiter,608379,683004,3,6,TEX,1,9,3,N,1
822976,2026-05-31,2026-05-31T17:40:00Z,Tropicana Field,R,LAA,TB,108,139,Jack Kochanowicz,Shane McClanahan,686799,663556,2,5,TB,1,7,3,N,1
823053,2026-05-31,2026-05-31T23:20:00Z,Busch Stadium,R,CHC,STL,112,138,Jordan Wicks,Matthew Liberatore,696136,669461,1,5,STL,1,6,4,N,1
823133,2026-05-31,2026-05-31T20:10:00Z,T-Mobile Park,R,AZ,SEA,109,136,Merrill Kelly,Bryce Miller,518876,682243,2,3,SEA,1,5,1,N,1
823373,2026-05-31,2026-05-31T17:35:00Z,PNC Park,R,MIN,PIT,142,134,Zebby Matthews,Braxton Ashcraft,805673,677952,3,9,PIT,1,12,6,N,1
823621,2026-05-31,2026-05-31T17:40:00Z,Citi Field,R,MIA,NYM,146,121,John King,Nolan McLean,667463,690997,1,10,NYM,1,11,9,N,1
823944,2026-05-31,2026-05-31T20:10:00Z,UNIQLO Field at Dodger Stadium,R,PHI,LAD,143,119,Andrew Painter,Yoshinobu Yamamoto,691725,808967,1,9,LAD,1,10,8,N,1
824187,2026-05-31,2026-05-31T18:10:00Z,Daikin Park,R,MIL,HOU,158,117,Jacob Misiorowski,Tatsuya Imai,694819,837227,2,0,MIL,0,2,2,N,1
824354,2026-05-31,2026-05-31T19:10:00Z,Coors Field,R,SF,COL,137,115,Robbie Ray,Tanner Gordon,592662,685299,19,6,SF,0,25,13,N,1
824430,2026-05-31,2026-05-31T17:40:00Z,Progressive Field,R,BOS,CLE,111,114,Ranger Suarez,Tanner Bibee,624133,676440,9,4,BOS,0,13,5,N,1
824512,2026-05-31,2026-05-31T17:40:00Z,Great American Ball Park,R,ATL,CIN,144,113,Spencer Strider,Nick Lodolo,675911,666157,4,6,CIN,1,10,2,N,1
824592,2026-05-31,2026-05-31T18:10:00Z,Rate Field,R,DET,CWS,116,145,Keider Montero,Sean Burke,672456,680732,1,2,CWS,1,3,1,N,1
824832,2026-05-31,2026-05-31T16:15:00Z,Oriole Park at Camden Yards,R,TOR,BAL,141,110,Spencer Miles,Kyle Bradish,693686,680694,5,9,BAL,1,14,4,N,1
825001,2026-05-31,2026-05-31T20:05:00Z,Sutter Health Park,R,NYY,ATH,147,133,Will Warren,Jacob Lopez,701542,682052,13,8,NYY,0,21,5,N,1
822730,2026-06-01,2026-06-01T22:45:00Z,Nationals Park,R,MIA,WSH,146,120,Sandy Alcantara,Cade Cavalli,645261,676917,7,3,MIA,0,10,4,N,1
822974,2026-06-01,2026-06-01T22:40:00Z,Tropicana Field,R,DET,TB,116,139,Ty Madden,Griffin Jax,680744,643377,10,9,DET,0,19,1,N,1
823050,2026-06-01,2026-06-01T23:45:00Z,Busch Stadium,R,TEX,STL,140,138,Jacob deGrom,Michael McGreevy,594798,700241,2,1,TEX,0,3,1,N,1
823131,2026-06-01,2026-06-02T01:40:00Z,T-Mobile Park,R,NYM,SEA,121,136,Austin Warren,Emerson Hancock,681810,676106,2,3,SEA,1,5,1,N,1
823702,2026-06-01,2026-06-01T23:40:00Z,Target Field,R,CWS,MIN,145,142,David Sandlin,Joe Ryan,689818,657746,6,9,MIN,1,15,3,N,1
823781,2026-06-01,2026-06-01T23:40:00Z,American Family Field,R,SF,MIL,137,158,Landen Roupp,Shane Drohan,694738,675660,2,16,MIL,1,18,14,N,1
824027,2026-06-01,2026-06-02T01:38:00Z,Angel Stadium,R,COL,LAA,115,108,Kyle Freeland,José Soriano,607536,667755,9,8,COL,0,17,1,N,1
824510,2026-06-01,2026-06-01T23:10:00Z,Great American Ball Park,R,KC,CIN,118,113,Luinder Avila,Lyon Richardson,679883,680689,9,2,KC,0,11,7,N,1
825078,2026-06-01,2026-06-02T01:40:00Z,Chase Field,R,LAD,AZ,119,109,Emmet Sheehan,Eduardo Rodriguez,686218,593958,1,4,AZ,1,5,3,N,1
822728,2026-06-02,2026-06-02T22:45:00Z,Nationals Park,R,MIA,WSH,146,120,Lake Bachar,Richard Lovelady,669199,663992,7,3,MIA,0,10,4,N,1
822971,2026-06-02,2026-06-02T22:40:00Z,Tropicana Field,R,DET,TB,116,139,Jack Flaherty,Steven Matz,656427,571927,8,0,DET,0,8,8,N,1
823052,2026-06-02,2026-06-02T23:45:00Z,Busch Stadium,R,TEX,STL,140,138,Nathan Eovaldi,Dustin May,543135,669160,7,4,TEX,0,11,3,N,1
823129,2026-06-02,2026-06-03T01:40:00Z,T-Mobile Park,R,NYM,SEA,121,136,Huascar Brazobán,Logan Gilbert,623211,669302,3,8,SEA,1,11,5,N,1
823460,2026-06-02,2026-06-02T22:40:00Z,Citizens Bank Park,R,SD,PHI,135,143,Randy Vásquez,Aaron Nola,681190,605400,2,3,PHI,1,5,1,N,1
823541,2026-06-02,2026-06-02T23:05:00Z,Yankee Stadium,R,CLE,NYY,114,147,Joey Cantillo,Cam Schlittler,676282,693645,9,4,CLE,0,13,5,N,1
823700,2026-06-02,2026-06-02T23:40:00Z,Target Field,R,CWS,MIN,145,142,Davis Martin,Connor Prielipp,663436,687570,4,6,MIN,1,10,2,N,1
823782,2026-06-02,2026-06-02T23:40:00Z,American Family Field,R,SF,MIL,137,158,Trevor McDonald,Kyle Harrison,686790,690986,3,8,MIL,1,11,5,N,1
824026,2026-06-02,2026-06-03T01:38:00Z,Angel Stadium,R,COL,LAA,115,108,Tomoyuki Sugano,Grayson Rodriguez,608372,680570,8,2,COL,0,10,6,N,1
824189,2026-06-02,2026-06-03T00:10:00Z,Daikin Park,R,PIT,HOU,134,117,Bubba Chandler,Mike Burrows,696149,681347,10,6,PIT,0,16,4,N,1
824511,2026-06-02,2026-06-02T23:10:00Z,Great American Ball Park,R,KC,CIN,118,113,Noah Cameron,Andrew Abbott,702070,671096,3,4,CIN,1,7,1,N,1
824675,2026-06-02,2026-06-03T00:05:00Z,Wrigley Field,R,ATH,CHC,133,112,Gage Jump,Jameson Taillon,695611,592791,2,1,ATH,0,3,1,N,1
824754,2026-06-02,2026-06-02T22:45:00Z,Fenway Park,R,BAL,BOS,110,111,Shane Baz,Connelly Early,669358,813349,4,2,BAL,0,6,2,N,1
824918,2026-06-02,2026-06-02T23:15:00Z,Truist Park,R,TOR,ATL,141,144,Kevin Gausman,Bryce Elder,592332,693821,3,4,ATL,1,7,1,N,1
825079,2026-06-02,2026-06-03T01:40:00Z,Chase Field,R,LAD,AZ,119,109,Eric Lauer,Michael Soroka,641778,647336,6,5,LAD,0,11,1,N,1
822727,2026-06-03,2026-06-03T17:05:00Z,Nationals Park,R,MIA,WSH,146,120,Max Meyer,Andrew Alvarez,676974,674841,4,1,MIA,0,5,3,N,1
822973,2026-06-03,2026-06-03T17:10:00Z,Tropicana Field,R,DET,TB,116,139,Troy Melton,Nick Martinez,675512,607259,7,2,DET,0,9,5,N,1
823051,2026-06-03,2026-06-03T23:45:00Z,Busch Stadium,R,TEX,STL,140,138,MacKenzie Gore,Andre Pallante,669022,669467,3,5,STL,1,8,2,N,1
823130,2026-06-03,2026-06-03T19:40:00Z,T-Mobile Park,R,NYM,SEA,121,136,Freddy Peralta,George Kirby,642547,669923,7,1,NYM,0,8,6,N,1
823456,2026-06-03,2026-06-03T22:40:00Z,Citizens Bank Park,R,SD,PHI,135,143,Walker Buehler,Cristopher Sánchez,621111,650911,2,3,PHI,1,5,1,N,1
823540,2026-06-03,2026-06-03T23:05:00Z,Yankee Stadium,R,CLE,NYY,114,147,Gavin Williams,Gerrit Cole,668909,543037,5,4,CLE,0,9,1,N,1
823701,2026-06-03,2026-06-03T17:40:00Z,Target Field,R,CWS,MIN,145,142,Erick Fedde,Taj Bradley,607200,671737,8,0,CWS,0,8,8,N,1
823780,2026-06-03,2026-06-03T23:40:00Z,American Family Field,R,SF,MIL,137,158,Logan Webb,Robert Gasser,657277,688107,1,0,SF,0,1,1,N,1
824024,2026-06-03,2026-06-04T01:38:00Z,Angel Stadium,R,COL,LAA,115,108,Michael Lorenzen,Walbert Ureña,547179,700712,4,11,LAA,1,15,7,N,1
824188,2026-06-03,2026-06-04T00:10:00Z,Daikin Park,R,PIT,HOU,134,117,Paul Skenes,Spencer Arrighetti,694973,681293,9,11,HOU,1,20,2,N,1
824509,2026-06-03,2026-06-03T23:10:00Z,Great American Ball Park,R,KC,CIN,118,113,Stephen Kolek,Chase Burns,663568,695505,5,2,KC,0,7,3,N,1
824671,2026-06-03,2026-06-04T00:05:00Z,Wrigley Field,R,ATH,CHC,133,112,Jeffrey Springs,Colin Rea,605488,607067,5,4,ATH,0,9,1,N,1
824755,2026-06-03,2026-06-03T22:45:00Z,Fenway Park,R,BAL,BOS,110,111,Chris Bassitt,Payton Tolle,605135,801139,1,8,BOS,1,9,7,N,1
824917,2026-06-03,2026-06-03T23:15:00Z,Truist Park,R,TOR,ATL,141,144,Patrick Corbin,Grant Holmes,571578,656550,3,7,ATL,1,10,4,N,1
825077,2026-06-03,2026-06-04T01:40:00Z,Chase Field,R,LAD,AZ,119,109,Shohei Ohtani,Zac Gallen,660271,668678,7,0,LAD,0,7,7,N,1
823457,2026-06-04,2026-06-04T17:05:00Z,Citizens Bank Park,R,SD,PHI,135,143,Lucas Giolito,Zack Wheeler,608337,554430,4,6,PHI,1,10,2,N,1
823542,2026-06-04,2026-06-04T17:35:00Z,Yankee Stadium,R,CLE,NYY,114,147,Slade Cecconi,Carlos Rodón,677944,607074,1,2,NYY,1,3,1,N,1
823698,2026-06-04,2026-06-04T23:40:00Z,Target Field,R,KC,MIN,118,142,Seth Lugo,Andrew Morris,607625,702193,8,6,KC,0,14,2,N,1
823779,2026-06-04,2026-06-04T18:10:00Z,American Family Field,R,SF,MIL,137,158,Adrian Houser,Coleman Crow,605288,689441,12,9,SF,0,21,3,N,1
824185,2026-06-04,2026-06-05T00:10:00Z,Daikin Park,R,PIT,HOU,134,117,Jared Jones,Kai-Wei Teng,683003,678906,5,1,PIT,0,6,4,N,1
824672,2026-06-04,2026-06-05T00:05:00Z,Wrigley Field,R,ATH,CHC,133,112,J.T. Ginn,Shota Imanaga,669372,684007,6,7,CHC,1,13,1,N,1
824753,2026-06-04,2026-06-04T17:35:00Z,Fenway Park,R,BAL,BOS,110,111,Trevor Rogers,Brayan Bello,669432,678394,8,2,BAL,0,10,6,N,1
824919,2026-06-04,2026-06-04T23:15:00Z,Truist Park,R,TOR,ATL,141,144,Mason Fluharty,Chris Sale,689254,519242,7,2,TOR,0,9,5,N,1
825076,2026-06-04,2026-06-05T01:40:00Z,Chase Field,R,LAD,AZ,119,109,Justin Wrobleski,Ryne Nelson,680736,669194,2,3,AZ,1,5,1,N,1
822810,2026-06-05,2026-06-05T23:07:00Z,Rogers Centre,R,BAL,TOR,110,141,Brandon Young,Trey Yesavage,687064,702056,13,3,BAL,0,16,10,N,1
822892,2026-06-05,2026-06-06T00:15:00Z,Globe Life Field,R,CLE,TEX,114,140,Parker Messick,Kumar Rocker,800048,677958,2,3,TEX,1,5,1,N,1
823049,2026-06-05,2026-06-06T00:15:00Z,Busch Stadium,R,CIN,STL,113,138,Brady Singer,Kyle Leahy,663903,681517,3,10,STL,1,13,7,N,1
823293,2026-06-05,2026-06-06T01:40:00Z,Petco Park,R,NYM,SD,121,135,Christian Scott,Michael King,681035,650633,5,0,NYM,0,5,5,N,1
823455,2026-06-05,2026-06-05T22:40:00Z,Citizens Bank Park,R,CWS,PHI,145,143,Anthony Kay,Jesús Luzardo,641743,666200,6,8,PHI,1,14,2,N,1
823538,2026-06-05,2026-06-05T23:05:00Z,Yankee Stadium,R,BOS,NYY,111,147,Sonny Gray,Ryan Weathers,543243,677960,5,3,BOS,0,8,2,N,1
823699,2026-06-05,2026-06-06T00:15:00Z,Target Field,R,KC,MIN,118,142,Michael Wacha,Zebby Matthews,608379,805673,3,5,MIN,1,8,2,N,1
823860,2026-06-05,2026-06-05T23:10:00Z,loanDepot park,R,TB,MIA,139,146,Drew Rasmussen,Ryan Gusto,656876,687473,6,0,TB,0,6,6,N,1
823943,2026-06-05,2026-06-06T02:10:00Z,UNIQLO Field at Dodger Stadium,R,LAA,LAD,108,119,Reid Detmers,Roki Sasaki,672282,808963,0,1,LAD,1,1,1,N,1
824186,2026-06-05,2026-06-06T00:10:00Z,Daikin Park,R,ATH,HOU,133,117,Jack Perkins,Peter Lambert,678022,663567,1,5,HOU,1,6,4,N,1
824271,2026-06-05,2026-06-05T22:40:00Z,Comerica Park,R,SEA,DET,136,116,Bryan Woo,Framber Valdez,693433,664285,3,7,DET,1,10,4,N,1
824350,2026-06-05,2026-06-06T00:40:00Z,Coors Field,R,MIL,COL,158,115,Brandon Sproat,Ryan Feltner,687075,663372,9,7,MIL,0,16,2,N,1
824673,2026-06-05,2026-06-05T18:20:00Z,Wrigley Field,R,SF,CHC,137,112,Robbie Ray,Edward Cabrera,592662,665795,18,3,SF,0,21,15,N,1
824914,2026-06-05,2026-06-05T23:15:00Z,Truist Park,R,PIT,ATL,134,144,Mitch Keller,Martín Pérez,656605,527048,3,6,ATL,1,9,3,N,1
825073,2026-06-05,2026-06-06T01:40:00Z,Chase Field,R,WSH,AZ,120,109,Foster Griffin,Merrill Kelly,656492,518876,14,1,WSH,0,15,13,N,1
822808,2026-06-06,2026-06-06T19:07:00Z,Rogers Centre,R,BAL,TOR,110,141,Kyle Bradish,Braydon Fisher,680694,680755,4,6,TOR,1,10,2,N,1
822891,2026-06-06,2026-06-06T23:35:00Z,Globe Life Field,R,CLE,TEX,114,140,Tanner Bibee,Jack Leiter,676440,683004,6,0,CLE,0,6,6,N,1
823048,2026-06-06,2026-06-06T18:15:00Z,Busch Stadium,R,CIN,STL,113,138,Nick Lodolo,Matthew Liberatore,666157,669461,5,6,STL,1,11,1,N,1
823292,2026-06-06,2026-06-07T02:10:00Z,Petco Park,R,NYM,SD,121,135,Nolan McLean,Griffin Canning,690997,656288,2,3,SD,1,5,1,N,1
823454,2026-06-06,2026-06-06T20:05:00Z,Citizens Bank Park,R,CWS,PHI,145,143,Brandon Eisert,Andrew Painter,685126,691725,6,3,CWS,0,9,3,N,1
823697,2026-06-06,2026-06-06T18:10:00Z,Target Field,R,KC,MIN,118,142,Luinder Avila,Joe Ryan,679883,657746,3,2,KC,0,5,1,N,1
823859,2026-06-06,2026-06-06T20:10:00Z,loanDepot park,R,TB,MIA,139,146,Shane McClanahan,Lake Bachar,663556,669199,3,4,MIA,1,7,1,N,1
823942,2026-06-06,2026-06-07T02:10:00Z,UNIQLO Field at Dodger Stadium,R,LAA,LAD,108,119,Jack Kochanowicz,Yoshinobu Yamamoto,686799,808967,2,9,LAD,1,11,7,N,1
824184,2026-06-06,2026-06-06T20:10:00Z,Daikin Park,R,ATH,HOU,133,117,Kade Morris,Tatsuya Imai,695034,837227,2,13,HOU,1,15,11,N,1
824269,2026-06-06,2026-06-06T17:10:00Z,Comerica Park,R,SEA,DET,136,116,Bryce Miller,Keider Montero,682243,672456,4,0,SEA,0,4,4,N,1
824351,2026-06-06,2026-06-07T01:10:00Z,Coors Field,R,MIL,COL,158,115,Jacob Misiorowski,Zach Agnos,694819,688642,7,1,MIL,0,8,6,N,1
824669,2026-06-06,2026-06-06T18:20:00Z,Wrigley Field,R,SF,CHC,137,112,Landen Roupp,Ben Brown,694738,676962,2,3,CHC,1,5,1,N,1
824915,2026-06-06,2026-06-06T20:10:00Z,Truist Park,R,PIT,ATL,134,144,Braxton Ashcraft,Spencer Strider,677952,675911,3,6,ATL,1,9,3,N,1
825075,2026-06-06,2026-06-06T20:10:00Z,Chase Field,R,WSH,AZ,120,109,Zack Littell,Eduardo Rodriguez,641793,593958,6,1,WSH,0,7,5,N,1
822807,2026-06-07,2026-06-07T17:37:00Z,Rogers Centre,R,BAL,TOR,110,141,Shane Baz,Kevin Gausman,669358,592332,4,6,TOR,1,10,2,N,1
822890,2026-06-07,2026-06-07T18:35:00Z,Globe Life Field,R,CLE,TEX,114,140,Joey Cantillo,Jacob deGrom,676282,594798,0,10,TEX,1,10,10,N,1
823047,2026-06-07,2026-06-07T18:15:00Z,Busch Stadium,R,CIN,STL,113,138,Rhett Lowder,Michael McGreevy,695076,700241,3,5,STL,1,8,2,N,1
823291,2026-06-07,2026-06-07T20:10:00Z,Petco Park,R,NYM,SD,121,135,Huascar Brazobán,Randy Vásquez,623211,681190,7,3,NYM,0,10,4,N,1
823453,2026-06-07,2026-06-07T17:35:00Z,Citizens Bank Park,R,CWS,PHI,145,143,Tyler Gilbert,Aaron Nola,656457,605400,5,9,PHI,1,14,4,N,1
823537,2026-06-07,2026-06-07T17:35:00Z,Yankee Stadium,R,BOS,NYY,111,147,Ranger Suarez,Cam Schlittler,624133,693645,1,6,NYY,1,7,5,N,1
823696,2026-06-07,2026-06-07T18:10:00Z,Target Field,R,KC,MIN,118,142,Noah Cameron,Connor Prielipp,702070,687570,6,5,KC,0,11,1,N,1
823857,2026-06-07,2026-06-07T17:40:00Z,loanDepot park,R,TB,MIA,139,146,Griffin Jax,Sandy Alcantara,643377,645261,1,4,MIA,1,5,3,N,1
823941,2026-06-07,2026-06-07T20:10:00Z,UNIQLO Field at Dodger Stadium,R,LAA,LAD,108,119,José Soriano,Emmet Sheehan,667755,686218,13,5,LAA,0,18,8,N,1
824183,2026-06-07,2026-06-07T18:10:00Z,Daikin Park,R,ATH,HOU,133,117,Gage Jump,Mike Burrows,695611,681347,5,0,ATH,0,5,5,N,1
824268,2026-06-07,2026-06-07T17:40:00Z,Comerica Park,R,SEA,DET,136,116,Luis Castillo,Jack Flaherty,622491,656427,4,5,DET,1,9,1,N,1
824349,2026-06-07,2026-06-07T19:10:00Z,Coors Field,R,MIL,COL,158,115,Shane Drohan,Kyle Freeland,675660,607536,12,4,MIL,0,16,8,N,1
824670,2026-06-07,2026-06-08T00:30:00Z,Wrigley Field,R,SF,CHC,137,112,Trevor McDonald,Jameson Taillon,686790,592791,2,1,SF,0,3,1,N,1
824916,2026-06-07,2026-06-07T17:35:00Z,Truist Park,R,PIT,ATL,134,144,Mason Montgomery,Bryce Elder,682254,693821,2,3,ATL,1,5,1,N,1
825074,2026-06-07,2026-06-07T19:15:00Z,Chase Field,R,WSH,AZ,120,109,Cade Cavalli,Michael Soroka,676917,647336,1,5,AZ,1,6,4,N,1
822806,2026-06-08,2026-06-08T23:07:00Z,Rogers Centre,R,PHI,TOR,143,141,Cristopher Sánchez,Patrick Corbin,650911,571578,5,2,PHI,0,7,3,N,1
822972,2026-06-08,2026-06-08T22:40:00Z,Tropicana Field,R,BOS,TB,111,139,Connelly Early,Ian Seymour,813349,693855,1,3,TB,1,4,2,N,1
823218,2026-06-08,2026-06-09T01:45:00Z,Oracle Park,R,WSH,SF,120,137,Richard Lovelady,Logan Webb,663992,657277,4,3,WSH,0,7,1,N,1
823289,2026-06-08,2026-06-09T01:40:00Z,Petco Park,R,CIN,SD,113,135,Andrew Abbott,Walker Buehler,671096,621111,2,6,SD,1,8,4,N,1
824025,2026-06-08,2026-06-09T01:38:00Z,Angel Stadium,R,HOU,LAA,117,108,Spencer Arrighetti,Grayson Rodriguez,681293,680570,5,4,HOU,0,9,1,N,1
824427,2026-06-08,2026-06-08T22:40:00Z,Progressive Field,R,NYY,CLE,147,114,Will Warren,Gavin Williams,701542,668909,7,5,NYY,0,12,2,N,1
824829,2026-06-08,2026-06-08T22:35:00Z,Oriole Park at Camden Yards,R,SEA,BAL,136,110,Emerson Hancock,Trey Gibson,676106,694346,6,3,SEA,0,9,3,N,1
824998,2026-06-08,2026-06-09T02:05:00Z,Las Vegas Ballpark,R,MIL,ATH,158,133,Kyle Harrison,Jeffrey Springs,690986,605488,15,14,MIL,0,29,1,N,1
822805,2026-06-09,2026-06-09T23:07:00Z,Rogers Centre,R,PHI,TOR,143,141,Zack Wheeler,Dylan Cease,554430,656302,2,3,TOR,1,5,1,N,1
822969,2026-06-09,2026-06-09T22:40:00Z,Tropicana Field,R,BOS,TB,111,139,Payton Tolle,Nick Martinez,801139,607259,3,4,TB,1,7,1,N,1
823214,2026-06-09,2026-06-10T01:45:00Z,Oracle Park,R,WSH,SF,120,137,Andrew Alvarez,Adrian Houser,674841,605288,6,3,WSH,0,9,3,N,1
823290,2026-06-09,2026-06-10T01:40:00Z,Petco Park,R,CIN,SD,113,135,Chase Burns,Lucas Giolito,695505,608337,5,3,CIN,0,8,2,N,1
823374,2026-06-09,2026-06-09T22:40:00Z,PNC Park,R,LAD,PIT,119,134,Eric Lauer,Paul Skenes,641778,694973,12,3,LAD,0,15,9,N,1
823620,2026-06-09,2026-06-09T23:10:00Z,Citi Field,R,STL,NYM,138,121,Dustin May,Freddy Peralta,669160,642547,7,0,STL,0,7,7,N,1
823858,2026-06-09,2026-06-09T22:40:00Z,loanDepot park,R,AZ,MIA,109,146,Zac Gallen,Max Meyer,668678,676974,6,10,MIA,1,16,4,N,1
824023,2026-06-09,2026-06-10T01:38:00Z,Angel Stadium,R,HOU,LAA,117,108,Kai-Wei Teng,Walbert Ureña,678906,700712,1,10,LAA,1,11,9,N,1
824105,2026-06-09,2026-06-09T23:40:00Z,Kauffman Stadium,R,TEX,KC,140,118,Nathan Eovaldi,Stephen Kolek,543135,663568,3,5,KC,1,8,2,N,1
824267,2026-06-09,2026-06-09T22:40:00Z,Comerica Park,R,MIN,DET,142,116,Taj Bradley,Troy Melton,671737,675512,4,10,DET,1,14,6,N,1
824347,2026-06-09,2026-06-10T00:40:00Z,Coors Field,R,CHC,COL,112,115,Colin Rea,Tomoyuki Sugano,607067,608372,3,7,COL,1,10,4,N,1
824429,2026-06-09,2026-06-09T22:40:00Z,Progressive Field,R,NYY,CLE,147,114,Gerrit Cole,Slade Cecconi,543037,677944,3,2,NYY,0,5,1,N,1
824591,2026-06-09,2026-06-09T23:40:00Z,Rate Field,R,ATL,CWS,144,145,Grant Holmes,Brandon Eisert,656550,685126,5,6,CWS,1,11,1,N,1
824830,2026-06-09,2026-06-09T22:35:00Z,Oriole Park at Camden Yards,R,SEA,BAL,136,110,Logan Gilbert,Trevor Rogers,669302,669432,6,5,SEA,0,11,1,N,1
824999,2026-06-09,2026-06-10T02:05:00Z,Las Vegas Ballpark,R,MIL,ATH,158,133,Robert Gasser,J.T. Ginn,688107,669372,5,7,ATH,1,12,2,N,1
822804,2026-06-10,2026-06-10T23:07:00Z,Rogers Centre,R,PHI,TOR,143,141,Jesús Luzardo,Max Scherzer,666200,453286,7,4,PHI,0,11,3,N,1
822970,2026-06-10,2026-06-10T17:10:00Z,Tropicana Field,R,BOS,TB,111,139,Jake Bennett,Drew Rasmussen,687562,656876,5,7,TB,1,12,2,N,1
823215,2026-06-10,2026-06-10T19:45:00Z,Oracle Park,R,WSH,SF,120,137,Foster Griffin,Robbie Ray,656492,592662,10,11,SF,1,21,1,N,1
823287,2026-06-10,2026-06-10T20:10:00Z,Petco Park,R,CIN,SD,113,135,Brady Singer,Michael King,663903,650633,4,5,SD,1,9,1,N,1
823372,2026-06-10,2026-06-10T22:40:00Z,PNC Park,R,LAD,PIT,119,134,Shohei Ohtani,Jared Jones,660271,683003,8,9,PIT,1,17,1,N,1
823618,2026-06-10,2026-06-10T23:10:00Z,Citi Field,R,STL,NYM,138,121,Andre Pallante,Austin Warren,669467,681810,9,2,STL,0,11,7,N,1
823856,2026-06-10,2026-06-10T22:40:00Z,loanDepot park,R,AZ,MIA,109,146,Ryne Nelson,Ryan Gusto,669194,687473,0,8,MIA,1,8,8,N,1
824022,2026-06-10,2026-06-11T01:38:00Z,Angel Stadium,R,HOU,LAA,117,108,Peter Lambert,Reid Detmers,663567,672282,2,3,LAA,1,5,1,N,1
824103,2026-06-10,2026-06-10T23:40:00Z,Kauffman Stadium,R,TEX,KC,140,118,MacKenzie Gore,Seth Lugo,669022,607625,6,4,TEX,0,10,2,N,1
824266,2026-06-10,2026-06-10T22:40:00Z,Comerica Park,R,MIN,DET,142,116,Mike Paredes,Framber Valdez,702474,664285,6,4,MIN,0,10,2,N,1
824348,2026-06-10,2026-06-11T00:40:00Z,Coors Field,R,CHC,COL,112,115,Shota Imanaga,Michael Lorenzen,684007,547179,2,3,COL,1,5,1,N,1
824428,2026-06-10,2026-06-10T17:10:00Z,Progressive Field,R,NYY,CLE,147,114,Carlos Rodón,Parker Messick,607074,800048,8,4,NYY,0,12,4,N,1
824590,2026-06-10,2026-06-10T23:40:00Z,Rate Field,R,ATL,CWS,144,145,Chris Sale,Davis Martin,519242,663436,1,2,CWS,1,3,1,N,1
824831,2026-06-10,2026-06-10T22:35:00Z,Oriole Park at Camden Yards,R,SEA,BAL,136,110,George Kirby,Brandon Young,669923,687064,2,7,BAL,1,9,5,N,1
824996,2026-06-10,2026-06-11T01:05:00Z,Las Vegas Ballpark,R,MIL,ATH,158,133,Brandon Sproat,Jack Perkins,687075,678022,3,4,ATH,1,7,1,N,1
823371,2026-06-11,2026-06-11T22:40:00Z,PNC Park,R,LAD,PIT,119,134,Justin Wrobleski,Mitch Keller,680736,656605,8,6,LAD,0,14,2,N,1
823619,2026-06-11,2026-06-11T17:10:00Z,Citi Field,R,STL,NYM,138,121,Hunter Dobbins,Christian Scott,690928,681035,4,5,NYM,1,9,1,N,1
823855,2026-06-11,2026-06-11T17:10:00Z,loanDepot park,R,AZ,MIA,109,146,Merrill Kelly,Tyler Phillips,518876,663969,0,2,MIA,1,2,2,N,1
824101,2026-06-11,2026-06-11T18:10:00Z,Kauffman Stadium,R,TEX,KC,140,118,Kumar Rocker,Michael Wacha,677958,608379,4,2,TEX,0,6,2,N,1
824265,2026-06-11,2026-06-11T17:10:00Z,Comerica Park,R,MIN,DET,142,116,Zebby Matthews,Keider Montero,805673,672456,0,11,DET,1,11,11,N,1
824346,2026-06-11,2026-06-11T19:10:00Z,Coors Field,R,CHC,COL,112,115,Edward Cabrera,Ryan Feltner,665795,663372,9,3,CHC,0,12,6,N,1
824827,2026-06-11,2026-06-11T23:05:00Z,Oriole Park at Camden Yards,R,SEA,BAL,136,110,Bryan Woo,Kyle Bradish,693433,680694,5,7,BAL,1,12,2,N,1
822726,2026-06-12,2026-06-12T22:45:00Z,Nationals Park,R,SEA,WSH,136,120,Bryce Miller,Zack Littell,682243,641793,10,2,SEA,0,12,8,N,1
822803,2026-06-12,2026-06-12T23:37:00Z,Rogers Centre,R,NYY,TOR,147,141,Ryan Weathers,Trey Yesavage,677960,702056,5,8,TOR,1,13,3,N,1
823211,2026-06-12,2026-06-13T02:15:00Z,Oracle Park,R,CHC,SF,112,137,Javier Assad,Landen Roupp,665871,694738,5,1,CHC,0,6,4,N,1
823370,2026-06-12,2026-06-12T22:40:00Z,PNC Park,R,MIA,PIT,146,134,Sandy Alcantara,Braxton Ashcraft,645261,677952,8,3,MIA,0,11,5,N,1
823617,2026-06-12,2026-06-12T23:15:00Z,Citi Field,R,ATL,NYM,144,121,Spencer Strider,Nolan McLean,675911,690997,5,7,NYM,1,12,2,N,1
823695,2026-06-12,2026-06-13T00:10:00Z,Target Field,R,STL,MIN,138,142,Kyle Leahy,Joe Ryan,681517,657746,8,9,MIN,1,17,1,N,1
823778,2026-06-12,2026-06-12T23:40:00Z,American Family Field,R,PHI,MIL,143,158,Tanner Banks,Jacob Misiorowski,621383,694819,0,6,MIL,1,6,6,N,1
824020,2026-06-12,2026-06-13T01:38:00Z,Angel Stadium,R,TB,LAA,139,108,Shane McClanahan,Sam Aldegheri,663556,691951,3,4,LAA,1,7,1,N,1
824102,2026-06-12,2026-06-13T00:10:00Z,Kauffman Stadium,R,HOU,KC,117,118,Tatsuya Imai,Luinder Avila,837227,679883,10,8,HOU,0,18,2,N,1
824425,2026-06-12,2026-06-12T23:10:00Z,Progressive Field,R,DET,CLE,116,114,Jack Flaherty,Tanner Bibee,656427,676440,2,3,CLE,1,5,1,N,1
824507,2026-06-12,2026-06-12T23:15:00Z,Great American Ball Park,R,AZ,CIN,109,113,Eduardo Rodriguez,Nick Lodolo,593958,666157,5,2,AZ,0,7,3,N,1
824588,2026-06-12,2026-06-12T23:40:00Z,Rate Field,R,LAD,CWS,119,145,Roki Sasaki,Anthony Kay,808963,641743,2,8,CWS,1,10,6,N,1
824752,2026-06-12,2026-06-12T23:10:00Z,Fenway Park,R,TEX,BOS,140,111,Jack Leiter,Sonny Gray,683004,543243,1,10,BOS,1,11,9,N,1
824826,2026-06-12,2026-06-12T23:05:00Z,Oriole Park at Camden Yards,R,SD,BAL,135,110,Griffin Canning,Shane Baz,656288,669358,3,7,BAL,1,10,4,N,1
824997,2026-06-12,2026-06-13T02:05:00Z,Las Vegas Ballpark,R,COL,ATH,115,133,Sean Sullivan,Gage Jump,807743,695611,4,6,ATH,1,10,2,N,1
822725,2026-06-13,2026-06-13T20:05:00Z,Nationals Park,R,SEA,WSH,136,120,Luis Castillo,Cade Cavalli,622491,676917,3,8,WSH,1,11,5,N,1
822802,2026-06-13,2026-06-13T19:07:00Z,Rogers Centre,R,NYY,TOR,147,141,Cam Schlittler,Kevin Gausman,693645,592332,3,1,NYY,0,4,2,N,1
823213,2026-06-13,2026-06-14T02:05:00Z,Oracle Park,R,CHC,SF,112,137,Ben Brown,Trevor McDonald,676962,686790,6,1,CHC,0,7,5,N,1
823369,2026-06-13,2026-06-13T20:05:00Z,PNC Park,R,MIA,PIT,146,134,Lake Bachar,Bubba Chandler,669199,696149,2,3,PIT,1,5,1,N,1
823616,2026-06-13,2026-06-13T20:10:00Z,Citi Field,R,ATL,NYM,144,121,Martín Pérez,Sean Manaea,527048,640455,3,1,ATL,0,4,2,N,1
823694,2026-06-13,2026-06-13T18:10:00Z,Target Field,R,STL,MIN,138,142,Matthew Liberatore,Connor Prielipp,669461,687570,9,6,STL,0,15,3,N,1
823776,2026-06-13,2026-06-13T23:10:00Z,American Family Field,R,PHI,MIL,143,158,Aaron Nola,Shane Drohan,605400,675660,9,8,PHI,0,17,1,N,1
824019,2026-06-13,2026-06-14T02:07:00Z,Angel Stadium,R,TB,LAA,139,108,Griffin Jax,José Soriano,643377,667755,0,8,LAA,1,8,8,N,1
824100,2026-06-13,2026-06-13T23:10:00Z,Kauffman Stadium,R,HOU,KC,117,118,Mike Burrows,Noah Cameron,681347,702070,8,7,HOU,0,15,1,N,1
824426,2026-06-13,2026-06-13T20:10:00Z,Progressive Field,R,DET,CLE,116,114,Tarik Skubal,Joey Cantillo,669373,676282,1,3,CLE,1,4,2,N,1
824508,2026-06-13,2026-06-13T20:10:00Z,Great American Ball Park,R,AZ,CIN,109,113,Michael Soroka,Rhett Lowder,647336,695076,1,2,CIN,1,3,1,N,1
824587,2026-06-13,2026-06-13T20:10:00Z,Rate Field,R,LAD,CWS,119,145,Yoshinobu Yamamoto,Sean Burke,808967,680732,7,1,LAD,0,8,6,N,1
824749,2026-06-13,2026-06-13T20:10:00Z,Fenway Park,R,TEX,BOS,140,111,Jacob deGrom,Ranger Suarez,594798,624133,3,6,BOS,1,9,3,N,1
824828,2026-06-13,2026-06-13T20:05:00Z,Oriole Park at Camden Yards,R,SD,BAL,135,110,Randy Vásquez,Trey Gibson,681190,694346,9,3,SD,0,12,6,N,1
824995,2026-06-13,2026-06-14T02:05:00Z,Las Vegas Ballpark,R,COL,ATH,115,133,Kyle Freeland,Joey Estes,607536,683155,5,7,ATH,1,12,2,N,1
822722,2026-06-14,2026-06-14T17:35:00Z,Nationals Park,R,SEA,WSH,136,120,Emerson Hancock,PJ Poulin,676106,676571,1,10,WSH,1,11,9,N,1
822801,2026-06-14,2026-06-14T17:37:00Z,Rogers Centre,R,NYY,TOR,147,141,Will Warren,Patrick Corbin,701542,571578,8,3,NYY,0,11,5,N,1
823212,2026-06-14,2026-06-14T19:10:00Z,Oracle Park,R,CHC,SF,112,137,Ryan Rolison,Logan Webb,669020,657277,1,5,SF,1,6,4,N,1
823368,2026-06-14,2026-06-14T16:15:00Z,PNC Park,R,MIA,PIT,146,134,Max Meyer,Paul Skenes,676974,694973,4,2,MIA,0,6,2,N,1
823615,2026-06-14,2026-06-14T17:40:00Z,Citi Field,R,ATL,NYM,144,121,Bryce Elder,Freddy Peralta,693821,642547,1,8,NYM,1,9,7,N,1
823693,2026-06-14,2026-06-14T18:10:00Z,Target Field,R,STL,MIN,138,142,Michael McGreevy,Taj Bradley,700241,671737,4,5,MIN,1,9,1,N,1
823777,2026-06-14,2026-06-14T18:10:00Z,American Family Field,R,PHI,MIL,143,158,Cristopher Sánchez,Kyle Harrison,650911,690986,0,4,MIL,1,4,4,N,1
824021,2026-06-14,2026-06-14T20:07:00Z,Angel Stadium,R,TB,LAA,139,108,Casey Legumina,Grayson Rodriguez,668984,680570,8,3,TB,0,11,5,N,1
824099,2026-06-14,2026-06-14T18:10:00Z,Kauffman Stadium,R,HOU,KC,117,118,Spencer Arrighetti,Stephen Kolek,681293,663568,0,4,KC,1,4,4,N,1
824506,2026-06-14,2026-06-14T17:40:00Z,Great American Ball Park,R,AZ,CIN,109,113,Zac Gallen,Andrew Abbott,668678,671096,5,3,AZ,0,8,2,N,1
824586,2026-06-14,2026-06-14T18:10:00Z,Rate Field,R,LAD,CWS,119,145,Emmet Sheehan,Bryan Hudson,686218,663542,4,6,CWS,1,10,2,N,1
824751,2026-06-14,2026-06-14T23:20:00Z,Fenway Park,R,TEX,BOS,140,111,Nathan Eovaldi,Connelly Early,543135,813349,6,4,TEX,0,10,2,N,1
824823,2026-06-14,2026-06-14T17:35:00Z,Oriole Park at Camden Yards,R,SD,BAL,135,110,Walker Buehler,Trevor Rogers,621111,669432,5,2,SD,0,7,3,N,1
824994,2026-06-14,2026-06-14T19:05:00Z,Las Vegas Ballpark,R,COL,ATH,115,133,Tomoyuki Sugano,Jeffrey Springs,608372,605488,23,9,COL,0,32,14,N,1
822724,2026-06-15,2026-06-15T22:45:00Z,Nationals Park,R,KC,WSH,118,120,Mitch Spence,Andrew Alvarez,687765,674841,3,7,WSH,1,10,4,N,1
822887,2026-06-15,2026-06-16T00:05:00Z,Globe Life Field,R,MIN,TEX,142,140,Mike Paredes,MacKenzie Gore,702474,669022,4,2,MIN,0,6,2,N,1
823046,2026-06-15,2026-06-15T23:45:00Z,Busch Stadium,R,SD,STL,135,138,Wandy Peralta,Dustin May,593974,669160,0,3,STL,1,3,3,N,1
823452,2026-06-15,2026-06-15T22:40:00Z,Citizens Bank Park,R,MIA,PHI,146,143,Ryan Gusto,Zack Wheeler,687473,554430,0,7,PHI,1,7,7,N,1
823938,2026-06-15,2026-06-16T02:10:00Z,UNIQLO Field at Dodger Stadium,R,TB,LAD,139,119,Nick Martinez,Eric Lauer,607259,641778,3,4,LAD,1,7,1,N,1
824181,2026-06-15,2026-06-16T00:10:00Z,Daikin Park,R,DET,HOU,116,117,Drew Anderson,Kai-Wei Teng,623454,678906,9,3,DET,0,12,6,N,1
824505,2026-06-15,2026-06-15T23:10:00Z,Great American Ball Park,R,NYM,CIN,121,113,Tobias Myers,Chase Burns,668964,695505,0,12,CIN,1,12,12,N,1
824666,2026-06-15,2026-06-16T00:05:00Z,Wrigley Field,R,COL,CHC,115,112,Michael Lorenzen,Shota Imanaga,547179,684007,4,5,CHC,1,9,1,N,1
824993,2026-06-15,2026-06-16T01:40:00Z,Sutter Health Park,R,PIT,ATH,134,133,Jared Jones,J.T. Ginn,683003,669372,2,11,ATH,1,13,9,N,1
825071,2026-06-15,2026-06-16T01:40:00Z,Chase Field,R,LAA,AZ,108,109,Walbert Ureña,Ryne Nelson,700712,669194,3,4,AZ,1,7,1,N,1
822723,2026-06-16,2026-06-16T22:45:00Z,Nationals Park,R,KC,WSH,118,120,Michael Wacha,Foster Griffin,608379,656492,4,6,WSH,1,10,2,N,1
822888,2026-06-16,2026-06-17T00:05:00Z,Globe Life Field,R,MIN,TEX,142,140,Zebby Matthews,Kumar Rocker,805673,677958,12,2,MIN,0,14,10,N,1
823045,2026-06-16,2026-06-16T23:45:00Z,Busch Stadium,R,SD,STL,135,138,Michael King,Andre Pallante,650633,669467,2,3,STL,1,5,1,N,1
823128,2026-06-16,2026-06-17T01:40:00Z,T-Mobile Park,R,BAL,SEA,110,136,Brandon Young,Logan Gilbert,687064,669302,1,3,SEA,1,4,2,N,1
823451,2026-06-16,2026-06-16T22:40:00Z,Citizens Bank Park,R,MIA,PHI,146,143,Tyler Phillips,Jesús Luzardo,663969,666200,2,8,PHI,1,10,6,N,1
823535,2026-06-16,2026-06-16T23:05:00Z,Yankee Stadium,R,CWS,NYY,145,147,Davis Martin,Gerrit Cole,663436,543037,2,12,NYY,1,14,10,N,1
823775,2026-06-16,2026-06-16T23:40:00Z,American Family Field,R,CLE,MIL,114,158,Slade Cecconi,Robert Gasser,677944,688107,1,2,MIL,1,3,1,N,1
823939,2026-06-16,2026-06-17T02:10:00Z,UNIQLO Field at Dodger Stadium,R,TB,LAD,139,119,Drew Rasmussen,Justin Wrobleski,656876,680736,0,1,LAD,1,1,1,N,1
824182,2026-06-16,2026-06-17T00:10:00Z,Daikin Park,R,DET,HOU,116,117,Framber Valdez,Hunter Brown,664285,686613,2,4,HOU,1,6,2,N,1
824504,2026-06-16,2026-06-16T23:10:00Z,Great American Ball Park,R,NYM,CIN,121,113,Kodai Senga,Brady Singer,673540,663903,3,5,CIN,1,8,2,N,1
824667,2026-06-16,2026-06-17T00:05:00Z,Wrigley Field,R,COL,CHC,115,112,Ryan Feltner,Edward Cabrera,663372,665795,5,2,COL,0,7,3,N,1
824750,2026-06-16,2026-06-16T22:45:00Z,Fenway Park,R,TOR,BOS,141,111,Dylan Cease,Payton Tolle,656302,801139,6,1,TOR,0,7,5,N,1
824912,2026-06-16,2026-06-17T18:00:00Z,Truist Park,R,SF,ATL,137,144,Adrian Houser,Grant Holmes,605288,656550,7,2,SF,0,9,5,N,1
824991,2026-06-16,2026-06-17T01:40:00Z,Sutter Health Park,R,PIT,ATH,134,133,Mitch Keller,Jack Perkins,656605,678022,6,5,PIT,0,11,1,N,1
825070,2026-06-16,2026-06-17T01:40:00Z,Chase Field,R,LAA,AZ,108,109,Reid Detmers,Merrill Kelly,672282,518876,7,0,LAA,0,7,7,N,1
822721,2026-06-17,2026-06-17T17:05:00Z,Nationals Park,R,KC,WSH,118,120,Luinder Avila,Zack Littell,679883,641793,6,2,KC,0,8,4,N,1
823044,2026-06-17,2026-06-17T18:15:00Z,Busch Stadium,R,SD,STL,135,138,Bradgley Rodriguez,Kyle Leahy,699134,681517,6,1,SD,0,7,5,N,1
823127,2026-06-17,2026-06-18T01:40:00Z,T-Mobile Park,R,BAL,SEA,110,136,Kyle Bradish,George Kirby,680694,669923,5,3,BAL,0,8,2,N,1
823450,2026-06-17,2026-06-17T17:05:00Z,Citizens Bank Park,R,MIA,PHI,146,143,Sandy Alcantara,Andrew Painter,645261,691725,12,4,MIA,0,16,8,N,1
823536,2026-06-17,2026-06-17T23:05:00Z,Yankee Stadium,R,CWS,NYY,145,147,Anthony Kay,Carlos Rodón,641743,607074,5,10,NYY,1,15,5,N,1
823774,2026-06-17,2026-06-17T23:40:00Z,American Family Field,R,CLE,MIL,114,158,Gavin Williams,Brandon Sproat,668909,687075,4,9,MIL,1,13,5,N,1
823940,2026-06-17,2026-06-17T19:10:00Z,UNIQLO Field at Dodger Stadium,R,TB,LAD,139,119,Shane McClanahan,Shohei Ohtani,663556,660271,4,5,LAD,1,9,1,N,1
824178,2026-06-17,2026-06-17T18:10:00Z,Daikin Park,R,DET,HOU,116,117,Casey Mize,Peter Lambert,663554,663567,2,4,HOU,1,6,2,N,1
824503,2026-06-17,2026-06-17T16:40:00Z,Great American Ball Park,R,NYM,CIN,121,113,Nolan McLean,Nick Lodolo,690997,666157,9,1,NYM,0,10,8,N,1
824668,2026-06-17,2026-06-18T00:05:00Z,Wrigley Field,R,COL,CHC,115,112,Sean Sullivan,Javier Assad,807743,665871,6,8,CHC,1,14,2,N,1
824746,2026-06-17,2026-06-17T22:45:00Z,Fenway Park,R,TOR,BOS,141,111,Braydon Fisher,Jake Bennett,680755,687562,3,0,TOR,0,3,3,N,1
824913,2026-06-17,2026-06-17T23:15:00Z,Truist Park,R,SF,ATL,137,144,Carson Whisenhunt,JR Ritchie,687931,702275,7,5,SF,0,12,2,N,1
824992,2026-06-17,2026-06-18T01:40:00Z,Sutter Health Park,R,PIT,ATH,134,133,Braxton Ashcraft,Aaron Civale,677952,650644,12,4,PIT,0,16,8,N,1
825072,2026-06-17,2026-06-17T19:40:00Z,Chase Field,R,LAA,AZ,108,109,Sam Aldegheri,Eduardo Rodriguez,691951,593958,1,8,AZ,1,9,7,N,1
822889,2026-06-18,2026-06-18T18:35:00Z,Globe Life Field,R,MIN,TEX,142,140,Joe Ryan,Jack Leiter,657746,683004,9,3,MIN,0,12,6,N,1
823125,2026-06-18,2026-06-18T20:10:00Z,T-Mobile Park,R,BAL,SEA,110,136,Shane Baz,Bryan Woo,669358,693433,0,3,SEA,1,3,3,N,1
823448,2026-06-18,2026-06-18T22:40:00Z,Citizens Bank Park,R,NYM,PHI,121,143,Sean Manaea,Aaron Nola,640455,605400,6,4,NYM,0,10,2,N,1
823533,2026-06-18,2026-06-18T23:05:00Z,Yankee Stadium,R,CWS,NYY,145,147,Bryan Hudson,Ryan Weathers,663542,677960,5,1,CWS,0,6,4,N,1
823772,2026-06-18,2026-06-18T18:10:00Z,American Family Field,R,CLE,MIL,114,158,Parker Messick,Shane Drohan,800048,675660,4,2,CLE,0,6,2,N,1
824098,2026-06-18,2026-06-18T23:40:00Z,Kauffman Stadium,R,STL,KC,138,118,Matthew Liberatore,Noah Cameron,669461,702070,6,14,KC,1,20,8,N,1
824748,2026-06-18,2026-06-18T17:35:00Z,Fenway Park,R,TOR,BOS,141,111,Trey Yesavage,Sonny Gray,702056,543243,4,3,TOR,0,7,1,N,1
824989,2026-06-18,2026-06-19T01:40:00Z,Sutter Health Park,R,LAA,ATH,108,133,Ryan Johnson,Gage Jump,696270,695611,0,5,ATH,1,5,5,N,1
822886,2026-06-19,2026-06-20T00:05:00Z,Globe Life Field,R,SD,TEX,135,140,Randy Vásquez,Jacob deGrom,681190,594798,7,9,TEX,1,16,2,N,1
822966,2026-06-19,2026-06-19T23:10:00Z,Tropicana Field,R,WSH,TB,120,139,PJ Poulin,Griffin Jax,676571,643377,2,5,TB,1,7,3,N,1
823124,2026-06-19,2026-06-20T02:10:00Z,T-Mobile Park,R,BOS,SEA,111,136,Ranger Suarez,Bryce Miller,624133,682243,6,2,BOS,0,8,4,N,1
823534,2026-06-19,2026-06-19T23:05:00Z,Yankee Stadium,R,CIN,NYY,113,147,Rhett Lowder,Cam Schlittler,695076,693645,0,5,NYY,1,5,5,N,1
823853,2026-06-19,2026-06-19T23:10:00Z,loanDepot park,R,SF,MIA,137,146,Landen Roupp,Lake Bachar,694738,669199,3,4,MIA,1,7,1,N,1
823936,2026-06-19,2026-06-20T02:10:00Z,UNIQLO Field at Dodger Stadium,R,BAL,LAD,110,119,Trey Gibson,Roki Sasaki,694346,808963,5,6,LAD,1,11,1,N,1
824097,2026-06-19,2026-06-20T00:15:00Z,Kauffman Stadium,R,STL,KC,138,118,Michael McGreevy,Seth Lugo,700241,607625,5,6,KC,1,11,1,N,1
824179,2026-06-19,2026-06-20T00:10:00Z,Daikin Park,R,CLE,HOU,114,117,Tanner Bibee,Tatsuya Imai,676440,837227,3,9,HOU,1,12,6,N,1
824264,2026-06-19,2026-06-19T22:40:00Z,Comerica Park,R,CWS,DET,145,116,Brandon Eisert,Tarik Skubal,685126,669373,3,4,DET,1,7,1,N,1
824345,2026-06-19,2026-06-20T00:40:00Z,Coors Field,R,PIT,COL,134,115,Bubba Chandler,Kyle Freeland,696149,607536,3,4,COL,1,7,1,N,1
824663,2026-06-19,2026-06-19T18:20:00Z,Wrigley Field,R,TOR,CHC,141,112,Kevin Gausman,Ben Brown,592332,676962,2,16,CHC,1,18,14,N,1
824910,2026-06-19,2026-06-19T23:15:00Z,Truist Park,R,MIL,ATL,158,144,Jacob Misiorowski,Martín Pérez,694819,527048,2,3,ATL,1,5,1,N,1
824990,2026-06-19,2026-06-20T01:40:00Z,Sutter Health Park,R,LAA,ATH,108,133,José Soriano,Jeffrey Springs,667755,605488,11,12,ATH,1,23,1,N,1
825069,2026-06-19,2026-06-20T01:45:00Z,Chase Field,R,MIN,AZ,142,109,Connor Prielipp,Michael Soroka,687570,647336,5,9,AZ,1,14,4,N,1
822885,2026-06-20,2026-06-20T20:05:00Z,Globe Life Field,R,SD,TEX,135,140,Walker Buehler,MacKenzie Gore,621111,669022,6,4,SD,0,10,2,N,1
822967,2026-06-20,2026-06-20T20:10:00Z,Tropicana Field,R,WSH,TB,120,139,Cade Cavalli,Ian Seymour,676917,693855,4,3,WSH,0,7,1,N,1
823126,2026-06-20,2026-06-21T02:10:00Z,T-Mobile Park,R,BOS,SEA,111,136,Connelly Early,Emerson Hancock,813349,676106,5,1,BOS,0,6,4,N,1
823447,2026-06-20,2026-06-20T23:15:00Z,Citizens Bank Park,R,NYM,PHI,121,143,Freddy Peralta,Cristopher Sánchez,642547,650911,3,15,PHI,1,18,12,N,1
823532,2026-06-20,2026-06-20T17:35:00Z,Yankee Stadium,R,CIN,NYY,113,147,Andrew Abbott,Will Warren,671096,701542,10,2,CIN,0,12,8,N,1
823854,2026-06-20,2026-06-20T20:10:00Z,loanDepot park,R,SF,MIA,137,146,Trevor McDonald,Max Meyer,686790,676974,3,6,MIA,1,9,3,N,1
823937,2026-06-20,2026-06-21T02:10:00Z,UNIQLO Field at Dodger Stadium,R,BAL,LAD,110,119,Trevor Rogers,Yoshinobu Yamamoto,669432,808967,3,2,BAL,0,5,1,N,1
824180,2026-06-20,2026-06-20T23:15:00Z,Daikin Park,R,CLE,HOU,114,117,Joey Cantillo,Spencer Arrighetti,676282,681293,8,1,CLE,0,9,7,N,1
824263,2026-06-20,2026-06-20T17:10:00Z,Comerica Park,R,CWS,DET,145,116,Sean Newcomb,Troy Melton,656794,675512,1,4,DET,1,5,3,N,1
824342,2026-06-20,2026-06-21T01:10:00Z,Coors Field,R,PIT,COL,134,115,Paul Skenes,Tomoyuki Sugano,694973,608372,1,2,COL,1,3,1,N,1
824665,2026-06-20,2026-06-20T18:20:00Z,Wrigley Field,R,TOR,CHC,141,112,Patrick Corbin,Colin Rea,571578,607067,8,6,TOR,0,14,2,N,1
824909,2026-06-20,2026-06-20T20:10:00Z,Truist Park,R,MIL,ATL,158,144,Kyle Harrison,Chris Sale,690986,519242,3,4,ATL,1,7,1,N,1
824988,2026-06-20,2026-06-21T02:05:00Z,Sutter Health Park,R,LAA,ATH,108,133,Walbert Ureña,J.T. Ginn,700712,669372,7,0,LAA,0,7,7,N,1
825068,2026-06-20,2026-06-21T02:10:00Z,Chase Field,R,MIN,AZ,142,109,Taj Bradley,Zac Gallen,671737,668678,16,8,MIN,0,24,8,N,1
822883,2026-06-21,2026-06-21T18:35:00Z,Globe Life Field,R,SD,TEX,135,140,Wandy Peralta,Nathan Eovaldi,593974,543135,3,4,TEX,1,7,1,N,1
822968,2026-06-21,2026-06-21T17:40:00Z,Tropicana Field,R,WSH,TB,120,139,Andrew Alvarez,Nick Martinez,674841,607259,3,4,TB,1,7,1,N,1
823123,2026-06-21,2026-06-21T20:10:00Z,T-Mobile Park,R,BOS,SEA,111,136,Payton Tolle,Logan Gilbert,801139,669302,1,3,SEA,1,4,2,N,1
823449,2026-06-21,2026-06-21T23:20:00Z,Citizens Bank Park,R,NYM,PHI,121,143,David Peterson,Zack Wheeler,656849,554430,2,6,PHI,1,8,4,N,1
823531,2026-06-21,2026-06-21T17:35:00Z,Yankee Stadium,R,CIN,NYY,113,147,Chase Burns,Elmer Rodríguez,695505,695684,4,1,CIN,0,5,3,N,1
823852,2026-06-21,2026-06-21T17:40:00Z,loanDepot park,R,SF,MIA,137,146,Logan Webb,Ryan Gusto,657277,687473,1,2,MIA,1,3,1,N,1
823934,2026-06-21,2026-06-21T20:10:00Z,UNIQLO Field at Dodger Stadium,R,BAL,LAD,110,119,Brandon Young,Emmet Sheehan,687064,686218,12,1,BAL,0,13,11,N,1
824095,2026-06-21,2026-06-21T18:10:00Z,Kauffman Stadium,R,STL,KC,138,118,Dustin May,Stephen Kolek,669160,663568,12,10,STL,0,22,2,N,1
824177,2026-06-21,2026-06-21T18:10:00Z,Daikin Park,R,CLE,HOU,114,117,Slade Cecconi,Kai-Wei Teng,677944,678906,1,2,HOU,1,3,1,N,1
824260,2026-06-21,2026-06-21T17:40:00Z,Comerica Park,R,CWS,DET,145,116,Davis Martin,Keider Montero,663436,672456,4,5,DET,1,9,1,N,1
824343,2026-06-21,2026-06-21T19:10:00Z,Coors Field,R,PIT,COL,134,115,Jared Jones,Michael Lorenzen,683003,547179,8,6,PIT,0,14,2,N,1
824908,2026-06-21,2026-06-21T17:35:00Z,Truist Park,R,MIL,ATL,158,144,Robert Gasser,Bryce Elder,688107,693821,9,4,MIL,0,13,5,N,1
824987,2026-06-21,2026-06-21T20:05:00Z,Sutter Health Park,R,LAA,ATH,108,133,Reid Detmers,Jack Perkins,672282,678022,9,7,LAA,0,16,2,N,1
825067,2026-06-21,2026-06-21T19:15:00Z,Chase Field,R,MIN,AZ,142,109,Mike Paredes,Jose Cabrera,702474,703615,4,2,MIN,0,6,2,N,1
822720,2026-06-22,2026-06-22T22:45:00Z,Nationals Park,R,PHI,WSH,143,120,Tim Mayza,Foster Griffin,641835,656492,1,4,WSH,1,5,3,N,1
822800,2026-06-22,2026-06-22T23:07:00Z,Rogers Centre,R,HOU,TOR,117,141,Hunter Brown,Dylan Cease,686613,656302,2,4,TOR,1,6,2,N,1
822964,2026-06-22,2026-06-22T22:40:00Z,Tropicana Field,R,KC,TB,118,139,Michael Wacha,Drew Rasmussen,608379,656876,2,1,KC,0,3,1,N,1
823040,2026-06-22,2026-06-22T23:45:00Z,Busch Stadium,R,AZ,STL,109,138,Merrill Kelly,Andre Pallante,518876,669467,2,3,STL,1,5,1,N,1
823288,2026-06-22,2026-06-23T02:10:00Z,Petco Park,R,ATL,SD,144,135,Grant Holmes,Michael King,656550,650633,0,1,SD,1,1,1,N,1
823692,2026-06-22,2026-06-22T23:40:00Z,Target Field,R,LAD,MIN,119,142,Will Klein,Zebby Matthews,694361,805673,2,1,LAD,0,3,1,N,1
823851,2026-06-22,2026-06-22T22:40:00Z,loanDepot park,R,TEX,MIA,140,146,Tyler Alexander,Tyler Phillips,641302,663969,4,3,TEX,0,7,1,N,1
824016,2026-06-22,2026-06-23T01:38:00Z,Angel Stadium,R,BAL,LAA,110,108,Kyle Bradish,Sam Aldegheri,680694,691951,6,1,BAL,0,7,5,N,1
824261,2026-06-22,2026-06-22T22:10:00Z,Comerica Park,R,NYY,DET,147,116,Gerrit Cole,Framber Valdez,543037,664285,3,5,DET,1,8,2,N,1
824344,2026-06-22,2026-06-23T00:40:00Z,Coors Field,R,BOS,COL,111,115,Jake Bennett,Ryan Feltner,687562,663372,2,3,COL,1,5,1,N,1
824502,2026-06-22,2026-06-22T23:10:00Z,Great American Ball Park,R,MIL,CIN,158,113,Brandon Woodruff,Brady Singer,605540,663903,2,1,MIL,0,3,1,N,1
824585,2026-06-22,2026-06-22T23:40:00Z,Rate Field,R,CLE,CWS,114,145,Gavin Williams,Anthony Kay,668909,641743,5,6,CWS,1,11,1,N,1
822718,2026-06-23,2026-06-23T22:45:00Z,Nationals Park,R,PHI,WSH,143,120,Jesús Luzardo,PJ Poulin,666200,676571,14,9,PHI,0,23,5,N,1
822799,2026-06-23,2026-06-23T20:07:00Z,Rogers Centre,R,HOU,TOR,117,141,Peter Lambert,Shane Bieber,663567,669456,9,7,HOU,0,16,2,N,1
822963,2026-06-23,2026-06-23T22:40:00Z,Tropicana Field,R,KC,TB,118,139,Luinder Avila,Shane McClanahan,679883,663556,12,5,KC,0,17,7,N,1
823043,2026-06-23,2026-06-23T23:45:00Z,Busch Stadium,R,AZ,STL,109,138,Eduardo Rodriguez,Kyle Leahy,593958,681517,4,3,AZ,0,7,1,N,1
823210,2026-06-23,2026-06-24T01:45:00Z,Oracle Park,R,ATH,SF,133,137,Aaron Civale,Robbie Ray,650644,592662,1,3,SF,1,4,2,N,1
823286,2026-06-23,2026-06-24T01:40:00Z,Petco Park,R,ATL,SD,144,135,JR Ritchie,Wandy Peralta,702275,593974,6,7,SD,1,13,1,N,1
823365,2026-06-23,2026-06-23T22:40:00Z,PNC Park,R,SEA,PIT,136,134,George Kirby,Mitch Keller,669923,656605,3,2,SEA,0,5,1,N,1
823614,2026-06-23,2026-06-23T23:10:00Z,Citi Field,R,CHC,NYM,112,121,Edward Cabrera,Kodai Senga,665795,673540,9,6,CHC,0,15,3,N,1
823690,2026-06-23,2026-06-23T23:40:00Z,Target Field,R,LAD,MIN,119,142,Justin Wrobleski,Kendry Rojas,680736,696070,12,3,LAD,0,15,9,N,1
823849,2026-06-23,2026-06-23T22:40:00Z,loanDepot park,R,TEX,MIA,140,146,Cal Quantrill,Sandy Alcantara,615698,645261,4,6,MIA,1,10,2,N,1
824017,2026-06-23,2026-06-24T01:38:00Z,Angel Stadium,R,BAL,LAA,110,108,Shane Baz,Ryan Johnson,669358,696270,1,5,LAA,1,6,4,N,1
824262,2026-06-23,2026-06-23T22:40:00Z,Comerica Park,R,NYY,DET,147,116,Carlos Rodón,Casey Mize,607074,663554,4,3,NYY,0,7,1,N,1
824340,2026-06-23,2026-06-24T00:40:00Z,Coors Field,R,BOS,COL,111,115,Sonny Gray,Sean Sullivan,543243,807743,5,2,BOS,0,7,3,N,1
824501,2026-06-23,2026-06-23T23:10:00Z,Great American Ball Park,R,MIL,CIN,158,113,Brandon Sproat,Nick Lodolo,687075,666157,2,0,MIL,0,2,2,N,1
824584,2026-06-23,2026-06-23T23:40:00Z,Rate Field,R,CLE,CWS,114,145,Parker Messick,Sean Burke,800048,680732,1,2,CWS,1,3,1,N,1
822719,2026-06-24,2026-06-24T22:45:00Z,Nationals Park,R,PHI,WSH,143,120,Aaron Nola,Carson Palmquist,605400,687223,5,4,PHI,0,9,1,N,1
822798,2026-06-24,2026-06-24T23:07:00Z,Rogers Centre,R,HOU,TOR,117,141,Mike Burrows,Trey Yesavage,681347,702056,3,1,HOU,0,4,2,N,1
822965,2026-06-24,2026-06-24T22:40:00Z,Tropicana Field,R,KC,TB,118,139,Noah Cameron,Griffin Jax,702070,643377,3,5,TB,1,8,2,N,1
823041,2026-06-24,2026-06-24T23:45:00Z,Busch Stadium,R,AZ,STL,109,138,Mitch Bratt,Matthew Liberatore,683352,669461,9,4,AZ,0,13,5,N,1
823208,2026-06-24,2026-06-25T01:45:00Z,Oracle Park,R,ATH,SF,133,137,Gage Jump,Tyler Mahle,695611,641816,1,2,SF,1,3,1,N,1
823284,2026-06-24,2026-06-25T00:40:00Z,Petco Park,R,ATL,SD,144,135,Martín Pérez,JP Sears,527048,676664,2,5,SD,1,7,3,N,1
823367,2026-06-24,2026-06-24T22:40:00Z,PNC Park,R,SEA,PIT,136,134,Bryan Woo,Braxton Ashcraft,693433,677952,1,11,PIT,1,12,10,N,1
823611,2026-06-24,2026-06-24T23:10:00Z,Citi Field,R,CHC,NYM,112,121,Shota Imanaga,Sean Manaea,684007,640455,10,5,CHC,0,15,5,S,2
823613,2026-06-24,2026-06-24T17:10:00Z,Citi Field,R,CHC,NYM,112,121,Javier Assad,Nolan McLean,665871,690997,10,3,CHC,0,13,7,S,1
823691,2026-06-24,2026-06-24T23:40:00Z,Target Field,R,LAD,MIN,119,142,Shohei Ohtani,Joe Ryan,660271,657746,4,3,LAD,0,7,1,N,1
823850,2026-06-24,2026-06-24T16:10:00Z,loanDepot park,R,TEX,MIA,140,146,Jacob deGrom,Eury Pérez,594798,691587,2,4,MIA,1,6,2,N,1
824018,2026-06-24,2026-06-24T20:07:00Z,Angel Stadium,R,BAL,LAA,110,108,Trey Gibson,José Soriano,694346,667755,6,7,LAA,1,13,1,N,1
824259,2026-06-24,2026-06-24T22:40:00Z,Comerica Park,R,NYY,DET,147,116,Ryan Weathers,Tarik Skubal,677960,669373,4,2,NYY,0,6,2,N,1
824341,2026-06-24,2026-06-24T19:10:00Z,Coors Field,R,BOS,COL,111,115,Ranger Suarez,Kyle Freeland,624133,607536,6,8,COL,1,14,2,N,1
824500,2026-06-24,2026-06-24T23:10:00Z,Great American Ball Park,R,MIL,CIN,158,113,Shane Drohan,Rhett Lowder,675660,695076,6,5,MIL,0,11,1,N,1
824583,2026-06-24,2026-06-24T18:10:00Z,Rate Field,R,CLE,CWS,114,145,Tanner Bibee,Erick Fedde,676440,607200,4,3,CLE,0,7,1,N,1
822717,2026-06-25,2026-06-25T22:45:00Z,Nationals Park,R,PHI,WSH,143,120,Cristopher Sánchez,Cade Cavalli,650911,676917,10,5,PHI,0,15,5,N,1
822797,2026-06-25,2026-06-25T23:07:00Z,Rogers Centre,R,TEX,TOR,140,141,MacKenzie Gore,Kevin Gausman,669022,592332,6,5,TEX,0,11,1,N,1
822961,2026-06-25,2026-06-25T16:10:00Z,Tropicana Field,R,KC,TB,118,139,Seth Lugo,Casey Legumina,607625,668984,2,13,TB,1,15,11,N,1
823209,2026-06-25,2026-06-25T19:45:00Z,Oracle Park,R,ATH,SF,133,137,Jeffrey Springs,Landen Roupp,605488,694738,9,6,ATH,0,15,3,N,1
823366,2026-06-25,2026-06-25T16:35:00Z,PNC Park,R,SEA,PIT,136,134,Bryce Miller,Bubba Chandler,682243,696149,1,5,PIT,1,6,4,N,1
823612,2026-06-25,2026-06-25T23:10:00Z,Citi Field,R,CHC,NYM,112,121,Matthew Boyd,Freddy Peralta,571510,642547,4,3,CHC,0,7,1,N,1
824258,2026-06-25,2026-06-25T22:40:00Z,Comerica Park,R,HOU,DET,117,116,Tatsuya Imai,Troy Melton,837227,675512,2,1,HOU,0,3,1,N,1
824747,2026-06-25,2026-06-25T23:10:00Z,Fenway Park,R,NYY,BOS,147,111,Cam Schlittler,Connelly Early,693645,813349,3,6,BOS,1,9,3,N,1
822796,2026-06-26,2026-06-26T23:07:00Z,Rogers Centre,R,TEX,TOR,140,141,Nathan Eovaldi,Patrick Corbin,543135,571578,5,4,TEX,0,9,1,N,1
822962,2026-06-26,2026-06-26T23:10:00Z,Tropicana Field,R,AZ,TB,109,139,Zac Gallen,Nick Martinez,668678,607259,1,6,TB,1,7,5,N,1
823039,2026-06-26,2026-06-27T00:15:00Z,Busch Stadium,R,MIA,STL,146,138,Max Meyer,Michael McGreevy,676974,700241,4,0,MIA,0,4,4,N,1
823206,2026-06-26,2026-06-27T02:15:00Z,Oracle Park,R,ATL,SF,144,137,Reynaldo López,Trevor McDonald,625643,686790,3,1,ATL,0,4,2,N,1
823285,2026-06-26,2026-06-27T01:45:00Z,Petco Park,R,LAD,SD,119,135,Roki Sasaki,Walker Buehler,808963,621111,1,7,SD,1,8,6,N,1
823363,2026-06-26,2026-06-26T22:40:00Z,PNC Park,R,CIN,PIT,113,134,Andrew Abbott,Paul Skenes,671096,694973,6,4,CIN,0,10,2,N,1
823610,2026-06-26,2026-06-26T23:10:00Z,Citi Field,R,PHI,NYM,143,121,Zack Wheeler,Zac Thornton,554430,804267,2,1,PHI,0,3,1,N,1
823688,2026-06-26,2026-06-27T00:10:00Z,Target Field,R,COL,MIN,115,142,Tomoyuki Sugano,Taj Bradley,608372,671737,8,9,MIN,1,17,1,N,1
823773,2026-06-26,2026-06-26T23:45:00Z,American Family Field,R,CHC,MIL,112,158,Colin Rea,Jacob Misiorowski,607067,694819,2,6,MIL,1,8,4,N,1
824014,2026-06-26,2026-06-27T01:38:00Z,Angel Stadium,R,ATH,LAA,133,108,J.T. Ginn,Walbert Ureña,669372,700712,9,3,ATH,0,12,6,N,1
824255,2026-06-26,2026-06-26T22:40:00Z,Comerica Park,R,HOU,DET,117,116,Spencer Arrighetti,Keider Montero,681293,672456,0,8,DET,1,8,8,N,1
824423,2026-06-26,2026-06-26T23:10:00Z,Progressive Field,R,SEA,CLE,136,114,Luis Castillo,Joey Cantillo,622491,676282,3,1,SEA,0,4,2,N,1
824582,2026-06-26,2026-06-26T23:40:00Z,Rate Field,R,KC,CWS,118,145,Steven Cruz,David Sandlin,674444,689818,1,22,CWS,1,23,21,N,1
824743,2026-06-26,2026-06-26T23:10:00Z,Fenway Park,R,NYY,BOS,147,111,Will Warren,Payton Tolle,701542,801139,1,6,BOS,1,7,5,N,1
824824,2026-06-26,2026-06-26T23:05:00Z,Oriole Park at Camden Yards,R,WSH,BAL,120,110,Andrew Alvarez,Trevor Rogers,674841,669432,1,3,BAL,1,4,2,N,1
822794,2026-06-27,2026-06-27T19:07:00Z,Rogers Centre,R,TEX,TOR,140,141,Cal Quantrill,Dylan Cease,615698,656302,7,4,TEX,0,11,3,N,1
822960,2026-06-27,2026-06-27T22:10:00Z,Tropicana Field,R,AZ,TB,109,139,Jose Cabrera,Cole Sulser,703615,642121,2,4,TB,1,6,2,N,1
823038,2026-06-27,2026-06-27T23:15:00Z,Busch Stadium,R,MIA,STL,146,138,Ryan Gusto,Andre Pallante,687473,669467,5,1,MIA,0,6,4,N,1
823207,2026-06-27,2026-06-28T01:05:00Z,Oracle Park,R,ATL,SF,144,137,Bryce Elder,Logan Webb,693821,657277,0,5,SF,1,5,5,N,1
823283,2026-06-27,2026-06-28T00:40:00Z,Petco Park,R,LAD,SD,119,135,Yoshinobu Yamamoto,Kyle Hart,808967,606996,15,3,LAD,0,18,12,N,1
823364,2026-06-27,2026-06-27T20:05:00Z,PNC Park,R,CIN,PIT,113,134,Chase Burns,Jared Jones,695505,683003,9,7,CIN,0,16,2,N,1
823609,2026-06-27,2026-06-27T20:10:00Z,Citi Field,R,PHI,NYM,143,121,Tim Mayza,Christian Scott,641835,681035,2,6,NYM,1,8,4,N,1
823689,2026-06-27,2026-06-27T23:10:00Z,Target Field,R,COL,MIN,115,142,Michael Lorenzen,Mike Paredes,547179,702474,8,5,COL,0,13,3,N,1
823770,2026-06-27,2026-06-27T23:10:00Z,American Family Field,R,CHC,MIL,112,158,David Peterson,Kyle Harrison,656849,690986,8,2,CHC,0,10,6,N,1
824015,2026-06-27,2026-06-28T01:38:00Z,Angel Stadium,R,ATH,LAA,133,108,Jack Perkins,Reid Detmers,678022,672282,2,5,LAA,1,7,3,N,1
824257,2026-06-27,2026-06-27T17:10:00Z,Comerica Park,R,HOU,DET,117,116,Kai-Wei Teng,Framber Valdez,678906,664285,8,6,HOU,0,14,2,N,1
824421,2026-06-27,2026-06-27T23:10:00Z,Progressive Field,R,SEA,CLE,136,114,Logan Gilbert,Slade Cecconi,669302,677944,3,4,CLE,1,7,1,N,1
824581,2026-06-27,2026-06-27T20:10:00Z,Rate Field,R,KC,CWS,118,145,Michael Wacha,Davis Martin,608379,663436,1,2,CWS,1,3,1,N,1
824745,2026-06-27,2026-06-27T17:10:00Z,Fenway Park,R,NYY,BOS,147,111,Gerrit Cole,Jake Bennett,543037,687562,1,4,BOS,1,5,3,N,1
824825,2026-06-27,2026-06-27T23:05:00Z,Oriole Park at Camden Yards,R,WSH,BAL,120,110,Foster Griffin,Brandon Young,656492,687064,4,3,WSH,0,7,1,N,1
822795,2026-06-28,2026-06-28T17:37:00Z,Rogers Centre,R,TEX,TOR,140,141,Kumar Rocker,Shane Bieber,677958,669456,3,2,TEX,0,5,1,N,1
822959,2026-06-28,2026-06-28T17:40:00Z,Tropicana Field,R,AZ,TB,109,139,Merrill Kelly,Drew Rasmussen,518876,656876,1,5,TB,1,6,4,N,1
823037,2026-06-28,2026-06-28T18:15:00Z,Busch Stadium,R,MIA,STL,146,138,Tyler Phillips,Kyle Leahy,663969,681517,1,2,STL,1,3,1,N,1
823204,2026-06-28,2026-06-28T20:05:00Z,Oracle Park,R,ATL,SF,144,137,Chris Sale,Robbie Ray,519242,592662,2,3,SF,1,5,1,N,1
823281,2026-06-28,2026-06-28T20:10:00Z,Petco Park,R,LAD,SD,119,135,Emmet Sheehan,Michael King,686218,650633,4,2,LAD,0,6,2,N,1
823362,2026-06-28,2026-06-28T17:35:00Z,PNC Park,R,CIN,PIT,113,134,Brady Singer,Mitch Keller,663903,656605,4,9,PIT,1,13,5,N,1
823608,2026-06-28,2026-06-28T17:40:00Z,Citi Field,R,PHI,NYM,143,121,Jesús Luzardo,Cionel Pérez,666200,672335,5,4,PHI,0,9,1,N,1
823686,2026-06-28,2026-06-28T18:10:00Z,Target Field,R,COL,MIN,115,142,Ryan Feltner,Connor Prielipp,663372,687570,2,3,MIN,1,5,1,N,1
823769,2026-06-28,2026-06-28T18:10:00Z,American Family Field,R,CHC,MIL,112,158,Ryan Rolison,Brandon Woodruff,669020,605540,4,3,CHC,0,7,1,N,1
824011,2026-06-28,2026-06-28T19:15:00Z,Angel Stadium,R,ATH,LAA,133,108,Aaron Civale,Sam Aldegheri,650644,691951,1,4,LAA,1,5,3,N,1
824256,2026-06-28,2026-06-28T17:40:00Z,Comerica Park,R,HOU,DET,117,116,Hunter Brown,Jack Flaherty,686613,656427,7,5,HOU,0,12,2,N,1
824422,2026-06-28,2026-06-28T17:40:00Z,Progressive Field,R,SEA,CLE,136,114,Emerson Hancock,Gavin Williams,676106,668909,5,6,CLE,1,11,1,N,1
824580,2026-06-28,2026-06-28T18:10:00Z,Rate Field,R,KC,CWS,118,145,Luinder Avila,Anthony Kay,679883,641743,5,4,KC,0,9,1,N,1
824744,2026-06-28,2026-06-28T23:20:00Z,Fenway Park,R,NYY,BOS,147,111,Carlos Rodón,Sonny Gray,607074,543243,4,5,BOS,1,9,1,N,1
824821,2026-06-28,2026-06-28T17:35:00Z,Oriole Park at Camden Yards,R,WSH,BAL,120,110,Zack Littell,Kyle Bradish,641793,680694,6,4,WSH,0,10,2,N,1
822792,2026-06-29,2026-06-29T23:07:00Z,Rogers Centre,R,NYM,TOR,121,141,Sean Manaea,Trey Yesavage,640455,702056,1,2,TOR,1,3,1,N,1
823121,2026-06-29,2026-06-30T01:40:00Z,T-Mobile Park,R,LAA,SEA,108,136,Ryan Johnson,George Kirby,696270,669923,2,6,SEA,1,8,4,N,1
823444,2026-06-29,2026-06-29T22:40:00Z,Citizens Bank Park,R,PIT,PHI,134,143,Braxton Ashcraft,Aaron Nola,677952,605400,11,7,PIT,0,18,4,N,1
823529,2026-06-29,2026-06-29T23:05:00Z,Yankee Stadium,R,DET,NYY,116,147,Casey Mize,Ryan Weathers,663554,677960,7,3,DET,0,10,4,N,1
823771,2026-06-29,2026-06-29T23:40:00Z,American Family Field,R,CIN,MIL,113,158,Nick Lodolo,Robert Gasser,666157,688107,3,5,MIL,1,8,2,N,1
824176,2026-06-29,2026-06-30T00:10:00Z,Daikin Park,R,MIN,HOU,142,117,Zebby Matthews,Peter Lambert,805673,663567,5,4,MIN,0,9,1,N,1
824339,2026-06-29,2026-06-30T00:40:00Z,Coors Field,R,MIA,COL,146,115,Sandy Alcantara,Sean Sullivan,645261,807743,10,7,MIA,0,17,3,N,1
824420,2026-06-29,2026-06-29T23:10:00Z,Progressive Field,R,TEX,CLE,140,114,Tyler Alexander,Parker Messick,641302,800048,6,3,TEX,0,9,3,N,1
824662,2026-06-29,2026-06-30T00:05:00Z,Wrigley Field,R,SD,CHC,135,112,Griffin Canning,Shota Imanaga,656288,684007,2,3,CHC,1,5,1,N,1
824741,2026-06-29,2026-06-29T23:10:00Z,Fenway Park,R,WSH,BOS,120,111,Miles Mikolas,Ranger Suarez,571945,624133,3,6,BOS,1,9,3,N,1
824822,2026-06-29,2026-06-29T22:35:00Z,Oriole Park at Camden Yards,R,CWS,BAL,145,110,Sean Burke,Shane Baz,680732,669358,8,2,CWS,0,10,6,N,1
824986,2026-06-29,2026-06-30T01:40:00Z,Sutter Health Park,R,LAD,ATH,119,133,Eric Lauer,Gage Jump,641778,695611,9,4,LAD,0,13,5,N,1
825065,2026-06-29,2026-06-30T01:40:00Z,Chase Field,R,SF,AZ,137,109,Tyler Mahle,Eduardo Rodriguez,641816,593958,4,5,AZ,1,9,1,N,1
822793,2026-06-30,2026-06-30T23:07:00Z,Rogers Centre,R,NYM,TOR,121,141,Nolan McLean,Kevin Gausman,690997,592332,3,0,NYM,0,3,3,N,1
823122,2026-06-30,2026-07-01T01:40:00Z,T-Mobile Park,R,LAA,SEA,108,136,José Soriano,Bryan Woo,667755,693433,3,8,SEA,1,11,5,N,1
823445,2026-06-30,2026-06-30T22:40:00Z,Citizens Bank Park,R,PIT,PHI,134,143,Bubba Chandler,Cristopher Sánchez,696149,650911,0,8,PHI,1,8,8,N,1
823528,2026-06-30,2026-06-30T23:05:00Z,Yankee Stadium,R,DET,NYY,116,147,Tarik Skubal,Cam Schlittler,669373,693645,9,3,DET,0,12,6,N,1
823768,2026-06-30,2026-06-30T23:40:00Z,American Family Field,R,CIN,MIL,113,158,Rhett Lowder,Brandon Sproat,695076,687075,2,7,MIL,1,9,5,N,1
824096,2026-06-30,2026-06-30T23:40:00Z,Kauffman Stadium,R,TB,KC,139,118,Griffin Jax,Noah Cameron,643377,702070,10,4,TB,0,14,6,N,1
824175,2026-06-30,2026-07-01T00:10:00Z,Daikin Park,R,MIN,HOU,142,117,Joe Ryan,Mike Burrows,657746,681347,4,6,HOU,1,10,2,N,1
824338,2026-06-30,2026-07-01T00:40:00Z,Coors Field,R,MIA,COL,146,115,Eury Pérez,Tanner Gordon,691587,685299,14,3,MIA,0,17,11,N,1
824418,2026-06-30,2026-06-30T22:40:00Z,Progressive Field,R,TEX,CLE,140,114,Jacob deGrom,Tanner Bibee,594798,676440,4,2,TEX,0,6,2,N,1
824661,2026-06-30,2026-07-01T00:05:00Z,Wrigley Field,R,SD,CHC,135,112,JP Sears,Matthew Boyd,676664,571510,7,9,CHC,1,16,2,N,1
824742,2026-06-30,2026-06-30T23:10:00Z,Fenway Park,R,WSH,BOS,120,111,Cade Cavalli,Connelly Early,676917,813349,8,1,WSH,0,9,7,N,1
824819,2026-06-30,2026-06-30T22:35:00Z,Oriole Park at Camden Yards,R,CWS,BAL,145,110,Erick Fedde,Trey Gibson,607200,694346,9,3,CWS,0,12,6,N,1
824907,2026-06-30,2026-06-30T23:15:00Z,Truist Park,R,STL,ATL,138,144,Matthew Liberatore,Martín Pérez,669461,527048,5,3,STL,0,8,2,N,1
824984,2026-06-30,2026-07-01T01:40:00Z,Sutter Health Park,R,LAD,ATH,119,133,Justin Wrobleski,Jeffrey Springs,680736,605488,9,3,LAD,0,12,6,N,1
825066,2026-06-30,2026-07-01T01:40:00Z,Chase Field,R,SF,AZ,137,109,Landen Roupp,Brandon Pfaadt,694738,694297,2,8,AZ,1,10,6,N,1
822791,2026-07-01,2026-07-01T19:07:00Z,Rogers Centre,R,NYM,TOR,121,141,Freddy Peralta,Braydon Fisher,642547,680755,3,9,TOR,1,12,6,N,1
823446,2026-07-01,2026-07-01T22:40:00Z,Citizens Bank Park,R,PIT,PHI,134,143,Paul Skenes,Zack Wheeler,694973,554430,6,10,PHI,1,16,4,N,1
823530,2026-07-01,2026-07-01T17:35:00Z,Yankee Stadium,R,DET,NYY,116,147,Troy Melton,Will Warren,675512,701542,6,2,DET,0,8,4,N,1
823767,2026-07-01,2026-07-02T00:10:00Z,American Family Field,R,CIN,MIL,113,158,Andrew Abbott,Shane Drohan,671096,675660,2,4,MIL,1,6,2,N,1
824094,2026-07-01,2026-07-01T23:40:00Z,Kauffman Stadium,R,TB,KC,139,118,Shane McClanahan,Seth Lugo,663556,607625,4,0,TB,0,4,4,N,1
824174,2026-07-01,2026-07-02T00:10:00Z,Daikin Park,R,MIN,HOU,142,117,Taj Bradley,Tatsuya Imai,671737,837227,8,3,MIN,0,11,5,N,1
824337,2026-07-01,2026-07-02T00:40:00Z,Coors Field,R,MIA,COL,146,115,Max Meyer,Kyle Freeland,676974,607536,3,6,COL,1,9,3,N,1
824419,2026-07-01,2026-07-01T17:10:00Z,Progressive Field,R,TEX,CLE,140,114,MacKenzie Gore,Joey Cantillo,669022,676282,4,9,CLE,1,13,5,N,1
824660,2026-07-01,2026-07-01T18:20:00Z,Wrigley Field,R,SD,CHC,135,112,Walker Buehler,Colin Rea,621111,607067,3,23,CHC,1,26,20,N,1
824740,2026-07-01,2026-07-01T17:35:00Z,Fenway Park,R,WSH,BOS,120,111,Brad Lord,Payton Tolle,695418,801139,10,2,WSH,0,12,8,N,1
824818,2026-07-01,2026-07-01T16:35:00Z,Oriole Park at Camden Yards,R,CWS,BAL,145,110,Noah Schultz,Dean Kremer,702273,665152,1,6,BAL,1,7,5,N,1
824905,2026-07-01,2026-07-01T23:15:00Z,Truist Park,R,STL,ATL,138,144,Michael McGreevy,Reynaldo López,700241,625643,1,5,ATL,1,6,4,N,1
824985,2026-07-01,2026-07-02T01:40:00Z,Sutter Health Park,R,LAD,ATH,119,133,,J.T. Ginn,,669372,1,7,ATH,1,8,6,N,1
825064,2026-07-01,2026-07-02T01:40:00Z,Chase Field,R,SF,AZ,137,109,Trevor McDonald,Zac Gallen,686790,668678,6,4,SF,0,10,2,N,1
822884,2026-07-02,2026-07-03T00:05:00Z,Globe Life Field,R,DET,TEX,116,140,Framber Valdez,Nathan Eovaldi,664285,543135,4,10,TEX,1,14,6,N,1
823119,2026-07-02,2026-07-03T01:40:00Z,T-Mobile Park,R,LAA,SEA,108,136,Walbert Ureña,Bryce Miller,700712,682243,0,1,SEA,1,1,1,N,1
823442,2026-07-02,2026-07-02T16:35:00Z,Citizens Bank Park,R,PIT,PHI,134,143,Jared Jones,Alan Rangel,683003,660604,6,1,PIT,0,7,5,N,1
823765,2026-07-02,2026-07-02T18:10:00Z,American Family Field,R,CIN,MIL,113,158,Chase Burns,Jacob Misiorowski,695505,694819,7,2,CIN,0,9,5,N,1
823935,2026-07-02,2026-07-03T02:10:00Z,UNIQLO Field at Dodger Stadium,R,SD,LAD,135,119,Randy Vásquez,Roki Sasaki,681190,808963,7,12,LAD,1,19,5,N,1
824093,2026-07-02,2026-07-02T23:40:00Z,Kauffman Stadium,R,TB,KC,139,118,Ian Seymour,Stephen Kolek,693855,663568,5,2,TB,0,7,3,N,1
824335,2026-07-02,2026-07-02T19:10:00Z,Coors Field,R,MIA,COL,146,115,Ryan Gusto,Michael Lorenzen,687473,547179,4,14,COL,1,18,10,N,1
824416,2026-07-02,2026-07-02T22:40:00Z,Progressive Field,R,CWS,CLE,145,114,Davis Martin,Slade Cecconi,663436,677944,5,6,CLE,1,11,1,N,1
824906,2026-07-02,2026-07-02T23:15:00Z,Truist Park,R,STL,ATL,138,144,Dustin May,Hurston Waldrep,669160,694462,11,5,STL,0,16,6,N,1
822714,2026-07-03,2026-07-03T22:45:00Z,Nationals Park,R,PIT,WSH,134,120,Mitch Keller,Foster Griffin,656605,656492,5,9,WSH,1,14,4,N,1
823120,2026-07-03,2026-07-04T02:10:00Z,T-Mobile Park,R,TOR,SEA,141,136,Dylan Cease,Luis Castillo,656302,622491,2,0,TOR,0,2,2,N,1
823527,2026-07-03,2026-07-03T23:05:00Z,Yankee Stadium,R,MIN,NYY,142,147,Mike Paredes,Gerrit Cole,702474,543037,2,5,NYY,1,7,3,N,1
823933,2026-07-03,2026-07-04T02:10:00Z,UNIQLO Field at Dodger Stadium,R,SD,LAD,135,119,Michael King,Shohei Ohtani,650633,660271,3,4,LAD,1,7,1,N,1
824013,2026-07-03,2026-07-04T01:38:00Z,Angel Stadium,R,BOS,LAA,111,108,Jake Bennett,Reid Detmers,687562,672282,5,2,BOS,0,7,3,N,1
824173,2026-07-03,2026-07-04T00:15:00Z,Daikin Park,R,TB,HOU,139,117,Nick Martinez,Spencer Arrighetti,607259,681293,3,1,TB,0,4,2,N,1
824336,2026-07-03,2026-07-04T00:10:00Z,Coors Field,R,SF,COL,137,115,Logan Webb,Ryan Feltner,657277,663372,3,15,COL,1,18,12,N,1
824417,2026-07-03,2026-07-03T23:10:00Z,Progressive Field,R,CWS,CLE,145,114,Anthony Kay,Gavin Williams,641743,668909,3,4,CLE,1,7,1,N,1
824498,2026-07-03,2026-07-03T23:10:00Z,Great American Ball Park,R,BAL,CIN,110,113,Trevor Rogers,Brady Singer,669432,663903,3,0,BAL,0,3,3,N,1
824659,2026-07-03,2026-07-03T20:05:00Z,Wrigley Field,R,STL,CHC,138,112,Andre Pallante,David Peterson,669467,656849,17,1,STL,0,18,16,N,1
824904,2026-07-03,2026-07-03T23:15:00Z,Truist Park,R,NYM,ATL,121,144,Christian Scott,Grant Holmes,681035,656550,3,5,ATL,1,8,2,N,1
824982,2026-07-03,2026-07-04T01:40:00Z,Sutter Health Park,R,MIA,ATH,146,133,Tyler Phillips,Jack Perkins,663969,678022,12,5,MIA,0,17,7,N,1
825062,2026-07-03,2026-07-04T01:45:00Z,Chase Field,R,MIL,AZ,158,109,Kyle Harrison,Jose Cabrera,690986,703615,7,4,MIL,0,11,3,N,1
822716,2026-07-04,2026-07-04T15:05:00Z,Nationals Park,R,PIT,WSH,134,120,Braxton Ashcraft,Carson Palmquist,677952,687223,7,1,PIT,0,8,6,N,1
822882,2026-07-04,2026-07-04T20:05:00Z,Globe Life Field,R,DET,TEX,116,140,Jack Flaherty,Cal Quantrill,656427,615698,3,0,DET,0,3,3,N,1
823118,2026-07-04,2026-07-04T20:10:00Z,T-Mobile Park,R,TOR,SEA,141,136,Shane Bieber,Logan Gilbert,669456,669302,0,11,SEA,1,11,11,N,1
823526,2026-07-04,2026-07-04T17:35:00Z,Yankee Stadium,R,MIN,NYY,142,147,Zebby Matthews,Brendan Beck,805673,694341,11,4,MIN,0,15,7,N,1
823932,2026-07-04,2026-07-05T02:10:00Z,UNIQLO Field at Dodger Stadium,R,SD,LAD,135,119,Wandy Peralta,Yoshinobu Yamamoto,593974,808967,0,3,LAD,1,3,3,N,1
824012,2026-07-04,2026-07-05T01:38:00Z,Angel Stadium,R,BOS,LAA,111,108,Sonny Gray,Sam Aldegheri,543243,691951,8,1,BOS,0,9,7,N,1
824092,2026-07-04,2026-07-05T00:10:00Z,Kauffman Stadium,R,PHI,KC,143,118,Jesús Luzardo,Michael Wacha,666200,608379,6,1,PHI,0,7,5,N,1
824171,2026-07-04,2026-07-04T23:10:00Z,Daikin Park,R,TB,HOU,139,117,Drew Rasmussen,Hunter Brown,656876,686613,8,10,HOU,1,18,2,N,1
824334,2026-07-04,2026-07-05T00:10:00Z,Coors Field,R,SF,COL,137,115,Robbie Ray,Sean Sullivan,592662,807743,6,4,SF,0,10,2,N,1
824415,2026-07-04,2026-07-04T23:10:00Z,Progressive Field,R,CWS,CLE,145,114,Sean Burke,Parker Messick,680732,800048,3,1,CWS,0,4,2,N,1
824499,2026-07-04,2026-07-04T23:10:00Z,Great American Ball Park,R,BAL,CIN,110,113,Brandon Young,Hunter Greene,687064,668881,8,5,BAL,0,13,3,N,1
824658,2026-07-04,2026-07-05T00:08:00Z,Wrigley Field,R,STL,CHC,138,112,Kyle Leahy,Shota Imanaga,681517,684007,3,0,STL,0,3,3,N,1
824903,2026-07-04,2026-07-05T00:08:00Z,Truist Park,R,NYM,ATL,121,144,Sean Manaea,Chris Sale,640455,519242,3,14,ATL,1,17,11,N,1
824983,2026-07-04,2026-07-05T01:40:00Z,Sutter Health Park,R,MIA,ATH,146,133,Sandy Alcantara,Aaron Civale,645261,650644,7,2,MIA,0,9,5,N,1
825063,2026-07-04,2026-07-05T01:40:00Z,Chase Field,R,MIL,AZ,158,109,Brandon Woodruff,Merrill Kelly,605540,518876,3,4,AZ,1,7,1,N,1
822715,2026-07-05,2026-07-05T17:00:00Z,Nationals Park,R,PIT,WSH,134,120,Bubba Chandler,Cade Cavalli,696149,676917,11,5,PIT,0,16,6,N,1
822879,2026-07-05,2026-07-05T19:30:00Z,Globe Life Field,R,DET,TEX,116,140,Casey Mize,Kumar Rocker,663554,677958,6,3,DET,0,9,3,N,1
823117,2026-07-05,2026-07-05T21:00:00Z,T-Mobile Park,R,TOR,SEA,141,136,Trey Yesavage,Emerson Hancock,702056,676106,0,4,SEA,1,4,4,N,1
823525,2026-07-05,2026-07-05T17:35:00Z,Yankee Stadium,R,MIN,NYY,142,147,Joe Ryan,Ryan Weathers,657746,677960,6,1,MIN,0,7,5,N,1
823931,2026-07-05,2026-07-05T23:20:00Z,UNIQLO Field at Dodger Stadium,R,SD,LAD,135,119,JP Sears,Emmet Sheehan,676664,686218,5,2,SD,0,7,3,N,1
824010,2026-07-05,2026-07-06T01:30:00Z,Angel Stadium,R,BOS,LAA,111,108,Ranger Suarez,Ryan Johnson,624133,696270,7,5,BOS,0,12,2,N,1
824091,2026-07-05,2026-07-05T19:00:00Z,Kauffman Stadium,R,PHI,KC,143,118,Aaron Nola,Luinder Avila,605400,679883,2,5,KC,1,7,3,N,1
824172,2026-07-05,2026-07-05T19:30:00Z,Daikin Park,R,TB,HOU,139,117,Mason Englert,Peter Lambert,669438,663567,0,2,HOU,1,2,2,N,1
824333,2026-07-05,2026-07-05T20:00:00Z,Coors Field,R,SF,COL,137,115,Tyler Mahle,Tanner Gordon,641816,685299,6,7,COL,1,13,1,N,1
824413,2026-07-05,2026-07-05T18:00:00Z,Progressive Field,R,CWS,CLE,145,114,Chris Murphy,Tanner Bibee,669684,676440,7,6,CWS,0,13,1,N,1
824497,2026-07-05,2026-07-05T17:05:00Z,Great American Ball Park,R,BAL,CIN,110,113,Kyle Bradish,Nick Lodolo,680694,666157,2,3,CIN,1,5,1,N,1
824656,2026-07-05,2026-07-05T18:30:00Z,Wrigley Field,R,STL,CHC,138,112,Matthew Liberatore,Javier Assad,669461,665871,4,6,CHC,1,10,2,N,1
824902,2026-07-05,2026-07-05T16:30:00Z,Truist Park,R,NYM,ATL,121,144,Nolan McLean,Martín Pérez,690997,527048,10,9,NYM,0,19,1,N,1
824980,2026-07-05,2026-07-05T20:30:00Z,Sutter Health Park,R,MIA,ATH,146,133,Eury Pérez,Gage Jump,691587,695611,9,8,MIA,0,17,1,N,1
825061,2026-07-05,2026-07-05T20:00:00Z,Chase Field,R,MIL,AZ,158,109,Brandon Sproat,Eduardo Rodriguez,687075,593958,3,2,MIL,0,5,1,N,1
822712,2026-07-06,2026-07-06T22:45:00Z,Nationals Park,R,HOU,WSH,117,120,Mike Burrows,Miles Mikolas,681347,571945,11,12,WSH,1,23,1,N,1
822958,2026-07-06,2026-07-06T22:40:00Z,Tropicana Field,R,NYY,TB,147,139,Cam Schlittler,Griffin Jax,693645,643377,5,1,NYY,0,6,4,N,1
823036,2026-07-06,2026-07-06T23:45:00Z,Busch Stadium,R,MIL,STL,158,138,Shane Drohan,Dustin May,675660,669160,4,3,MIL,0,7,1,N,1
823205,2026-07-06,2026-07-07T01:45:00Z,Oracle Park,R,TOR,SF,141,137,Kevin Gausman,Landen Roupp,592332,694738,1,10,SF,1,11,9,N,1
823282,2026-07-06,2026-07-07T01:40:00Z,Petco Park,R,AZ,SD,109,135,Brandon Pfaadt,Walker Buehler,694297,621111,8,0,AZ,0,8,8,N,1
823930,2026-07-06,2026-07-07T02:10:00Z,UNIQLO Field at Dodger Stadium,R,COL,LAD,115,119,Kyle Freeland,Eric Lauer,607536,641778,7,8,LAD,1,15,1,N,1
824089,2026-07-06,2026-07-06T18:10:00Z,Kauffman Stadium,R,PHI,KC,143,118,Cristopher Sánchez,Noah Cameron,650911,702070,1,15,KC,1,16,14,N,1
824900,2026-07-06,2026-07-06T23:15:00Z,Truist Park,R,NYM,ATL,121,144,Freddy Peralta,Reynaldo López,642547,625643,7,6,NYM,0,13,1,N,1
822713,2026-07-07,2026-07-07T22:45:00Z,Nationals Park,R,HOU,WSH,117,120,Tatsuya Imai,Andrew Alvarez,837227,674841,6,3,HOU,0,9,3,N,1
822881,2026-07-07,2026-07-08T00:05:00Z,Globe Life Field,R,LAA,TEX,108,140,José Soriano,Jacob deGrom,667755,594798,3,8,TEX,1,11,5,N,1
822956,2026-07-07,2026-07-07T22:40:00Z,Tropicana Field,R,NYY,TB,147,139,Will Warren,Ian Seymour,701542,693855,4,6,TB,1,10,2,N,1
823035,2026-07-07,2026-07-07T23:45:00Z,Busch Stadium,R,MIL,STL,158,138,Robert Gasser,Hunter Dobbins,688107,690928,10,2,MIL,0,12,8,S,2
823062,2026-07-07,2026-07-07T18:15:00Z,Busch Stadium,R,MIL,STL,158,138,Jacob Misiorowski,Matt Svanson,694819,694335,4,3,MIL,0,7,1,S,1
823203,2026-07-07,2026-07-08T01:45:00Z,Oracle Park,R,TOR,SF,141,137,Spencer Miles,Trevor McDonald,693686,686790,9,3,TOR,0,12,6,N,1
823280,2026-07-07,2026-07-08T01:40:00Z,Petco Park,R,AZ,SD,109,135,Zac Gallen,Germán Márquez,668678,608566,1,4,SD,1,5,3,N,1
823361,2026-07-07,2026-07-07T22:40:00Z,PNC Park,R,ATL,PIT,144,134,Hurston Waldrep,Paul Skenes,694462,694973,4,12,PIT,1,16,8,N,1
823607,2026-07-07,2026-07-07T23:10:00Z,Citi Field,R,KC,NYM,118,121,Seth Lugo,Cionel Pérez,607625,672335,16,12,KC,0,28,4,N,1
823687,2026-07-07,2026-07-07T23:40:00Z,Target Field,R,CLE,MIN,114,142,Joey Cantillo,Taj Bradley,676282,671737,1,3,MIN,1,4,2,N,1
823847,2026-07-07,2026-07-07T22:40:00Z,loanDepot park,R,SEA,MIA,136,146,Bryan Woo,Max Meyer,693433,676974,5,6,MIA,1,11,1,N,1
823929,2026-07-07,2026-07-08T02:10:00Z,UNIQLO Field at Dodger Stadium,R,COL,LAD,115,119,Michael Lorenzen,Justin Wrobleski,547179,680736,4,3,COL,0,7,1,N,1
824254,2026-07-07,2026-07-07T22:40:00Z,Comerica Park,R,ATH,DET,133,116,J.T. Ginn,Tarik Skubal,669372,669373,2,6,DET,1,8,4,N,1
824495,2026-07-07,2026-07-07T23:10:00Z,Great American Ball Park,R,PHI,CIN,143,113,Zack Wheeler,Andrew Abbott,554430,671096,4,1,PHI,0,5,3,N,1
824579,2026-07-07,2026-07-07T23:40:00Z,Rate Field,R,BOS,CWS,111,145,Payton Tolle,Noah Schultz,801139,702273,8,1,BOS,0,9,7,N,1
824820,2026-07-07,2026-07-07T22:35:00Z,Oriole Park at Camden Yards,R,CHC,BAL,112,110,Matthew Boyd,Shane Baz,571510,669358,5,2,CHC,0,7,3,N,1
822710,2026-07-08,2026-07-08T22:45:00Z,Nationals Park,R,HOU,WSH,117,120,Spencer Arrighetti,Foster Griffin,681293,656492,2,8,WSH,1,10,6,N,1
822880,2026-07-08,2026-07-09T00:05:00Z,Globe Life Field,R,LAA,TEX,108,140,Walbert Ureña,MacKenzie Gore,700712,669022,13,1,LAA,0,14,12,N,1
822957,2026-07-08,2026-07-08T22:40:00Z,Tropicana Field,R,NYY,TB,147,139,Gerrit Cole,Shane McClanahan,543037,663556,0,3,TB,1,3,3,N,1
823032,2026-07-08,2026-07-08T23:45:00Z,Busch Stadium,R,MIL,STL,158,138,Kyle Harrison,Michael McGreevy,690986,700241,1,5,STL,1,6,4,N,1
823202,2026-07-08,2026-07-08T19:45:00Z,Oracle Park,R,TOR,SF,141,137,Dylan Cease,Logan Webb,656302,657277,10,0,TOR,0,10,10,N,1
823279,2026-07-08,2026-07-09T02:10:00Z,Petco Park,R,AZ,SD,109,135,Jose Cabrera,Michael King,703615,650633,4,10,SD,1,14,6,N,1
823360,2026-07-08,2026-07-08T22:40:00Z,PNC Park,R,ATL,PIT,144,134,Grant Holmes,Jared Jones,656550,683003,3,0,ATL,0,3,3,N,1
823605,2026-07-08,2026-07-08T23:10:00Z,Citi Field,R,KC,NYM,118,121,Steven Cruz,Christian Scott,674444,681035,2,6,NYM,1,8,4,N,1
823684,2026-07-08,2026-07-08T23:40:00Z,Target Field,R,CLE,MIN,114,142,Slade Cecconi,Connor Prielipp,677944,687570,5,6,MIN,1,11,1,N,1
823848,2026-07-08,2026-07-08T22:40:00Z,loanDepot park,R,SEA,MIA,136,146,George Kirby,Tyler Phillips,669923,663969,0,2,MIA,1,2,2,N,1
823928,2026-07-08,2026-07-09T02:10:00Z,UNIQLO Field at Dodger Stadium,R,COL,LAD,115,119,Gabriel Hughes,Roki Sasaki,687312,808963,3,4,LAD,1,7,1,N,1
824253,2026-07-08,2026-07-08T22:40:00Z,Comerica Park,R,ATH,DET,133,116,Jeffrey Springs,Troy Melton,605488,675512,1,6,DET,1,7,5,N,1
824496,2026-07-08,2026-07-08T23:10:00Z,Great American Ball Park,R,PHI,CIN,143,113,Alan Rangel,Chase Burns,660604,695505,5,11,CIN,1,16,6,N,1
824578,2026-07-08,2026-07-08T23:40:00Z,Rate Field,R,BOS,CWS,111,145,Jake Bennett,Davis Martin,687562,663436,5,0,BOS,0,5,5,N,1
824815,2026-07-08,2026-07-08T22:35:00Z,Oriole Park at Camden Yards,R,CHC,BAL,112,110,Colin Rea,Dean Kremer,607067,665152,9,7,CHC,0,16,2,N,1
822877,2026-07-09,2026-07-10T00:05:00Z,Globe Life Field,R,LAA,TEX,108,140,Reid Detmers,Nathan Eovaldi,672282,543135,6,7,TEX,1,13,1,N,1
822954,2026-07-09,2026-07-09T17:10:00Z,Tropicana Field,R,NYY,TB,147,139,Paul Blackburn,Drew Rasmussen,621112,656876,12,4,NYY,0,16,8,N,1
823034,2026-07-09,2026-07-09T23:45:00Z,Busch Stadium,R,MIL,STL,158,138,Logan Henderson,Andre Pallante,701656,669467,8,4,MIL,0,12,4,N,1
823201,2026-07-09,2026-07-10T01:45:00Z,Oracle Park,R,COL,SF,115,137,Ryan Feltner,Carson Whisenhunt,663372,687931,2,8,SF,1,10,6,N,1
823277,2026-07-09,2026-07-10T01:40:00Z,Petco Park,R,AZ,SD,109,135,Merrill Kelly,Griffin Canning,518876,656288,3,1,AZ,0,4,2,N,1
823359,2026-07-09,2026-07-09T16:35:00Z,PNC Park,R,ATL,PIT,144,134,Bryce Elder,Mitch Keller,693821,656605,10,5,ATL,0,15,5,N,1
823606,2026-07-09,2026-07-09T17:10:00Z,Citi Field,R,KC,NYM,118,121,Michael Wacha,Sean Manaea,608379,640455,3,7,NYM,1,10,4,N,1
823683,2026-07-09,2026-07-09T17:40:00Z,Target Field,R,CLE,MIN,114,142,Gavin Williams,Bailey Ober,668909,641927,5,2,CLE,0,7,3,N,1
823846,2026-07-09,2026-07-09T22:40:00Z,loanDepot park,R,SEA,MIA,136,146,Bryce Miller,Janson Junk,682243,676083,4,8,MIA,1,12,4,N,1
824251,2026-07-09,2026-07-09T22:40:00Z,Comerica Park,R,ATH,DET,133,116,José Suarez,Framber Valdez,660761,664285,1,4,DET,1,5,3,N,1
824494,2026-07-09,2026-07-09T23:10:00Z,Great American Ball Park,R,PHI,CIN,143,113,Jesús Luzardo,Brady Singer,666200,663903,1,0,PHI,0,1,1,N,1
824577,2026-07-09,2026-07-09T18:10:00Z,Rate Field,R,BOS,CWS,111,145,Patrick Sandoval,Anthony Kay,663776,641743,2,1,BOS,0,3,1,N,1
824816,2026-07-09,2026-07-09T17:35:00Z,Oriole Park at Camden Yards,R,CHC,BAL,112,110,David Peterson,Trevor Rogers,656849,669432,2,3,BAL,1,5,1,N,1
822709,2026-07-10,2026-07-10T22:45:00Z,Nationals Park,R,NYY,WSH,147,120,Ryan Weathers,Carson Palmquist,677960,687223,5,3,NYY,0,8,2,N,1
822878,2026-07-10,2026-07-11T00:05:00Z,Globe Life Field,R,HOU,TEX,117,140,Hunter Brown,Cal Quantrill,686613,615698,3,7,TEX,1,10,4,N,1
822955,2026-07-10,2026-07-10T23:10:00Z,Tropicana Field,R,SEA,TB,136,139,Luis Castillo,Nick Martinez,622491,607259,2,7,TB,1,9,5,N,1
823033,2026-07-10,2026-07-11T00:15:00Z,Busch Stadium,R,ATL,STL,144,138,Chris Sale,Kyle Leahy,519242,681517,1,2,STL,1,3,1,N,1
823200,2026-07-10,2026-07-11T02:15:00Z,Oracle Park,R,COL,SF,115,137,Tanner Gordon,Robbie Ray,685299,592662,4,3,COL,0,7,1,N,1
823278,2026-07-10,2026-07-11T01:40:00Z,Petco Park,R,TOR,SD,141,135,Shane Bieber,JP Sears,669456,676664,5,3,TOR,0,8,2,N,1
823604,2026-07-10,2026-07-10T23:15:00Z,Citi Field,R,BOS,NYM,111,121,Sonny Gray,Nolan McLean,543243,690997,6,2,BOS,0,8,4,N,1
823685,2026-07-10,2026-07-11T00:10:00Z,Target Field,R,LAA,MIN,108,142,Grayson Rodriguez,Zebby Matthews,680570,805673,4,3,LAA,0,7,1,N,1
823845,2026-07-10,2026-07-10T23:10:00Z,loanDepot park,R,CLE,MIA,114,146,Parker Messick,Sandy Alcantara,800048,645261,3,2,CLE,0,5,1,N,1
823927,2026-07-10,2026-07-11T02:10:00Z,UNIQLO Field at Dodger Stadium,R,AZ,LAD,109,119,Eduardo Rodriguez,Kyle Hurt,593958,669165,9,3,AZ,0,12,6,N,1
824252,2026-07-10,2026-07-10T22:40:00Z,Comerica Park,R,PHI,DET,143,116,Aaron Nola,Jack Flaherty,605400,656427,2,10,DET,1,12,8,N,1
824493,2026-07-10,2026-07-10T23:10:00Z,Great American Ball Park,R,CHC,CIN,112,113,Shota Imanaga,Hunter Greene,684007,668881,0,4,CIN,1,4,4,N,1
824575,2026-07-10,2026-07-10T23:40:00Z,Rate Field,R,ATH,CWS,133,145,Jacob Lopez,Sean Burke,682052,680732,1,14,CWS,1,15,13,N,1
824817,2026-07-10,2026-07-10T23:05:00Z,Oriole Park at Camden Yards,R,KC,BAL,118,110,Luinder Avila,Brandon Young,679883,687064,3,5,BAL,1,8,2,N,1
822711,2026-07-11,2026-07-11T20:05:00Z,Nationals Park,R,NYY,WSH,147,120,Cam Schlittler,PJ Poulin,693645,676571,4,2,NYY,0,6,2,N,1
822875,2026-07-11,2026-07-11T23:05:00Z,Globe Life Field,R,HOU,TEX,117,140,Peter Lambert,Kumar Rocker,663567,677958,9,3,HOU,0,12,6,N,1
822953,2026-07-11,2026-07-11T20:10:00Z,Tropicana Field,R,SEA,TB,136,139,Logan Gilbert,Griffin Jax,669302,643377,1,6,TB,1,7,5,N,1
823030,2026-07-11,2026-07-11T23:15:00Z,Busch Stadium,R,ATL,STL,144,138,Reynaldo López,Matthew Liberatore,625643,669461,1,4,STL,1,5,3,N,1
823198,2026-07-11,2026-07-11T20:05:00Z,Oracle Park,R,COL,SF,115,137,Kyle Freeland,Tyler Mahle,607536,641816,2,4,SF,1,6,2,N,1
823276,2026-07-11,2026-07-12T00:40:00Z,Petco Park,R,TOR,SD,141,135,Trey Yesavage,Walker Buehler,702056,621111,7,8,SD,1,15,1,N,1
823356,2026-07-11,2026-07-11T20:05:00Z,PNC Park,R,MIL,PIT,158,134,Shane Drohan,Bubba Chandler,675660,696149,2,3,PIT,1,5,1,S,2
823357,2026-07-11,2026-07-11T16:05:00Z,PNC Park,R,MIL,PIT,158,134,Brandon Sproat,Braxton Ashcraft,687075,677952,6,7,PIT,1,13,1,S,1
823603,2026-07-11,2026-07-11T20:10:00Z,Citi Field,R,BOS,NYM,111,121,Eduardo Rivera,Freddy Peralta,700842,642547,4,0,BOS,0,4,4,N,1
823682,2026-07-11,2026-07-11T18:10:00Z,Target Field,R,LAA,MIN,108,142,Ryan Johnson,Joe Ryan,696270,657746,3,5,MIN,1,8,2,N,1
823844,2026-07-11,2026-07-11T20:10:00Z,loanDepot park,R,CLE,MIA,114,146,Tanner Bibee,Eury Pérez,676440,691587,4,1,CLE,0,5,3,N,1
823926,2026-07-11,2026-07-12T01:10:00Z,UNIQLO Field at Dodger Stadium,R,AZ,LAD,109,119,Brandon Pfaadt,Yoshinobu Yamamoto,694297,808967,9,2,AZ,0,11,7,N,1
824249,2026-07-11,2026-07-11T22:10:00Z,Comerica Park,R,PHI,DET,143,116,Cristopher Sánchez,Casey Mize,650911,663554,4,2,PHI,0,6,2,N,1
824492,2026-07-11,2026-07-11T23:10:00Z,Great American Ball Park,R,CHC,CIN,112,113,Javier Assad,Nick Lodolo,665871,666157,5,3,CHC,0,8,2,N,1
824576,2026-07-11,2026-07-11T18:10:00Z,Rate Field,R,ATH,CWS,133,145,Gage Jump,Bryan Hudson,695611,663542,0,1,CWS,1,1,1,N,1
824813,2026-07-11,2026-07-11T23:05:00Z,Oriole Park at Camden Yards,R,KC,BAL,118,110,Noah Cameron,Kyle Bradish,702070,680694,1,6,BAL,1,7,5,N,1
822708,2026-07-12,2026-07-12T17:35:00Z,Nationals Park,R,NYY,WSH,147,120,Will Warren,Cade Cavalli,701542,676917,5,3,NYY,0,8,2,N,1
822876,2026-07-12,2026-07-12T18:35:00Z,Globe Life Field,R,HOU,TEX,117,140,Cristian Javier,MacKenzie Gore,664299,669022,5,6,TEX,1,11,1,N,1
822951,2026-07-12,2026-07-12T17:40:00Z,Tropicana Field,R,SEA,TB,136,139,Emerson Hancock,Ian Seymour,676106,693855,8,2,SEA,0,10,6,N,1
823029,2026-07-12,2026-07-12T18:15:00Z,Busch Stadium,R,ATL,STL,144,138,Danny Young,Dustin May,664849,669160,4,3,ATL,0,7,1,N,1
823199,2026-07-12,2026-07-12T20:05:00Z,Oracle Park,R,COL,SF,115,137,Michael Lorenzen,Trevor McDonald,547179,686790,1,3,SF,1,4,2,N,1
823274,2026-07-12,2026-07-12T20:10:00Z,Petco Park,R,TOR,SD,141,135,Kevin Gausman,Germán Márquez,592332,608566,4,5,SD,1,9,1,N,1
823358,2026-07-12,2026-07-12T16:15:00Z,PNC Park,R,MIL,PIT,158,134,Robert Gasser,Paul Skenes,688107,694973,5,14,PIT,1,19,9,N,1
823602,2026-07-12,2026-07-12T17:40:00Z,Citi Field,R,BOS,NYM,111,121,Payton Tolle,Zac Thornton,801139,804267,3,2,BOS,0,5,1,N,1
823681,2026-07-12,2026-07-12T18:10:00Z,Target Field,R,LAA,MIN,108,142,José Soriano,Taj Bradley,667755,671737,2,4,MIN,1,6,2,N,1
823842,2026-07-12,2026-07-12T17:40:00Z,loanDepot park,R,CLE,MIA,114,146,Joey Cantillo,Tyler Phillips,676282,663969,5,2,CLE,0,7,3,N,1
823925,2026-07-12,2026-07-12T20:10:00Z,UNIQLO Field at Dodger Stadium,R,AZ,LAD,109,119,Mitch Bratt,Emmet Sheehan,683352,686218,5,3,AZ,0,8,2,N,1
824250,2026-07-12,2026-07-12T17:40:00Z,Comerica Park,R,PHI,DET,143,116,Zack Wheeler,Tarik Skubal,554430,669373,5,0,PHI,0,5,5,N,1
824491,2026-07-12,2026-07-12T17:40:00Z,Great American Ball Park,R,CHC,CIN,112,113,Matthew Boyd,Andrew Abbott,571510,671096,8,4,CHC,0,12,4,N,1
824574,2026-07-12,2026-07-12T18:10:00Z,Rate Field,R,ATH,CWS,133,145,J.T. Ginn,Noah Schultz,669372,702273,1,9,CWS,1,10,8,N,1
824814,2026-07-12,2026-07-12T17:35:00Z,Oriole Park at Camden Yards,R,KC,BAL,118,110,Seth Lugo,Shane Baz,607625,669358,2,8,BAL,1,10,6,N,1
823440,2026-07-16,2026-07-16T22:10:00Z,Citizens Bank Park,R,NYM,PHI,121,143,Christian Scott,Aaron Nola,681035,605400,4,1,NYM,0,5,3,N,1
822789,2026-07-17,2026-07-17T23:15:00Z,Rogers Centre,R,CWS,TOR,145,141,Anthony Kay,Spencer Miles,641743,693686,12,4,CWS,0,16,8,N,1
823115,2026-07-17,2026-07-18T02:10:00Z,T-Mobile Park,R,SF,SEA,137,136,Landen Roupp,Bryce Miller,694738,682243,7,0,SF,0,7,7,N,1
823524,2026-07-17,2026-07-17T23:05:00Z,Yankee Stadium,R,LAD,NYY,119,147,Roki Sasaki,Gerrit Cole,808963,543037,2,1,LAD,0,3,1,N,1
823766,2026-07-17,2026-07-17T23:40:00Z,American Family Field,R,MIA,MIL,146,158,Sandy Alcantara,Logan Henderson,645261,701656,1,2,MIL,1,3,1,N,1
824009,2026-07-17,2026-07-18T01:38:00Z,Angel Stadium,R,DET,LAA,116,108,Troy Melton,Reid Detmers,675512,672282,2,1,DET,0,3,1,N,1
824090,2026-07-17,2026-07-18T00:10:00Z,Kauffman Stadium,R,SD,KC,135,118,Michael King,Seth Lugo,650633,607625,6,7,KC,1,13,1,N,1
824170,2026-07-17,2026-07-18T00:10:00Z,Daikin Park,R,BAL,HOU,110,117,Dean Kremer,Peter Lambert,665152,663567,3,2,BAL,0,5,1,N,1
824332,2026-07-17,2026-07-18T00:40:00Z,Coors Field,R,CIN,COL,113,115,Brady Singer,Gabriel Hughes,663903,687312,7,2,CIN,0,9,5,N,1
824655,2026-07-17,2026-07-18T00:05:00Z,Wrigley Field,R,MIN,CHC,142,112,Bailey Ober,Colin Rea,641927,607067,5,2,MIN,0,7,3,N,1
824737,2026-07-17,2026-07-17T23:10:00Z,Fenway Park,R,TB,BOS,139,111,Mason Englert,Eduardo Rivera,669438,700842,3,5,BOS,1,8,2,S,2
824766,2026-07-17,2026-07-17T17:35:00Z,Fenway Park,R,TB,BOS,139,111,Griffin Jax,Jake Bennett,643377,687562,0,10,BOS,1,10,10,S,1
824901,2026-07-17,2026-07-17T23:15:00Z,Truist Park,R,TEX,ATL,140,144,Cal Quantrill,Chris Sale,615698,519242,1,15,ATL,1,16,14,N,1
824981,2026-07-17,2026-07-18T01:40:00Z,Sutter Health Park,R,WSH,ATH,120,133,Cade Cavalli,Gage Jump,676917,695611,23,4,WSH,0,27,19,N,1
825060,2026-07-17,2026-07-18T01:40:00Z,Chase Field,R,STL,AZ,138,109,Michael McGreevy,Merrill Kelly,700241,518876,5,4,STL,0,9,1,N,1
822790,2026-07-18,2026-07-18T19:07:00Z,Rogers Centre,R,CWS,TOR,145,141,Davis Martin,Shane Bieber,663436,669456,0,1,TOR,1,1,1,N,1
823116,2026-07-18,2026-07-19T00:08:00Z,T-Mobile Park,R,SF,SEA,137,136,Logan Webb,Bryan Woo,657277,693433,3,4,SEA,1,7,1,N,1
823441,2026-07-18,2026-07-18T19:05:00Z,Citizens Bank Park,R,NYM,PHI,121,143,Sean Manaea,Jesús Luzardo,640455,666200,1,6,PHI,1,7,5,N,1
823763,2026-07-18,2026-07-18T20:10:00Z,American Family Field,R,MIA,MIL,146,158,Max Meyer,Shane Drohan,676974,675660,6,8,MIL,1,14,2,N,1
824008,2026-07-18,2026-07-19T02:07:00Z,Angel Stadium,R,DET,LAA,116,108,Tarik Skubal,Grayson Rodriguez,669373,680570,7,0,DET,0,7,7,N,1
824088,2026-07-18,2026-07-18T20:10:00Z,Kauffman Stadium,R,SD,KC,135,118,Griffin Canning,Randy Dobnak,656288,677976,1,6,KC,1,7,5,N,1
824169,2026-07-18,2026-07-18T20:10:00Z,Daikin Park,R,BAL,HOU,110,117,Trevor Rogers,Spencer Arrighetti,669432,681293,4,2,BAL,0,6,2,N,1
824331,2026-07-18,2026-07-18T19:10:00Z,Coors Field,R,CIN,COL,113,115,Rhett Lowder,Tomoyuki Sugano,695076,608372,3,10,COL,1,13,7,N,1
824412,2026-07-18,2026-07-18T23:10:00Z,Progressive Field,R,PIT,CLE,134,114,Mason Montgomery,Logan Allen,682254,671106,3,5,CLE,1,8,2,S,2
824414,2026-07-18,2026-07-18T17:10:00Z,Progressive Field,R,PIT,CLE,134,114,Jared Jones,Gavin Williams,683003,668909,7,1,PIT,0,8,6,S,1
824657,2026-07-18,2026-07-18T18:20:00Z,Wrigley Field,R,MIN,CHC,142,112,Taj Bradley,Matthew Boyd,671737,571510,2,6,CHC,1,8,4,N,1
824738,2026-07-18,2026-07-18T20:10:00Z,Fenway Park,R,TB,BOS,139,111,Ian Seymour,Patrick Sandoval,693855,663776,6,7,BOS,1,13,1,N,1
824899,2026-07-18,2026-07-18T20:10:00Z,Truist Park,R,TEX,ATL,140,144,MacKenzie Gore,Owen Murphy,669022,702566,7,6,TEX,0,13,1,N,1
824979,2026-07-18,2026-07-19T02:05:00Z,Sutter Health Park,R,WSH,ATH,120,133,Zack Littell,J.T. Ginn,641793,669372,1,15,ATH,1,16,14,N,1
825059,2026-07-18,2026-07-18T20:10:00Z,Chase Field,R,STL,AZ,138,109,Dustin May,Brandon Pfaadt,669160,694297,3,5,AZ,1,8,2,N,1
822786,2026-07-19,2026-07-19T16:15:00Z,Rogers Centre,R,CWS,TOR,145,141,Sean Burke,Trey Yesavage,680732,702056,3,0,CWS,0,3,3,N,1
823113,2026-07-19,2026-07-19T20:10:00Z,T-Mobile Park,R,SF,SEA,137,136,Robbie Ray,Logan Gilbert,592662,669302,3,6,SEA,1,9,3,N,1
823439,2026-07-19,2026-07-19T17:35:00Z,Citizens Bank Park,R,NYM,PHI,121,143,Nolan McLean,Alan Rangel,690997,660604,6,1,NYM,0,7,5,N,1
823521,2026-07-19,2026-07-19T23:20:00Z,Yankee Stadium,R,LAD,NYY,119,147,Will Klein,Ryan Yarbrough,694361,642232,1,2,NYY,1,3,1,S,2
823523,2026-07-19,2026-07-19T16:35:00Z,Yankee Stadium,R,LAD,NYY,119,147,Yoshinobu Yamamoto,Cam Schlittler,808967,693645,8,2,LAD,0,10,6,S,1
823764,2026-07-19,2026-07-19T18:10:00Z,American Family Field,R,MIA,MIL,146,158,Eury Pérez,Robert Gasser,691587,688107,1,3,MIL,1,4,2,N,1
824007,2026-07-19,2026-07-19T20:07:00Z,Angel Stadium,R,DET,LAA,116,108,Casey Mize,Ryan Johnson,663554,696270,2,3,LAA,1,5,1,N,1
824086,2026-07-19,2026-07-19T18:10:00Z,Kauffman Stadium,R,SD,KC,135,118,Germán Márquez,Noah Cameron,608566,702070,19,2,SD,0,21,17,N,1
824168,2026-07-19,2026-07-19T18:10:00Z,Daikin Park,R,BAL,HOU,110,117,Brandon Young,Hunter Brown,687064,686613,5,2,BAL,0,7,3,N,1
824330,2026-07-19,2026-07-19T19:10:00Z,Coors Field,R,CIN,COL,113,115,Hunter Greene,Ryan Feltner,668881,663372,9,6,CIN,0,15,3,N,1
824411,2026-07-19,2026-07-19T17:40:00Z,Progressive Field,R,PIT,CLE,134,114,Paul Skenes,Joey Cantillo,694973,676282,7,1,PIT,0,8,6,N,1
824653,2026-07-19,2026-07-19T18:20:00Z,Wrigley Field,R,MIN,CHC,142,112,Zebby Matthews,Shota Imanaga,805673,684007,1,10,CHC,1,11,9,N,1
824739,2026-07-19,2026-07-19T17:35:00Z,Fenway Park,R,TB,BOS,139,111,Shane McClanahan,Sonny Gray,663556,543243,1,6,BOS,1,7,5,N,1
824897,2026-07-19,2026-07-19T17:35:00Z,Truist Park,R,TEX,ATL,140,144,Nathan Eovaldi,Grant Holmes,543135,656550,5,8,ATL,1,13,3,N,1
824978,2026-07-19,2026-07-19T20:05:00Z,Sutter Health Park,R,WSH,ATH,120,133,Foster Griffin,Jacob Lopez,656492,682052,5,2,WSH,0,7,3,N,1
825057,2026-07-19,2026-07-19T20:10:00Z,Chase Field,R,STL,AZ,138,109,Andre Pallante,Eduardo Rodriguez,669467,593958,7,8,AZ,1,15,1,N,1
822788,2026-07-20,2026-07-20T23:07:00Z,Rogers Centre,R,TB,TOR,139,141,Nick Martinez,Dylan Cease,607259,656302,7,1,TB,0,8,6,N,1
822874,2026-07-20,2026-07-21T00:05:00Z,Globe Life Field,R,CWS,TEX,145,140,Erick Fedde,Jacob deGrom,607200,594798,10,3,CWS,0,13,7,N,1
823112,2026-07-20,2026-07-21T01:40:00Z,T-Mobile Park,R,CIN,SEA,113,136,Andrew Abbott,George Kirby,671096,669923,0,8,SEA,1,8,8,N,1
823436,2026-07-20,2026-07-20T23:10:00Z,Citizens Bank Park,R,LAD,PHI,119,143,Emmet Sheehan,Cristopher Sánchez,686218,650911,7,10,PHI,1,17,3,N,1
823522,2026-07-20,2026-07-20T23:05:00Z,Yankee Stadium,R,PIT,NYY,134,147,Braxton Ashcraft,Ryan Weathers,677952,677960,5,8,NYY,1,13,3,N,1
823762,2026-07-20,2026-07-20T23:40:00Z,American Family Field,R,NYM,MIL,121,158,Freddy Peralta,Jacob Misiorowski,642547,694819,3,8,MIL,1,11,5,N,1
824006,2026-07-20,2026-07-21T02:10:00Z,Angel Stadium,R,STL,LAA,138,108,Kyle Leahy,José Soriano,681517,667755,2,3,LAA,1,5,1,N,1
824087,2026-07-20,2026-07-20T23:40:00Z,Kauffman Stadium,R,SF,KC,137,118,Trevor McDonald,Michael Wacha,686790,608379,3,4,KC,1,7,1,N,1
824167,2026-07-20,2026-07-21T00:10:00Z,Daikin Park,R,MIA,HOU,146,117,Janson Junk,Ronel Blanco,676083,669854,5,8,HOU,1,13,3,N,1
824328,2026-07-20,2026-07-21T00:40:00Z,Coors Field,R,WSH,COL,120,115,Andrew Alvarez,Kyle Freeland,674841,607536,7,3,WSH,0,10,4,N,1
824410,2026-07-20,2026-07-20T22:40:00Z,Progressive Field,R,MIN,CLE,142,114,Joe Ryan,Tanner Bibee,657746,676440,4,13,CLE,1,17,9,N,1
824654,2026-07-20,2026-07-21T00:05:00Z,Wrigley Field,R,DET,CHC,116,112,Jack Flaherty,Jameson Taillon,656427,592791,8,6,DET,0,14,2,N,1
824736,2026-07-20,2026-07-20T23:10:00Z,Fenway Park,R,BAL,BOS,110,111,Shane Baz,Payton Tolle,669358,801139,5,6,BOS,1,11,1,N,1
824898,2026-07-20,2026-07-20T23:15:00Z,Truist Park,R,SD,ATL,135,144,JP Sears,Bryce Elder,676664,693821,2,3,ATL,1,5,1,N,1
825058,2026-07-20,2026-07-21T01:40:00Z,Chase Field,R,ATH,AZ,133,109,Jeffrey Springs,Mitch Bratt,605488,683352,5,2,ATH,0,7,3,N,1
822787,2026-07-21,2026-07-21T23:07:00Z,Rogers Centre,R,TB,TOR,139,141,Drew Rasmussen,Kevin Gausman,656876,592332,12,2,TB,0,14,10,N,1
822871,2026-07-21,2026-07-22T00:05:00Z,Globe Life Field,R,CWS,TEX,145,140,Noah Schultz,Kumar Rocker,702273,677958,0,10,TEX,1,10,10,N,1
823114,2026-07-21,2026-07-22T01:40:00Z,T-Mobile Park,R,CIN,SEA,113,136,Chase Burns,Luis Castillo,695505,622491,4,2,CIN,0,6,2,N,1
823437,2026-07-21,2026-07-21T22:40:00Z,Citizens Bank Park,R,LAD,PHI,119,143,Justin Wrobleski,Zack Wheeler,680736,554430,2,1,LAD,0,3,1,N,1
823760,2026-07-21,2026-07-21T23:40:00Z,American Family Field,R,NYM,MIL,121,158,Zac Thornton,Brandon Sproat,804267,687075,4,0,NYM,0,4,4,N,1
824005,2026-07-21,2026-07-22T01:38:00Z,Angel Stadium,R,STL,LAA,138,108,Matthew Liberatore,Walbert Ureña,669461,700712,1,5,LAA,1,6,4,N,1
824085,2026-07-21,2026-07-21T23:40:00Z,Kauffman Stadium,R,SF,KC,137,118,Tyler Mahle,Luinder Avila,641816,679883,2,3,KC,1,5,1,N,1
824165,2026-07-21,2026-07-22T00:10:00Z,Daikin Park,R,MIA,HOU,146,117,Tyler Phillips,Tatsuya Imai,663969,837227,3,5,HOU,1,8,2,N,1
824329,2026-07-21,2026-07-22T00:40:00Z,Coors Field,R,WSH,COL,120,115,Carson Palmquist,Michael Lorenzen,687223,547179,7,8,COL,1,15,1,N,1
824409,2026-07-21,2026-07-21T22:40:00Z,Progressive Field,R,MIN,CLE,142,114,Kendry Rojas,Parker Messick,696070,800048,2,5,CLE,1,7,3,N,1
824652,2026-07-21,2026-07-22T00:05:00Z,Wrigley Field,R,DET,CHC,116,112,Framber Valdez,David Peterson,664285,656849,2,11,CHC,1,13,9,N,1
824895,2026-07-21,2026-07-21T23:15:00Z,Truist Park,R,SD,ATL,135,144,Walker Buehler,Reynaldo López,621111,625643,8,3,SD,0,11,5,N,1
825056,2026-07-21,2026-07-22T01:40:00Z,Chase Field,R,ATH,AZ,133,109,Jack Perkins,Kohl Drake,678022,684442,5,6,AZ,1,11,1,N,1
822784,2026-07-22,2026-07-22T23:07:00Z,Rogers Centre,R,TB,TOR,139,141,Griffin Jax,Braydon Fisher,643377,680755,4,2,TB,0,6,2,N,1
822873,2026-07-22,2026-07-23T00:05:00Z,Globe Life Field,R,CWS,TEX,145,140,Anthony Kay,Tyler Alexander,641743,641302,4,2,CWS,0,6,2,N,1
823110,2026-07-22,2026-07-22T19:40:00Z,T-Mobile Park,R,CIN,SEA,113,136,Brady Singer,Emerson Hancock,663903,676106,5,3,CIN,0,8,2,N,1
823438,2026-07-22,2026-07-22T22:40:00Z,Citizens Bank Park,R,LAD,PHI,119,143,Eric Lauer,Aaron Nola,641778,605400,9,5,LAD,0,14,4,N,1
823518,2026-07-22,2026-07-22T17:05:00Z,Yankee Stadium,R,PIT,NYY,134,147,Mitch Keller,Gerrit Cole,656605,543037,5,3,PIT,0,8,2,S,1
823519,2026-07-22,2026-07-22T23:05:00Z,Yankee Stadium,R,PIT,NYY,134,147,Bubba Chandler,Max Fried,696149,608331,0,2,NYY,1,2,2,S,2
823761,2026-07-22,2026-07-22T18:10:00Z,American Family Field,R,NYM,MIL,121,158,Christian Scott,Logan Henderson,681035,701656,3,4,MIL,1,7,1,N,1
824004,2026-07-22,2026-07-22T20:07:00Z,Angel Stadium,R,STL,LAA,138,108,Hunter Dobbins,Reid Detmers,690928,672282,1,0,STL,0,1,1,N,1
824083,2026-07-22,2026-07-22T18:10:00Z,Kauffman Stadium,R,SF,KC,137,118,Landen Roupp,Seth Lugo,694738,607625,4,5,KC,1,9,1,N,1
824166,2026-07-22,2026-07-23T00:10:00Z,Daikin Park,R,MIA,HOU,146,117,Sandy Alcantara,Peter Lambert,645261,663567,2,5,HOU,1,7,3,N,1
824327,2026-07-22,2026-07-22T19:10:00Z,Coors Field,R,WSH,COL,120,115,Cade Cavalli,Gabriel Hughes,676917,687312,8,0,WSH,0,8,8,N,1
824408,2026-07-22,2026-07-22T22:40:00Z,Progressive Field,R,MIN,CLE,142,114,Bailey Ober,Slade Cecconi,641927,677944,10,6,MIN,0,16,4,N,1
824650,2026-07-22,2026-07-23T00:10:00Z,Wrigley Field,R,DET,CHC,116,112,Keider Montero,Colin Rea,672456,607067,5,1,DET,0,6,4,N,1
824732,2026-07-22,2026-07-22T23:10:00Z,Fenway Park,R,BAL,BOS,110,111,Kyle Bradish,Eduardo Rivera,680694,700842,5,1,BAL,0,6,4,S,2
824735,2026-07-22,2026-07-22T17:35:00Z,Fenway Park,R,BAL,BOS,110,111,Dean Kremer,Jake Bennett,665152,687562,3,6,BOS,1,9,3,S,1
824896,2026-07-22,2026-07-22T23:15:00Z,Truist Park,R,SD,ATL,135,144,Michael King,Martín Pérez,650633,527048,6,7,ATL,1,13,1,N,1
825055,2026-07-22,2026-07-22T19:40:00Z,Chase Field,R,ATH,AZ,133,109,Gage Jump,Merrill Kelly,695611,518876,5,15,AZ,1,20,10,N,1
822785,2026-07-23,2026-07-23T19:07:00Z,Rogers Centre,R,TB,TOR,139,141,Casey Legumina,Shane Bieber,668984,669456,1,3,TOR,1,4,2,N,1
823042,2026-07-23,2026-07-23T21:15:00Z,Busch Stadium,R,AZ,STL,109,138,Brandon Pfaadt,Michael McGreevy,694297,700241,10,6,AZ,0,16,4,N,1
824247,2026-07-23,2026-07-23T22:40:00Z,Comerica Park,R,KC,DET,118,116,Randy Dobnak,Troy Melton,677976,675512,3,4,DET,1,7,1,N,1
824406,2026-07-23,2026-07-23T17:10:00Z,Progressive Field,R,MIN,CLE,142,114,Taj Bradley,Gavin Williams,671737,668909,3,1,MIN,0,4,2,N,1
824893,2026-07-23,2026-07-23T16:15:00Z,Truist Park,R,SD,ATL,135,144,Kyle Hart,Chris Sale,606996,519242,5,6,ATL,1,11,1,N,1
822707,2026-07-24,2026-07-24T22:45:00Z,Nationals Park,R,AZ,WSH,109,120,Eduardo Rodriguez,Carson Palmquist,593958,687223,3,2,AZ,0,5,1,N,1
822872,2026-07-24,2026-07-25T00:05:00Z,Globe Life Field,R,SEA,TEX,136,140,Bryce Miller,MacKenzie Gore,682243,669022,4,5,TEX,1,9,1,N,1
822952,2026-07-24,2026-07-24T23:10:00Z,Tropicana Field,R,CLE,TB,114,139,Joey Cantillo,Shane McClanahan,676282,663556,3,11,TB,1,14,8,N,1
823031,2026-07-24,2026-07-25T00:15:00Z,Busch Stadium,R,CIN,STL,113,138,Rhett Lowder,Dustin May,695076,669160,4,2,CIN,0,6,2,N,1
823196,2026-07-24,2026-07-25T02:15:00Z,Oracle Park,R,LAA,SF,108,137,Grayson Rodriguez,Logan Webb,680570,657277,6,7,SF,1,13,1,N,1
823352,2026-07-24,2026-07-24T22:40:00Z,PNC Park,R,CHC,PIT,112,134,Matthew Boyd,Jared Jones,571510,683003,3,2,CHC,0,5,1,N,1
823434,2026-07-24,2026-07-24T22:45:00Z,Citizens Bank Park,R,NYY,PHI,147,143,Cam Schlittler,Jesús Luzardo,693645,666200,1,0,NYY,0,1,1,N,1
823601,2026-07-24,2026-07-24T23:10:00Z,Citi Field,R,LAD,NYM,119,121,Roki Sasaki,Sean Manaea,808963,640455,4,2,LAD,0,6,2,N,1
823680,2026-07-24,2026-07-25T00:10:00Z,Target Field,R,ATH,MIN,133,142,Jacob Lopez,Zebby Matthews,682052,805673,2,0,ATH,0,2,2,N,1
823759,2026-07-24,2026-07-24T20:10:00Z,American Family Field,R,COL,MIL,115,158,Tomoyuki Sugano,Shane Drohan,608372,675660,5,2,COL,0,7,3,N,1
823843,2026-07-24,2026-07-24T23:10:00Z,loanDepot park,R,SD,MIA,135,146,Germán Márquez,Ryan Gusto,608566,687473,4,2,SD,0,6,2,N,1
824248,2026-07-24,2026-07-24T22:40:00Z,Comerica Park,R,KC,DET,118,116,Beck Way,Tarik Skubal,694360,669373,1,2,DET,1,3,1,N,1
824573,2026-07-24,2026-07-24T23:40:00Z,Rate Field,R,HOU,CWS,117,145,Spencer Arrighetti,Davis Martin,681293,663436,9,5,HOU,0,14,4,N,1
824733,2026-07-24,2026-07-24T23:15:00Z,Fenway Park,R,TOR,BOS,141,111,Trey Yesavage,Patrick Sandoval,702056,663776,4,6,BOS,1,10,2,N,1
824812,2026-07-24,2026-07-24T23:05:00Z,Oriole Park at Camden Yards,R,ATL,BAL,144,110,Grant Holmes,Trevor Rogers,656550,669432,7,6,ATL,0,13,1,N,1
822704,2026-07-25,2026-07-25T20:05:00Z,Nationals Park,R,AZ,WSH,109,120,Mitch Bratt,Foster Griffin,683352,656492,3,5,WSH,1,8,2,N,1
822869,2026-07-25,2026-07-25T23:15:00Z,Globe Life Field,R,SEA,TEX,136,140,Bryan Woo,Nathan Eovaldi,693433,543135,1,7,TEX,1,8,6,N,1
822948,2026-07-25,2026-07-25T22:10:00Z,Tropicana Field,R,CLE,TB,114,139,Tanner Bibee,Nick Martinez,676440,607259,0,3,TB,1,3,3,N,1
823027,2026-07-25,2026-07-25T23:15:00Z,Busch Stadium,R,CIN,STL,113,138,Hunter Greene,Andre Pallante,668881,669467,0,7,STL,1,7,7,N,1
823197,2026-07-25,2026-07-25T20:05:00Z,Oracle Park,R,LAA,SF,108,137,Ryan Johnson,Robbie Ray,696270,592662,2,9,SF,1,11,7,N,1
823355,2026-07-25,2026-07-25T22:40:00Z,PNC Park,R,CHC,PIT,112,134,Shota Imanaga,Paul Skenes,684007,694973,11,0,CHC,0,11,11,N,1
823435,2026-07-25,2026-07-25T22:05:00Z,Citizens Bank Park,R,NYY,PHI,147,143,Ryan Weathers,Tim Mayza,677960,641835,3,1,NYY,0,4,2,N,1
823600,2026-07-25,2026-07-25T23:15:00Z,Citi Field,R,LAD,NYM,119,121,Yoshinobu Yamamoto,Nolan McLean,808967,690997,4,3,LAD,0,7,1,N,1
823679,2026-07-25,2026-07-25T23:10:00Z,Target Field,R,ATH,MIN,133,142,Brady Basso,Kendry Rojas,669620,696070,0,2,MIN,1,2,2,N,1
823758,2026-07-25,2026-07-25T23:10:00Z,American Family Field,R,COL,MIL,115,158,Ryan Feltner,Robert Gasser,663372,688107,5,8,MIL,1,13,3,N,1
823841,2026-07-25,2026-07-25T20:10:00Z,loanDepot park,R,SD,MIA,135,146,Randy Vásquez,Eury Pérez,681190,691587,7,2,SD,0,9,5,N,1
824244,2026-07-25,2026-07-25T17:10:00Z,Comerica Park,R,KC,DET,118,116,Michael Wacha,Casey Mize,608379,663554,3,2,KC,0,5,1,N,1
824571,2026-07-25,2026-07-25T23:10:00Z,Rate Field,R,HOU,CWS,117,145,Hunter Brown,Sean Burke,686613,680732,4,1,HOU,0,5,3,N,1
824734,2026-07-25,2026-07-25T20:10:00Z,Fenway Park,R,TOR,BOS,141,111,Dylan Cease,Sonny Gray,656302,543243,6,0,TOR,0,6,6,N,1
824811,2026-07-25,2026-07-25T23:05:00Z,Oriole Park at Camden Yards,R,ATL,BAL,144,110,Bryce Elder,Brandon Young,693821,687064,2,3,BAL,1,5,1,N,1
822706,2026-07-26,2026-07-26T17:35:00Z,Nationals Park,R,AZ,WSH,109,120,Kohl Drake,Miles Mikolas,684442,571945,7,10,WSH,1,17,3,N,1
822870,2026-07-26,2026-07-26T18:35:00Z,Globe Life Field,R,SEA,TEX,136,140,Logan Gilbert,Jacob deGrom,669302,594798,6,4,SEA,0,10,2,N,1
822950,2026-07-26,2026-07-26T16:15:00Z,Tropicana Field,R,CLE,TB,114,139,Parker Messick,Drew Rasmussen,800048,656876,0,1,TB,1,1,1,N,1
823028,2026-07-26,2026-07-26T18:15:00Z,Busch Stadium,R,CIN,STL,113,138,Andrew Abbott,Kyle Leahy,671096,681517,5,3,CIN,0,8,2,N,1
823194,2026-07-26,2026-07-26T20:05:00Z,Oracle Park,R,LAA,SF,108,137,José Soriano,Carson Whisenhunt,667755,687931,4,3,LAA,0,7,1,N,1
823354,2026-07-26,2026-07-26T17:35:00Z,PNC Park,R,CHC,PIT,112,134,Jameson Taillon,Braxton Ashcraft,592791,677952,7,8,PIT,1,15,1,N,1
823433,2026-07-26,2026-07-26T23:20:00Z,Citizens Bank Park,R,NYY,PHI,147,143,Will Warren,Cristopher Sánchez,701542,650911,4,11,PHI,1,15,7,N,1
823599,2026-07-26,2026-07-26T17:40:00Z,Citi Field,R,LAD,NYM,119,121,Emmet Sheehan,Freddy Peralta,686218,642547,3,8,NYM,1,11,5,N,1
823678,2026-07-26,2026-07-26T18:10:00Z,Target Field,R,ATH,MIN,133,142,Jeffrey Springs,Connor Prielipp,605488,687570,8,11,MIN,1,19,3,N,1
823755,2026-07-26,2026-07-26T18:10:00Z,American Family Field,R,COL,MIL,115,158,Kyle Freeland,Jacob Misiorowski,607536,694819,2,11,MIL,1,13,9,N,1
823840,2026-07-26,2026-07-26T17:40:00Z,loanDepot park,R,SD,MIA,135,146,Walker Buehler,Janson Junk,621111,676083,5,3,SD,0,8,2,N,1
824246,2026-07-26,2026-07-26T17:40:00Z,Comerica Park,R,KC,DET,118,116,Luinder Avila,Framber Valdez,679883,664285,5,4,KC,0,9,1,N,1
824572,2026-07-26,2026-07-26T18:10:00Z,Rate Field,R,HOU,CWS,117,145,Ronel Blanco,Erick Fedde,669854,607200,3,12,CWS,1,15,9,N,1
824730,2026-07-26,2026-07-26T17:35:00Z,Fenway Park,R,TOR,BOS,141,111,Kevin Gausman,Ranger Suarez,592332,624133,1,6,BOS,1,7,5,N,1
824810,2026-07-26,2026-07-26T17:35:00Z,Oriole Park at Camden Yards,R,ATL,BAL,144,110,Reynaldo López,Shane Baz,625643,669358,3,2,ATL,0,5,1,N,1
822705,2026-07-27,2026-07-27T22:45:00Z,Nationals Park,R,TOR,WSH,141,120,Max Scherzer,Eddy Yean,453286,678868,3,2,TOR,0,5,1,N,1
822868,2026-07-27,2026-07-27T18:35:00Z,Globe Life Field,R,SEA,TEX,136,140,George Kirby,Kumar Rocker,669923,677958,3,7,TEX,1,10,4,N,1
823025,2026-07-27,2026-07-27T23:45:00Z,Busch Stadium,R,CHC,STL,112,138,David Peterson,Matthew Liberatore,656849,669461,7,3,CHC,0,10,4,N,1
823195,2026-07-27,2026-07-28T01:45:00Z,Oracle Park,R,MIL,SF,158,137,Brandon Sproat,Tyler Mahle,687075,641816,0,3,SF,1,3,3,N,1
823353,2026-07-27,2026-07-27T22:40:00Z,PNC Park,R,AZ,PIT,109,134,Merrill Kelly,Mitch Keller,518876,656605,2,3,PIT,1,5,1,N,1
823597,2026-07-27,2026-07-27T23:10:00Z,Citi Field,R,ATL,NYM,144,121,Martín Pérez,Zac Thornton,527048,804267,3,14,NYM,1,17,11,N,1
823839,2026-07-27,2026-07-27T22:40:00Z,loanDepot park,R,PHI,MIA,143,146,Zack Wheeler,Tyler Phillips,554430,663969,7,8,MIA,1,15,1,N,1
824001,2026-07-27,2026-07-28T01:38:00Z,Angel Stadium,R,HOU,LAA,117,108,Tatsuya Imai,Walbert Ureña,837227,700712,6,4,HOU,0,10,2,N,1
824245,2026-07-27,2026-07-27T22:40:00Z,Comerica Park,R,BAL,DET,110,116,Kyle Bradish,Keider Montero,680694,672456,8,5,BAL,0,13,3,N,1
824570,2026-07-27,2026-07-27T23:40:00Z,Rate Field,R,NYY,CWS,147,145,Max Fried,Noah Schultz,608331,702273,9,5,NYY,0,14,4,N,1
824977,2026-07-27,2026-07-28T01:40:00Z,Sutter Health Park,R,BOS,ATH,111,133,Payton Tolle,Jack Perkins,801139,678022,4,2,BOS,0,6,2,N,1
822703,2026-07-28,2026-07-28T22:45:00Z,Nationals Park,R,TOR,WSH,141,120,Shane Bieber,Cade Cavalli,669456,676917,6,8,WSH,1,14,2,N,1
822949,2026-07-28,2026-07-28T22:40:00Z,Tropicana Field,R,TEX,TB,140,139,Cal Quantrill,Griffin Jax,615698,643377,4,1,TEX,0,5,3,N,1
823026,2026-07-28,2026-07-28T23:45:00Z,Busch Stadium,R,CHC,STL,112,138,Colin Rea,Michael McGreevy,607067,700241,10,2,CHC,0,12,8,N,1
823193,2026-07-28,2026-07-29T01:45:00Z,Oracle Park,R,MIL,SF,158,137,Logan Henderson,Landen Roupp,701656,694738,8,2,MIL,0,10,6,N,1
823275,2026-07-28,2026-07-29T01:40:00Z,Petco Park,R,COL,SD,115,135,Michael Lorenzen,Michael King,547179,650633,7,8,SD,1,15,1,N,1
823350,2026-07-28,2026-07-28T22:40:00Z,PNC Park,R,AZ,PIT,109,134,Brandon Pfaadt,Bubba Chandler,694297,696149,8,7,AZ,0,15,1,N,1
823676,2026-07-28,2026-07-28T23:40:00Z,Target Field,R,KC,MIN,118,142,Seth Lugo,Taj Bradley,607625,671737,2,3,MIN,1,5,1,N,1
823838,2026-07-28,2026-07-28T22:40:00Z,loanDepot park,R,PHI,MIA,143,146,Aaron Nola,Sandy Alcantara,605400,645261,0,1,MIA,1,1,1,N,1
823923,2026-07-28,2026-07-29T02:10:00Z,UNIQLO Field at Dodger Stadium,R,SEA,LAD,136,119,Luis Castillo,Justin Wrobleski,622491,680736,7,6,SEA,0,13,1,N,1
824003,2026-07-28,2026-07-29T01:38:00Z,Angel Stadium,R,HOU,LAA,117,108,Peter Lambert,Reid Detmers,663567,672282,3,2,HOU,0,5,1,N,1
824243,2026-07-28,2026-07-28T22:40:00Z,Comerica Park,R,BAL,DET,110,116,Dean Kremer,Troy Melton,665152,675512,0,14,DET,1,14,14,N,1
824489,2026-07-28,2026-07-28T23:10:00Z,Great American Ball Park,R,CLE,CIN,114,113,Gavin Williams,Caleb Ferguson,668909,657571,0,2,CIN,1,2,2,S,2
824490,2026-07-28,2026-07-28T17:40:00Z,Great American Ball Park,R,CLE,CIN,114,113,Slade Cecconi,Chase Burns,677944,695505,6,5,CLE,0,11,1,S,1
824569,2026-07-28,2026-07-28T23:40:00Z,Rate Field,R,NYY,CWS,147,145,Gerrit Cole,Anthony Kay,543037,641743,3,2,NYY,0,5,1,N,1
824976,2026-07-28,2026-07-29T01:40:00Z,Sutter Health Park,R,BOS,ATH,111,133,Jake Bennett,Gage Jump,687562,695611,3,4,ATH,1,7,1,N,1
822702,2026-07-29,2026-07-29T17:05:00Z,Nationals Park,R,TOR,WSH,141,120,Trey Yesavage,Zack Littell,702056,641793,5,2,TOR,0,7,3,N,1
822947,2026-07-29,2026-07-29T22:40:00Z,Tropicana Field,R,TEX,TB,140,139,MacKenzie Gore,Casey Legumina,669022,668984,0,3,TB,1,3,3,N,1
823022,2026-07-29,2026-07-29T23:45:00Z,Busch Stadium,R,CHC,STL,112,138,Matthew Boyd,Dustin May,571510,669160,2,3,STL,1,5,1,N,1
823192,2026-07-29,2026-07-29T19:45:00Z,Oracle Park,R,MIL,SF,158,137,Thomas Pannone,Logan Webb,623381,657277,3,16,SF,1,19,13,N,1
823273,2026-07-29,2026-07-29T20:10:00Z,Petco Park,R,COL,SD,115,135,Gabriel Hughes,Kyle Hart,687312,606996,1,3,SD,1,4,2,N,1
823351,2026-07-29,2026-07-29T16:35:00Z,PNC Park,R,AZ,PIT,109,134,Eduardo Rodriguez,Jared Jones,593958,683003,3,0,AZ,0,3,3,N,1
823596,2026-07-29,2026-07-29T17:10:00Z,Citi Field,R,ATL,NYM,144,121,AJ Smith-Shawver,Sean Manaea,700363,640455,2,3,NYM,1,5,1,S,1
823598,2026-07-29,2026-07-29T23:10:00Z,Citi Field,R,ATL,NYM,144,121,Chris Sale,Christian Scott,519242,681035,1,0,ATL,0,1,1,S,2
823677,2026-07-29,2026-07-29T23:40:00Z,Target Field,R,KC,MIN,118,142,Randy Dobnak,Joe Ryan,677976,657746,4,0,KC,0,4,4,N,1
823837,2026-07-29,2026-07-29T16:10:00Z,loanDepot park,R,PHI,MIA,143,146,Jesús Luzardo,Ryan Gusto,666200,687473,6,8,MIA,1,14,2,N,1
823924,2026-07-29,2026-07-30T02:10:00Z,UNIQLO Field at Dodger Stadium,R,SEA,LAD,136,119,Emerson Hancock,Eric Lauer,676106,641778,2,4,LAD,1,6,2,N,1
824002,2026-07-29,2026-07-30T01:38:00Z,Angel Stadium,R,HOU,LAA,117,108,Hayden Wesneski,Grayson Rodriguez,669713,680570,7,4,HOU,0,11,3,N,1
824242,2026-07-29,2026-07-29T17:10:00Z,Comerica Park,R,BAL,DET,110,116,Trevor Rogers,Tarik Skubal,669432,669373,10,9,BAL,0,19,1,N,1
824487,2026-07-29,2026-07-29T23:10:00Z,Great American Ball Park,R,CLE,CIN,114,113,Joey Cantillo,Brady Singer,676282,663903,6,1,CLE,0,7,5,N,1
824567,2026-07-29,2026-07-29T23:40:00Z,Rate Field,R,NYY,CWS,147,145,Cam Schlittler,Davis Martin,693645,663436,5,6,CWS,1,11,1,N,1
824973,2026-07-29,2026-07-30T01:40:00Z,Sutter Health Park,R,BOS,ATH,111,133,Patrick Sandoval,Jacob Lopez,663776,682052,4,2,BOS,0,6,2,N,1
822946,2026-07-30,2026-07-30T16:10:00Z,Tropicana Field,R,TEX,TB,140,139,Cole Winn,Shane McClanahan,668390,663556,2,3,TB,1,5,1,N,1
823023,2026-07-30,2026-07-30T18:15:00Z,Busch Stadium,R,CHC,STL,112,138,Javier Assad,Andre Pallante,665871,669467,4,2,CHC,0,6,2,N,1
823271,2026-07-30,2026-07-31T01:40:00Z,Petco Park,R,SF,SD,137,135,Robbie Ray,JP Sears,592662,676664,4,1,SF,0,5,3,N,1
823595,2026-07-30,2026-07-30T23:10:00Z,Citi Field,R,MIA,NYM,146,121,Eury Pérez,Nolan McLean,691587,690997,2,4,NYM,1,6,2,N,1
823674,2026-07-30,2026-07-30T17:40:00Z,Target Field,R,KC,MIN,118,142,Noah Cameron,Bailey Ober,702070,641927,3,4,MIN,1,7,1,N,1
823921,2026-07-30,2026-07-31T02:10:00Z,UNIQLO Field at Dodger Stadium,R,SEA,LAD,136,119,Bryan Woo,Roki Sasaki,693433,808963,2,6,LAD,1,8,4,N,1
824488,2026-07-30,2026-07-30T23:10:00Z,Great American Ball Park,R,PIT,CIN,134,113,Yohan Ramírez,Rhett Lowder,670990,695076,2,3,CIN,1,5,1,N,1
824568,2026-07-30,2026-07-30T18:10:00Z,Rate Field,R,NYY,CWS,147,145,Ryan Weathers,Sean Burke,677960,680732,1,2,CWS,1,3,1,N,1
824894,2026-07-30,2026-07-30T23:15:00Z,Truist Park,R,WSH,ATL,120,144,Jake Irvin,Grant Holmes,663623,656550,4,5,ATL,1,9,1,N,1
824974,2026-07-30,2026-07-31T01:40:00Z,Sutter Health Park,R,BOS,ATH,111,133,Sonny Gray,Mason Barnett,543243,686930,5,4,BOS,0,9,1,N,1
822782,2026-07-31,2026-07-31T23:07:00Z,Rogers Centre,R,STL,TOR,138,141,Kyle Leahy,Dylan Cease,681517,656302,1,3,TOR,1,4,2,N,1
822945,2026-07-31,2026-07-31T23:10:00Z,Tropicana Field,R,CWS,TB,145,139,Erick Fedde,Nick Martinez,607200,607259,6,1,CWS,0,7,5,N,1
823111,2026-07-31,2026-08-01T02:10:00Z,T-Mobile Park,R,MIN,SEA,142,136,Zebby Matthews,Bryce Miller,805673,682243,5,3,MIN,0,8,2,N,1
823272,2026-07-31,2026-08-01T01:45:00Z,Petco Park,R,SF,SD,137,135,Carson Whisenhunt,Bradgley Rodriguez,687931,699134,0,7,SD,1,7,7,N,1
823593,2026-07-31,2026-07-31T23:10:00Z,Citi Field,R,MIA,NYM,146,121,Janson Junk,Kodai Senga,676083,673540,5,2,MIA,0,7,3,N,1
823922,2026-07-31,2026-08-01T02:10:00Z,UNIQLO Field at Dodger Stadium,R,BOS,LAD,111,119,Ranger Suarez,Edgardo Henriquez,624133,683618,9,4,BOS,0,13,5,N,1
823999,2026-07-31,2026-08-01T01:38:00Z,Angel Stadium,R,MIL,LAA,158,108,Shane Drohan,Ryan Johnson,675660,696270,6,2,MIL,0,8,4,N,1
824164,2026-07-31,2026-08-01T00:15:00Z,Daikin Park,R,TEX,HOU,140,117,Nathan Eovaldi,Hunter Brown,543135,686613,2,11,HOU,1,13,9,N,1
824325,2026-07-31,2026-08-01T00:40:00Z,Coors Field,R,KC,COL,118,115,Michael Wacha,Tomoyuki Sugano,608379,608372,1,3,COL,1,4,2,N,1
824407,2026-07-31,2026-07-31T23:10:00Z,Progressive Field,R,AZ,CLE,109,114,Mitch Bratt,Tanner Bibee,683352,676440,4,1,AZ,0,5,3,N,1
824486,2026-07-31,2026-07-31T22:10:00Z,Great American Ball Park,R,PIT,CIN,134,113,Paul Skenes,Hunter Greene,694973,668881,7,8,CIN,1,15,1,N,1
824651,2026-07-31,2026-07-31T18:20:00Z,Wrigley Field,R,NYY,CHC,147,112,Will Warren,Shota Imanaga,701542,684007,2,0,NYY,0,2,2,N,1
824809,2026-07-31,2026-07-31T23:05:00Z,Oriole Park at Camden Yards,R,PHI,BAL,143,110,Andrew Painter,Brandon Young,691725,687064,4,6,BAL,1,10,2,N,1
824892,2026-07-31,2026-07-31T23:15:00Z,Truist Park,R,WSH,ATL,120,144,Foster Griffin,Bryce Elder,656492,693821,2,6,ATL,1,8,4,N,1
824975,2026-07-31,2026-08-01T01:40:00Z,Sutter Health Park,R,DET,ATH,116,133,Tyler Holton,Jeffrey Springs,663947,605488,13,1,DET,0,14,12,N,1
822781,2026-08-01,2026-08-01T19:07:00Z,Rogers Centre,R,STL,TOR,138,141,Quinn Mathews,Kevin Gausman,687273,592332,1,5,TOR,1,6,4,N,1
822944,2026-08-01,2026-08-01T20:10:00Z,Tropicana Field,R,CWS,TB,145,139,Jordan Hicks,Drew Rasmussen,663855,656876,0,1,TB,1,1,1,N,1
823109,2026-08-01,2026-08-01T20:10:00Z,T-Mobile Park,R,MIN,SEA,142,136,Connor Prielipp,Logan Gilbert,687570,669302,3,4,SEA,1,7,1,N,1
823269,2026-08-01,2026-08-02T00:40:00Z,Petco Park,R,SF,SD,137,135,Tyler Mahle,Walker Buehler,641816,621111,5,6,SD,1,11,1,N,1
823594,2026-08-01,2026-08-01T20:10:00Z,Citi Field,R,MIA,NYM,146,121,Tyler Phillips,Zac Thornton,663969,804267,6,2,MIA,0,8,4,N,1
823920,2026-08-01,2026-08-02T01:10:00Z,UNIQLO Field at Dodger Stadium,R,BOS,LAD,111,119,Payton Tolle,Yoshinobu Yamamoto,801139,808967,3,2,BOS,0,5,1,N,1
824000,2026-08-01,2026-08-02T01:38:00Z,Angel Stadium,R,MIL,LAA,158,108,Robert Gasser,Brent Suter,688107,608718,3,1,MIL,0,4,2,N,1
824162,2026-08-01,2026-08-01T23:10:00Z,Daikin Park,R,TEX,HOU,140,117,Jacob deGrom,Ronel Blanco,594798,669854,4,5,HOU,1,9,1,N,1
824326,2026-08-01,2026-08-02T00:10:00Z,Coors Field,R,KC,COL,118,115,Luinder Avila,Ryan Feltner,679883,663372,6,12,COL,1,18,6,N,1
824405,2026-08-01,2026-08-01T23:15:00Z,Progressive Field,R,AZ,CLE,109,114,Kohl Drake,Parker Messick,684442,800048,12,8,AZ,0,20,4,N,1
824485,2026-08-01,2026-08-01T22:40:00Z,Great American Ball Park,R,PIT,CIN,134,113,Braxton Ashcraft,Andrew Abbott,677952,671096,4,1,PIT,0,5,3,N,1
824649,2026-08-01,2026-08-01T23:15:00Z,Wrigley Field,R,NYY,CHC,147,112,Max Fried,David Peterson,608331,656849,2,5,CHC,1,7,3,N,1
824808,2026-08-01,2026-08-01T23:05:00Z,Oriole Park at Camden Yards,R,PHI,BAL,143,110,Cristopher Sánchez,Shane Baz,650911,669358,5,0,PHI,0,5,5,N,1
824890,2026-08-01,2026-08-01T23:15:00Z,Truist Park,R,WSH,ATL,120,144,Miles Mikolas,Martín Pérez,571945,527048,3,8,ATL,1,11,5,N,1
824972,2026-08-01,2026-08-02T01:40:00Z,Sutter Health Park,R,DET,ATH,116,133,Framber Valdez,Jack Perkins,664285,678022,8,6,DET,0,14,2,N,1
822783,2026-08-02,2026-08-02T17:37:00Z,Rogers Centre,R,STL,TOR,138,141,Matthew Liberatore,Max Scherzer,669461,453286,5,1,STL,0,6,4,N,1
822943,2026-08-02,2026-08-02T17:40:00Z,Tropicana Field,R,CWS,TB,145,139,Anthony Kay,Griffin Jax,641743,643377,9,1,CWS,0,10,8,N,1
823107,2026-08-02,2026-08-02T20:10:00Z,T-Mobile Park,R,MIN,SEA,142,136,Taj Bradley,George Kirby,671737,669923,6,7,SEA,1,13,1,N,1
823270,2026-08-02,2026-08-02T20:10:00Z,Petco Park,R,SF,SD,137,135,Landen Roupp,Kyle Hart,694738,606996,4,5,SD,1,9,1,N,1
823592,2026-08-02,2026-08-02T17:40:00Z,Citi Field,R,MIA,NYM,146,121,Sandy Alcantara,Robert Stock,645261,476594,2,0,MIA,0,2,2,N,1
823919,2026-08-02,2026-08-02T23:20:00Z,UNIQLO Field at Dodger Stadium,R,BOS,LAD,111,119,Jake Bennett,Emmet Sheehan,687562,686218,8,4,BOS,0,12,4,N,1
823996,2026-08-02,2026-08-02T19:15:00Z,Angel Stadium,R,MIL,LAA,158,108,Jacob Misiorowski,Walbert Ureña,694819,700712,0,3,LAA,1,3,3,N,1
824163,2026-08-02,2026-08-02T18:10:00Z,Daikin Park,R,TEX,HOU,140,117,Kumar Rocker,Peter Lambert,677958,663567,3,7,HOU,1,10,4,N,1
824323,2026-08-02,2026-08-02T19:10:00Z,Coors Field,R,KC,COL,118,115,Seth Lugo,Kyle Freeland,607625,607536,1,8,COL,1,9,7,N,1
824404,2026-08-02,2026-08-02T17:40:00Z,Progressive Field,R,AZ,CLE,109,114,Merrill Kelly,Gavin Williams,518876,668909,0,5,CLE,1,5,5,N,1
824483,2026-08-02,2026-08-02T17:40:00Z,Great American Ball Park,R,PIT,CIN,134,113,Mitch Keller,Chase Burns,656605,695505,2,10,CIN,1,12,8,N,1
824648,2026-08-02,2026-08-02T18:20:00Z,Wrigley Field,R,NYY,CHC,147,112,Gerrit Cole,Colin Rea,543037,607067,2,1,NYY,0,3,1,N,1
824807,2026-08-02,2026-08-02T17:35:00Z,Oriole Park at Camden Yards,R,PHI,BAL,143,110,Zack Wheeler,Kyle Bradish,554430,680694,8,0,PHI,0,8,8,N,1
824891,2026-08-02,2026-08-02T17:35:00Z,Truist Park,R,WSH,ATL,120,144,Cade Cavalli,JR Ritchie,676917,702275,2,4,ATL,1,6,2,N,1
824971,2026-08-02,2026-08-02T20:05:00Z,Sutter Health Park,R,DET,ATH,116,133,Keider Montero,Gage Jump,672456,695611,11,0,DET,0,11,11,N,1
822867,2026-08-03,2026-08-04T00:05:00Z,Globe Life Field,R,SF,TEX,137,140,Logan Webb,Cal Quantrill,657277,615698,5,1,SF,0,6,4,N,1
823431,2026-08-03,2026-08-03T22:40:00Z,Citizens Bank Park,R,WSH,PHI,120,143,Andrew Alvarez,Aaron Nola,674841,605400,3,6,PHI,1,9,3,N,1
823520,2026-08-03,2026-08-03T23:05:00Z,Yankee Stadium,R,STL,NYY,138,147,Michael McGreevy,Cam Schlittler,700241,693645,13,7,STL,0,20,6,N,1
823757,2026-08-03,2026-08-03T23:40:00Z,American Family Field,R,PIT,MIL,134,158,Bubba Chandler,Brandon Sproat,696149,687075,4,3,PIT,0,7,1,N,1
824160,2026-08-03,2026-08-04T00:10:00Z,Daikin Park,R,TOR,HOU,141,117,Shane Bieber,Cristian Javier,669456,664299,3,1,TOR,0,4,2,N,1
824324,2026-08-03,2026-08-04T00:40:00Z,Coors Field,R,TB,COL,139,115,Ian Seymour,Michael Lorenzen,693855,547179,13,9,TB,0,22,4,N,1
824647,2026-08-03,2026-08-04T00:05:00Z,Wrigley Field,R,LAD,CHC,119,112,Justin Wrobleski,Matthew Boyd,680736,571510,5,10,CHC,1,15,5,N,1
825095,2026-08-03,2026-08-04T01:40:00Z,Chase Field,R,SD,AZ,135,109,Michael King,Brandon Pfaadt,650633,694297,1,5,AZ,1,6,4,N,1
822865,2026-08-04,2026-08-05T00:05:00Z,Globe Life Field,R,SF,TEX,137,140,Blade Tidwell,MacKenzie Gore,694918,669022,4,5,TEX,1,9,1,N,1
823108,2026-08-04,2026-08-05T01:40:00Z,T-Mobile Park,R,DET,SEA,116,136,Troy Melton,Emerson Hancock,675512,676106,8,0,DET,0,8,8,N,1
823432,2026-08-04,2026-08-04T22:40:00Z,Citizens Bank Park,R,WSH,PHI,120,143,Carson Palmquist,Jesús Luzardo,687223,666200,0,5,PHI,1,5,5,N,1
823517,2026-08-04,2026-08-04T23:05:00Z,Yankee Stadium,R,STL,NYY,138,147,Hunter Dobbins,Ryan Weathers,690928,677960,0,2,NYY,1,2,2,N,1
823756,2026-08-04,2026-08-04T23:40:00Z,American Family Field,R,PIT,MIL,134,158,Jared Jones,Logan Henderson,683003,701656,2,4,MIL,1,6,2,N,1
824084,2026-08-04,2026-08-04T23:40:00Z,Kauffman Stadium,R,MIN,KC,142,118,Joe Ryan,Randy Dobnak,657746,677976,2,8,KC,1,10,6,N,1
824161,2026-08-04,2026-08-05T00:10:00Z,Daikin Park,R,TOR,HOU,141,117,Trey Yesavage,Hayden Wesneski,702056,669713,2,7,HOU,1,9,5,N,1
824321,2026-08-04,2026-08-05T00:40:00Z,Coors Field,R,TB,COL,139,115,Freddy Peralta,Gabriel Hughes,642547,687312,9,7,TB,0,16,2,N,1
824403,2026-08-04,2026-08-04T22:40:00Z,Progressive Field,R,NYM,CLE,121,114,Sean Manaea,Joey Cantillo,640455,676282,6,2,NYM,0,8,4,N,1
824484,2026-08-04,2026-08-04T22:40:00Z,Great American Ball Park,R,ATH,CIN,133,113,J.T. Ginn,Brady Singer,669372,663903,4,5,CIN,1,9,1,N,1
824645,2026-08-04,2026-08-05T00:05:00Z,Wrigley Field,R,LAD,CHC,119,112,Tarik Skubal,Javier Assad,669373,665871,1,5,CHC,1,6,4,N,1
824731,2026-08-04,2026-08-04T23:10:00Z,Fenway Park,R,CWS,BOS,145,111,Davis Martin,Patrick Sandoval,663436,663776,2,14,BOS,1,16,12,N,1
824805,2026-08-04,2026-08-04T22:35:00Z,Oriole Park at Camden Yards,R,LAA,BAL,108,110,Grayson Rodriguez,Cade Povich,680570,700249,1,3,BAL,1,4,2,N,1
824888,2026-08-04,2026-08-04T23:15:00Z,Truist Park,R,MIA,ATL,146,144,Ryan Gusto,Grant Holmes,687473,656550,2,4,ATL,1,6,2,N,1
825054,2026-08-04,2026-08-05T01:40:00Z,Chase Field,R,SD,AZ,135,109,Randy Vásquez,Eduardo Rodriguez,681190,593958,9,4,SD,0,13,5,N,1
822866,2026-08-05,2026-08-05T18:35:00Z,Globe Life Field,R,SF,TEX,137,140,Carson Whisenhunt,Cody Bradford,687931,674003,0,6,TEX,1,6,6,N,1
823106,2026-08-05,2026-08-06T01:40:00Z,T-Mobile Park,R,DET,SEA,116,136,Drew Anderson,Bryan Woo,623454,693433,2,4,SEA,1,6,2,N,1
823429,2026-08-05,2026-08-05T22:40:00Z,Citizens Bank Park,R,WSH,PHI,120,143,Jake Irvin,Andrew Painter,663623,691725,10,4,WSH,0,14,6,N,1
823516,2026-08-05,2026-08-05T23:05:00Z,Yankee Stadium,R,STL,NYY,138,147,Andre Pallante,Will Warren,669467,701542,3,1,STL,0,4,2,N,1
823753,2026-08-05,2026-08-05T23:40:00Z,American Family Field,R,PIT,MIL,134,158,Paul Skenes,Kyle Harrison,694973,690986,2,4,MIL,1,6,2,N,1
824082,2026-08-05,2026-08-05T23:40:00Z,Kauffman Stadium,R,MIN,KC,142,118,Dean Kremer,Noah Cameron,665152,702070,1,2,KC,1,3,1,N,1
824158,2026-08-05,2026-08-05T18:10:00Z,Daikin Park,R,TOR,HOU,141,117,Jameson Taillon,Hunter Brown,592791,686613,5,4,TOR,0,9,1,N,1
824322,2026-08-05,2026-08-05T19:10:00Z,Coors Field,R,TB,COL,139,115,Nick Martinez,Tomoyuki Sugano,607259,608372,4,0,TB,0,4,4,N,1
824402,2026-08-05,2026-08-05T22:40:00Z,Progressive Field,R,NYM,CLE,121,114,Christian Scott,Tanner Bibee,681035,676440,6,5,NYM,0,11,1,N,1
824482,2026-08-05,2026-08-05T22:40:00Z,Great American Ball Park,R,ATH,CIN,133,113,Jacob Lopez,Rhett Lowder,682052,695076,2,3,CIN,1,5,1,N,1
824646,2026-08-05,2026-08-05T18:20:00Z,Wrigley Field,R,LAD,CHC,119,112,Eric Lauer,Shota Imanaga,641778,684007,6,7,CHC,1,13,1,N,1
824728,2026-08-05,2026-08-05T23:10:00Z,Fenway Park,R,CWS,BOS,145,111,Sean Burke,Sonny Gray,680732,543243,0,4,BOS,1,4,4,N,1
824806,2026-08-05,2026-08-05T22:35:00Z,Oriole Park at Camden Yards,R,LAA,BAL,108,110,Reid Detmers,Trevor Rogers,672282,669432,2,5,BAL,1,7,3,N,1
824889,2026-08-05,2026-08-05T23:15:00Z,Truist Park,R,MIA,ATL,146,144,Eury Pérez,Bryce Elder,691587,693821,1,4,ATL,1,5,3,N,1
825052,2026-08-05,2026-08-06T01:40:00Z,Chase Field,R,SD,AZ,135,109,Casey Mize,Mitch Bratt,663554,683352,4,10,AZ,1,14,6,N,1
823105,2026-08-06,2026-08-06T20:10:00Z,T-Mobile Park,R,DET,SEA,116,136,Framber Valdez,Bryce Miller,664285,682243,11,0,DET,0,11,11,N,1
823430,2026-08-06,2026-08-06T22:05:00Z,Citizens Bank Park,R,WSH,PHI,120,143,Miles Mikolas,Cristopher Sánchez,571945,650911,3,7,PHI,1,10,4,N,1
823754,2026-08-06,2026-08-06T18:10:00Z,American Family Field,R,PIT,MIL,134,158,Braxton Ashcraft,Dustin May,677952,669160,2,5,MIL,1,7,3,N,1
824080,2026-08-06,2026-08-06T23:40:00Z,Kauffman Stadium,R,MIN,KC,142,118,Bailey Ober,Michael Wacha,641927,608379,4,3,MIN,0,7,1,N,1
824401,2026-08-06,2026-08-06T17:10:00Z,Progressive Field,R,NYM,CLE,121,114,Nolan McLean,Foster Griffin,690997,656492,13,6,NYM,0,19,7,N,1
824481,2026-08-06,2026-08-06T16:40:00Z,Great American Ball Park,R,ATH,CIN,133,113,Mason Barnett,Andrew Abbott,686930,671096,5,6,CIN,1,11,1,N,1
824664,2026-08-06,2026-08-06T18:20:00Z,Wrigley Field,R,TOR,CHC,141,112,Dylan Cease,David Peterson,656302,656849,2,3,CHC,1,5,1,N,1
824729,2026-08-06,2026-08-06T23:10:00Z,Fenway Park,R,CWS,BOS,145,111,Luis Castillo,Ranger Suarez,622491,624133,11,12,BOS,1,23,1,N,1
824804,2026-08-06,2026-08-06T16:35:00Z,Oriole Park at Camden Yards,R,LAA,BAL,108,110,Ryan Johnson,Brandon Young,696270,687064,4,1,LAA,0,5,3,N,1
824885,2026-08-06,2026-08-06T23:15:00Z,Truist Park,R,MIA,ATL,146,144,Janson Junk,Martín Pérez,676083,527048,3,11,ATL,1,14,8,N,1
825053,2026-08-06,2026-08-07T01:40:00Z,Chase Field,R,SD,AZ,135,109,Walker Buehler,Kohl Drake,621111,684442,5,1,SD,0,6,4,N,1
822699,2026-08-07,2026-08-07T22:45:00Z,Nationals Park,R,CIN,WSH,113,120,Chase Petty,Cade Cavalli,695534,676917,3,5,WSH,1,8,2,N,1
822863,2026-08-07,2026-08-08T00:15:00Z,Globe Life Field,R,BAL,TEX,110,140,Shane Baz,Nathan Eovaldi,669358,543135,1,2,TEX,1,3,1,N,1
823024,2026-08-07,2026-08-08T00:15:00Z,Busch Stadium,R,COL,STL,115,138,Ryan Feltner,Kyle Leahy,663372,681517,2,3,STL,1,5,1,N,1
823103,2026-08-07,2026-08-08T01:45:00Z,T-Mobile Park,R,TB,SEA,139,136,Drew Rasmussen,Logan Gilbert,656876,669302,2,1,TB,0,3,1,N,1
823191,2026-08-07,2026-08-08T02:15:00Z,Oracle Park,R,DET,SF,116,137,Keider Montero,JT Brubaker,672456,664141,2,5,SF,1,7,3,N,1
823266,2026-08-07,2026-08-08T01:40:00Z,Petco Park,R,HOU,SD,117,135,Ronel Blanco,Robbie Ray,669854,592662,6,3,HOU,0,9,3,N,1
823349,2026-08-07,2026-08-07T22:40:00Z,PNC Park,R,NYM,PIT,121,134,Zac Thornton,Carmen Mlodzinski,804267,669387,6,4,NYM,0,10,2,N,1
823428,2026-08-07,2026-08-07T22:40:00Z,Citizens Bank Park,R,TOR,PHI,141,143,José Soriano,Zack Wheeler,667755,554430,5,4,TOR,0,9,1,N,1
823515,2026-08-07,2026-08-07T23:05:00Z,Yankee Stadium,R,ATL,NYY,144,147,Tyler Mahle,Max Fried,641816,608331,2,3,NYY,1,5,1,N,1
823750,2026-08-07,2026-08-07T23:40:00Z,American Family Field,R,MIN,MIL,142,158,Zebby Matthews,Shane Drohan,805673,675660,8,6,MIN,0,14,2,N,1
823836,2026-08-07,2026-08-07T23:10:00Z,loanDepot park,R,LAA,MIA,108,146,George Klassen,Tyler Phillips,691946,663969,4,3,LAA,0,7,1,N,1
824081,2026-08-07,2026-08-08T00:10:00Z,Kauffman Stadium,R,CHC,KC,112,118,Kevin Gausman,Daniel Lynch IV,592332,663738,6,4,CHC,0,10,2,N,1
824566,2026-08-07,2026-08-07T23:40:00Z,Rate Field,R,CLE,CWS,114,145,Parker Messick,Noah Schultz,800048,702273,8,2,CLE,0,10,6,N,1
824727,2026-08-07,2026-08-07T23:10:00Z,Fenway Park,R,ATH,BOS,133,111,Jack Perkins,Payton Tolle,678022,801139,1,13,BOS,1,14,12,N,1
825051,2026-08-07,2026-08-08T01:40:00Z,Chase Field,R,LAD,AZ,119,109,Roki Sasaki,Merrill Kelly,808963,518876,3,4,AZ,1,7,1,N,1
822701,2026-08-08,2026-08-08T22:45:00Z,Nationals Park,R,CIN,WSH,113,120,Chase Burns,Andrew Alvarez,695505,674841,2,8,WSH,1,10,6,N,1
822864,2026-08-08,2026-08-08T23:15:00Z,Globe Life Field,R,BAL,TEX,110,140,Kyle Bradish,Jacob deGrom,680694,594798,1,5,TEX,1,6,4,N,1
823021,2026-08-08,2026-08-08T23:15:00Z,Busch Stadium,R,COL,STL,115,138,Kyle Freeland,Matthew Liberatore,607536,669461,8,6,COL,0,14,2,N,1
823102,2026-08-08,2026-08-09T01:50:00Z,T-Mobile Park,R,TB,SEA,139,136,Casey Legumina,George Kirby,668984,669923,3,2,TB,0,5,1,N,1
823188,2026-08-08,2026-08-08T23:15:00Z,Oracle Park,R,DET,SF,116,137,Jackson Jobe,Landen Roupp,695549,694738,8,0,DET,0,8,8,N,1
823267,2026-08-08,2026-08-08T23:15:00Z,Petco Park,R,HOU,SD,117,135,Peter Lambert,Michael King,663567,650633,2,3,SD,1,5,1,N,1
823348,2026-08-08,2026-08-08T22:40:00Z,PNC Park,R,NYM,PIT,121,134,Robert Stock,Bubba Chandler,476594,696149,0,9,PIT,1,9,9,N,1
823426,2026-08-08,2026-08-08T22:05:00Z,Citizens Bank Park,R,TOR,PHI,141,143,Max Scherzer,Aaron Nola,453286,605400,7,5,TOR,0,12,2,N,1
823514,2026-08-08,2026-08-08T19:05:00Z,Yankee Stadium,R,ATL,NYY,144,147,Chris Sale,Gerrit Cole,519242,543037,4,5,NYY,1,9,1,N,1
823752,2026-08-08,2026-08-08T23:10:00Z,American Family Field,R,MIN,MIL,142,158,Taj Bradley,Robert Gasser,671737,688107,3,4,MIL,1,7,1,N,1
823834,2026-08-08,2026-08-08T20:10:00Z,loanDepot park,R,LAA,MIA,108,146,Walbert Ureña,Sandy Alcantara,700712,645261,0,7,MIA,1,7,7,N,1
824079,2026-08-08,2026-08-08T23:10:00Z,Kauffman Stadium,R,CHC,KC,112,118,Clay Holmes,Seth Lugo,605280,607625,3,6,KC,1,9,3,N,1
824565,2026-08-08,2026-08-08T23:15:00Z,Rate Field,R,CLE,CWS,114,145,Gavin Williams,Anthony Kay,668909,641743,3,6,CWS,1,9,3,N,1
824726,2026-08-08,2026-08-08T20:10:00Z,Fenway Park,R,ATH,BOS,133,111,Gage Jump,Jake Bennett,695611,687562,7,3,ATH,0,10,4,N,1
825049,2026-08-08,2026-08-09T00:10:00Z,Chase Field,R,LAD,AZ,119,109,Yoshinobu Yamamoto,Brandon Pfaadt,808967,694297,2,1,LAD,0,3,1,N,1
822700,2026-08-09,2026-08-09T16:15:00Z,Nationals Park,R,CIN,WSH,113,120,Brady Singer,Brad Lord,663903,695418,1,7,WSH,1,8,6,N,1
822862,2026-08-09,2026-08-09T18:35:00Z,Globe Life Field,R,BAL,TEX,110,140,Cade Povich,Kumar Rocker,700249,677958,10,5,BAL,0,15,5,N,1
823020,2026-08-09,2026-08-09T18:15:00Z,Busch Stadium,R,COL,STL,115,138,Michael Lorenzen,Michael McGreevy,547179,700241,4,7,STL,1,11,3,N,1
823104,2026-08-09,2026-08-09T20:10:00Z,T-Mobile Park,R,TB,SEA,139,136,Ian Seymour,Emerson Hancock,693855,676106,4,1,TB,0,5,3,N,1
823190,2026-08-09,2026-08-09T20:05:00Z,Oracle Park,R,DET,SF,116,137,Troy Melton,Logan Webb,675512,657277,3,1,DET,0,4,2,N,1
823268,2026-08-09,2026-08-10T00:20:00Z,Petco Park,R,HOU,SD,117,135,Cristian Javier,Randy Vásquez,664299,681190,2,7,SD,1,9,5,N,1
823345,2026-08-09,2026-08-09T17:35:00Z,PNC Park,R,NYM,PIT,121,134,Sean Manaea,Jared Jones,640455,683003,11,1,NYM,0,12,10,N,1
823425,2026-08-09,2026-08-09T17:35:00Z,Citizens Bank Park,R,TOR,PHI,141,143,Shane Bieber,Jesús Luzardo,669456,666200,6,7,PHI,1,13,1,N,1
823513,2026-08-09,2026-08-09T17:35:00Z,Yankee Stadium,R,ATL,NYY,144,147,Grant Holmes,Cam Schlittler,656550,693645,2,1,ATL,0,3,1,N,1
823751,2026-08-09,2026-08-09T18:10:00Z,American Family Field,R,MIN,MIL,142,158,Connor Prielipp,Jacob Misiorowski,687570,694819,3,4,MIL,1,7,1,N,1
823835,2026-08-09,2026-08-09T17:40:00Z,loanDepot park,R,LAA,MIA,108,146,Grayson Rodriguez,Ryan Gusto,680570,687473,3,12,MIA,1,15,9,N,1
824078,2026-08-09,2026-08-09T18:10:00Z,Kauffman Stadium,R,CHC,KC,112,118,Matthew Boyd,Randy Dobnak,571510,677976,10,2,CHC,0,12,8,N,1
824564,2026-08-09,2026-08-09T18:10:00Z,Rate Field,R,CLE,CWS,114,145,Joey Cantillo,Davis Martin,676282,663436,3,5,CWS,1,8,2,N,1
824724,2026-08-09,2026-08-09T17:35:00Z,Fenway Park,R,ATH,BOS,133,111,J.T. Ginn,Erik Miller,669372,669062,4,3,ATH,0,7,1,N,1
825050,2026-08-09,2026-08-09T20:10:00Z,Chase Field,R,LAD,AZ,119,109,Justin Wrobleski,Eduardo Rodriguez,680736,593958,2,4,AZ,1,6,2,N,1
822780,2026-08-10,2026-08-10T23:07:00Z,Rogers Centre,R,BOS,TOR,111,141,Sonny Gray,Jameson Taillon,543243,592791,1,2,TOR,1,3,1,N,1
823018,2026-08-10,2026-08-10T23:45:00Z,Busch Stadium,R,PHI,STL,143,138,Andrew Painter,Hunter Dobbins,691725,690928,6,5,PHI,0,11,1,N,1
823189,2026-08-10,2026-08-11T01:45:00Z,Oracle Park,R,HOU,SF,117,137,Hayden Wesneski,Blade Tidwell,669713,694918,6,3,HOU,0,9,3,N,1
823265,2026-08-10,2026-08-11T01:40:00Z,Petco Park,R,MIL,SD,158,135,Logan Henderson,Casey Mize,701656,663554,2,3,SD,1,5,1,N,1
823675,2026-08-10,2026-08-10T23:40:00Z,Target Field,R,BAL,MIN,110,142,Trevor Rogers,Dean Kremer,669432,665152,5,9,MIN,1,14,4,N,1
823918,2026-08-10,2026-08-11T02:10:00Z,UNIQLO Field at Dodger Stadium,R,KC,LAD,118,119,Noah Cameron,Tarik Skubal,702070,669373,5,6,LAD,1,11,1,N,1
823998,2026-08-10,2026-08-11T01:38:00Z,Angel Stadium,R,TEX,LAA,140,108,MacKenzie Gore,Reid Detmers,669022,672282,4,1,TEX,0,5,3,N,1
824887,2026-08-10,2026-08-10T23:15:00Z,Truist Park,R,NYM,ATL,121,144,Christian Scott,Bryce Elder,681035,693821,8,5,NYM,0,13,3,N,1
824969,2026-08-10,2026-08-11T01:40:00Z,Sutter Health Park,R,TB,ATH,139,133,Freddy Peralta,Jacob Lopez,642547,682052,10,6,TB,0,16,4,N,1
825048,2026-08-10,2026-08-11T01:40:00Z,Chase Field,R,COL,AZ,115,109,Gabriel Hughes,Michael Soroka,687312,647336,0,9,AZ,1,9,9,N,1
822697,2026-08-11,2026-08-11T22:45:00Z,Nationals Park,R,CHC,WSH,112,120,Shota Imanaga,Jake Irvin,684007,663623,8,6,CHC,0,14,2,N,1
822778,2026-08-11,2026-08-11T23:07:00Z,Rogers Centre,R,BOS,TOR,111,141,Patrick Sandoval,Dylan Cease,663776,656302,3,5,TOR,1,8,2,N,1
823019,2026-08-11,2026-08-11T23:45:00Z,Busch Stadium,R,PHI,STL,143,138,Cristopher Sánchez,Andre Pallante,650911,669467,0,2,STL,1,2,2,N,1
823186,2026-08-11,2026-08-12T01:45:00Z,Oracle Park,R,HOU,SF,117,137,Hunter Brown,Carson Whisenhunt,686613,687931,1,4,SF,1,5,3,N,1
823264,2026-08-11,2026-08-12T01:40:00Z,Petco Park,R,MIL,SD,158,135,Kyle Harrison,Walker Buehler,690986,621111,2,11,SD,1,13,9,N,1
823512,2026-08-11,2026-08-11T23:05:00Z,Yankee Stadium,R,SEA,NYY,136,147,Bryan Woo,Ryan Weathers,693433,677960,1,4,NYY,1,5,3,N,1
823673,2026-08-11,2026-08-11T23:40:00Z,Target Field,R,BAL,MIN,110,142,Brandon Young,Bailey Ober,687064,641927,5,2,BAL,0,7,3,N,1
823832,2026-08-11,2026-08-11T22:40:00Z,loanDepot park,R,PIT,MIA,134,146,Paul Skenes,Eury Pérez,694973,691587,0,2,MIA,1,2,2,N,1
823917,2026-08-11,2026-08-12T02:10:00Z,UNIQLO Field at Dodger Stadium,R,KC,LAD,118,119,Michael Wacha,Blake Snell,608379,605483,4,5,LAD,1,9,1,N,1
823997,2026-08-11,2026-08-12T01:38:00Z,Angel Stadium,R,TEX,LAA,140,108,Cody Bradford,Ryan Johnson,674003,696270,2,3,LAA,1,5,1,N,1
824240,2026-08-11,2026-08-11T22:40:00Z,Comerica Park,R,CLE,DET,114,116,Tanner Bibee,Drew Anderson,676440,623454,4,6,DET,1,10,2,N,1
824563,2026-08-11,2026-08-11T23:40:00Z,Rate Field,R,CIN,CWS,113,145,Nick Lodolo,Sean Burke,666157,680732,5,4,CIN,0,9,1,N,1
824886,2026-08-11,2026-08-11T23:15:00Z,Truist Park,R,NYM,ATL,121,144,Nolan McLean,Martín Pérez,690997,527048,0,4,ATL,1,4,4,N,1
824970,2026-08-11,2026-08-12T01:40:00Z,Sutter Health Park,R,TB,ATH,139,133,Nick Martinez,Mason Barnett,607259,686930,12,4,TB,0,16,8,N,1
825046,2026-08-11,2026-08-12T01:40:00Z,Chase Field,R,COL,AZ,115,109,Tomoyuki Sugano,Mitch Bratt,608372,683352,3,2,COL,0,5,1,N,1
822698,2026-08-12,2026-08-12T22:45:00Z,Nationals Park,R,CHC,WSH,112,120,David Peterson,Jackson Kent,656849,800600,12,6,CHC,0,18,6,N,1
822779,2026-08-12,2026-08-12T23:07:00Z,Rogers Centre,R,BOS,TOR,111,141,Ranger Suarez,José Soriano,624133,667755,4,6,TOR,1,10,2,N,1
823017,2026-08-12,2026-08-12T18:15:00Z,Busch Stadium,R,PHI,STL,143,138,Zack Wheeler,Kyle Leahy,554430,681517,1,7,STL,1,8,6,N,1
823187,2026-08-12,2026-08-12T19:45:00Z,Oracle Park,R,HOU,SF,117,137,Bryan King,Adrian Houser,687911,605288,2,1,HOU,0,3,1,N,1
823263,2026-08-12,2026-08-12T20:10:00Z,Petco Park,R,MIL,SD,158,135,Dustin May,Robbie Ray,669160,592662,3,4,SD,1,7,1,N,1
823511,2026-08-12,2026-08-12T23:05:00Z,Yankee Stadium,R,SEA,NYY,136,147,Bryce Miller,Will Warren,682243,701542,5,10,NYY,1,15,5,N,1
823672,2026-08-12,2026-08-12T17:40:00Z,Target Field,R,BAL,MIN,110,142,Shane Baz,Zebby Matthews,669358,805673,5,7,MIN,1,12,2,N,1
823833,2026-08-12,2026-08-12T22:40:00Z,loanDepot park,R,PIT,MIA,134,146,Carmen Mlodzinski,Janson Junk,669387,676083,2,8,MIA,1,10,6,N,1
823916,2026-08-12,2026-08-13T02:10:00Z,UNIQLO Field at Dodger Stadium,R,KC,LAD,118,119,Daniel Lynch IV,Eric Lauer,663738,641778,2,4,LAD,1,6,2,N,1
823994,2026-08-12,2026-08-13T02:10:00Z,Angel Stadium,R,TEX,LAA,140,108,Cal Quantrill,George Klassen,615698,691946,2,5,LAA,1,7,3,N,1
824241,2026-08-12,2026-08-12T22:40:00Z,Comerica Park,R,CLE,DET,114,116,Foster Griffin,Framber Valdez,656492,664285,6,4,CLE,0,10,2,N,1
824562,2026-08-12,2026-08-12T23:40:00Z,Rate Field,R,CIN,CWS,113,145,Rhett Lowder,Luis Castillo,695076,622491,0,5,CWS,1,5,5,N,1
824883,2026-08-12,2026-08-12T23:15:00Z,Truist Park,R,NYM,ATL,121,144,Zac Thornton,Tyler Mahle,804267,641816,3,6,ATL,1,9,3,N,1
824967,2026-08-12,2026-08-12T19:05:00Z,Sutter Health Park,R,TB,ATH,139,133,Drew Rasmussen,Jack Perkins,656876,678022,8,4,TB,0,12,4,N,1
825047,2026-08-12,2026-08-12T19:40:00Z,Chase Field,R,COL,AZ,115,109,Ryan Feltner,Merrill Kelly,663372,518876,6,4,COL,0,10,2,N,1
822696,2026-08-13,2026-08-13T20:05:00Z,Nationals Park,R,CHC,WSH,112,120,Kevin Gausman,Cade Cavalli,592332,676917,0,7,WSH,1,7,7,N,1
822776,2026-08-13,2026-08-13T19:07:00Z,Rogers Centre,R,BOS,TOR,111,141,Payton Tolle,Max Scherzer,801139,453286,7,0,BOS,0,7,7,N,1
823508,2026-08-13,2026-08-13T17:35:00Z,Yankee Stadium,R,SEA,NYY,136,147,Logan Gilbert,Max Fried,669302,608331,1,0,SEA,0,1,1,N,1
823669,2026-08-13,2026-08-13T23:30:00Z,Field of Dreams,R,PHI,MIN,143,142,Aaron Nola,Taj Bradley,605400,671737,7,1,PHI,0,8,6,N,1
823829,2026-08-13,2026-08-13T17:10:00Z,loanDepot park,R,PIT,MIA,134,146,Braxton Ashcraft,Tyler Phillips,677952,663969,13,1,PIT,0,14,12,N,1
823915,2026-08-13,2026-08-14T02:10:00Z,UNIQLO Field at Dodger Stadium,R,MIL,LAD,158,119,Shane Drohan,Roki Sasaki,675660,808963,5,4,MIL,0,9,1,N,1
823995,2026-08-13,2026-08-14T02:07:00Z,Angel Stadium,R,TEX,LAA,140,108,Jacob deGrom,Walbert Ureña,594798,700712,0,7,LAA,1,7,7,N,1
824238,2026-08-13,2026-08-13T17:10:00Z,Comerica Park,R,CLE,DET,114,116,Parker Messick,Keider Montero,800048,672456,0,3,DET,1,3,3,N,1
824561,2026-08-13,2026-08-13T17:10:00Z,Rate Field,R,CIN,CWS,113,145,Andrew Abbott,Davis Martin,671096,663436,9,8,CIN,0,17,1,N,1
822777,2026-08-14,2026-08-14T23:15:00Z,Rogers Centre,R,NYY,TOR,147,141,Gerrit Cole,Shane Bieber,543037,669456,1,3,TOR,1,4,2,N,1
822942,2026-08-14,2026-08-14T23:10:00Z,Tropicana Field,R,BAL,TB,110,139,Chris Bassitt,Steven Matz,605135,571927,6,5,BAL,0,11,1,N,1
823185,2026-08-14,2026-08-15T02:15:00Z,Oracle Park,R,COL,SF,115,137,Kyle Freeland,Landen Roupp,607536,694738,5,2,COL,0,7,3,N,1
823346,2026-08-14,2026-08-14T22:40:00Z,PNC Park,R,BOS,PIT,111,134,Jake Bennett,Bubba Chandler,687562,696149,4,8,PIT,1,12,4,N,1
823591,2026-08-14,2026-08-14T23:10:00Z,Citi Field,R,WSH,NYM,120,121,Andrew Alvarez,Robert Stock,674841,476594,1,4,NYM,1,5,3,N,1
823913,2026-08-14,2026-08-15T02:10:00Z,UNIQLO Field at Dodger Stadium,R,MIL,LAD,158,119,Robert Gasser,Yoshinobu Yamamoto,688107,808967,1,3,LAD,1,4,2,N,1
823993,2026-08-14,2026-08-15T01:38:00Z,Angel Stadium,R,KC,LAA,118,108,Seth Lugo,Grayson Rodriguez,607625,680570,7,6,KC,0,13,1,N,1
824159,2026-08-14,2026-08-15T00:10:00Z,Daikin Park,R,SEA,HOU,136,117,George Kirby,Peter Lambert,669923,663567,7,10,HOU,1,17,3,N,1
824237,2026-08-14,2026-08-14T22:40:00Z,Comerica Park,R,CWS,DET,145,116,Sean Newcomb,Jackson Jobe,656794,695549,9,5,CWS,0,14,4,N,1
824399,2026-08-14,2026-08-14T23:10:00Z,Progressive Field,R,SD,CLE,135,114,Michael King,Gavin Williams,650633,668909,7,5,SD,0,12,2,N,1
824479,2026-08-14,2026-08-14T22:10:00Z,Great American Ball Park,R,MIA,CIN,146,113,Sandy Alcantara,Chase Burns,645261,695505,0,1,CIN,1,1,1,N,1
824643,2026-08-14,2026-08-14T18:20:00Z,Wrigley Field,R,STL,CHC,138,112,Matthew Liberatore,Clay Holmes,669461,605280,0,3,CHC,1,3,3,N,1
824882,2026-08-14,2026-08-14T23:15:00Z,Truist Park,R,AZ,ATL,109,144,Brandon Pfaadt,Chris Sale,694297,519242,2,0,AZ,0,2,2,N,1
824968,2026-08-14,2026-08-15T01:40:00Z,Sutter Health Park,R,TEX,ATH,140,133,Kumar Rocker,Gage Jump,677958,695611,3,8,ATH,1,11,5,N,1
822775,2026-08-15,2026-08-15T19:07:00Z,Rogers Centre,R,NYY,TOR,147,141,Cam Schlittler,Braydon Fisher,693645,680755,1,4,TOR,1,5,3,N,1
822941,2026-08-15,2026-08-15T22:10:00Z,Tropicana Field,R,BAL,TB,110,139,Kyle Bradish,Ian Seymour,680694,693855,4,3,BAL,0,7,1,N,1
823184,2026-08-15,2026-08-15T20:05:00Z,Oracle Park,R,COL,SF,115,137,Michael Lorenzen,Logan Webb,547179,657277,1,7,SF,1,8,6,N,1
823347,2026-08-15,2026-08-15T23:15:00Z,PNC Park,R,BOS,PIT,111,134,Sonny Gray,Jared Jones,543243,683003,4,0,BOS,0,4,4,N,1
823588,2026-08-15,2026-08-15T20:10:00Z,Citi Field,R,WSH,NYM,120,121,Brad Lord,Sean Manaea,695418,640455,4,5,NYM,1,9,1,N,1
823671,2026-08-15,2026-08-15T23:10:00Z,Target Field,R,PHI,MIN,143,142,Jesús Luzardo,Connor Prielipp,666200,687570,9,1,PHI,0,10,8,N,1
823914,2026-08-15,2026-08-15T23:15:00Z,UNIQLO Field at Dodger Stadium,R,MIL,LAD,158,119,Jacob Misiorowski,Justin Wrobleski,694819,680736,4,1,MIL,0,5,3,N,1
823990,2026-08-15,2026-08-16T01:38:00Z,Angel Stadium,R,KC,LAA,118,108,Randy Dobnak,Reid Detmers,677976,672282,0,1,LAA,1,1,1,N,1
824157,2026-08-15,2026-08-15T23:10:00Z,Daikin Park,R,SEA,HOU,136,117,Emerson Hancock,Hayden Wesneski,676106,669713,10,5,SEA,0,15,5,N,1
824239,2026-08-15,2026-08-15T17:10:00Z,Comerica Park,R,CWS,DET,145,116,Anthony Kay,Troy Melton,641743,675512,4,3,CWS,0,7,1,N,1
824400,2026-08-15,2026-08-15T23:10:00Z,Progressive Field,R,SD,CLE,135,114,Wandy Peralta,Joey Cantillo,593974,676282,1,6,CLE,1,7,5,N,1
824480,2026-08-15,2026-08-15T22:40:00Z,Great American Ball Park,R,MIA,CIN,146,113,Ryan Gusto,Brady Singer,687473,663903,8,4,MIA,0,12,4,N,1
824644,2026-08-15,2026-08-15T18:20:00Z,Wrigley Field,R,STL,CHC,138,112,Michael McGreevy,Matthew Boyd,700241,571510,8,4,STL,0,12,4,N,1
824884,2026-08-15,2026-08-15T23:15:00Z,Truist Park,R,AZ,ATL,109,144,Eduardo Rodriguez,Grant Holmes,593958,656550,10,3,AZ,0,13,7,N,1
824966,2026-08-15,2026-08-16T01:40:00Z,Sutter Health Park,R,TEX,ATH,140,133,MacKenzie Gore,J.T. Ginn,669022,669372,5,3,TEX,0,8,2,N,1
822774,2026-08-16,2026-08-16T17:37:00Z,Rogers Centre,R,NYY,TOR,147,141,Ryan Weathers,Dylan Cease,677960,656302,4,3,NYY,0,7,1,N,1
822940,2026-08-16,2026-08-16T16:15:00Z,Tropicana Field,R,BAL,TB,110,139,Trevor Rogers,Freddy Peralta,669432,642547,10,2,BAL,0,12,8,N,1
823182,2026-08-16,2026-08-16T20:05:00Z,Oracle Park,R,COL,SF,115,137,Gabriel Hughes,Blade Tidwell,687312,694918,13,7,COL,0,20,6,N,1
823344,2026-08-16,2026-08-16T17:35:00Z,PNC Park,R,BOS,PIT,111,134,Patrick Sandoval,Lake Bachar,663776,669199,3,8,PIT,1,11,5,N,1
823590,2026-08-16,2026-08-16T17:40:00Z,Citi Field,R,WSH,NYM,120,121,Jake Irvin,Christian Scott,663623,681035,3,4,NYM,1,7,1,N,1
823670,2026-08-16,2026-08-16T18:10:00Z,Target Field,R,PHI,MIN,143,142,Andrew Painter,Dean Kremer,691725,665152,7,5,PHI,0,12,2,N,1
823912,2026-08-16,2026-08-16T20:10:00Z,UNIQLO Field at Dodger Stadium,R,MIL,LAD,158,119,Logan Henderson,Tarik Skubal,701656,669373,6,2,MIL,0,8,4,N,1
823991,2026-08-16,2026-08-16T20:07:00Z,Angel Stadium,R,KC,LAA,118,108,Noah Cameron,Ryan Johnson,702070,696270,3,0,KC,0,3,3,N,1
824156,2026-08-16,2026-08-16T23:20:00Z,Daikin Park,R,SEA,HOU,136,117,Bryan Woo,Hunter Brown,693433,686613,3,2,SEA,0,5,1,N,1
824236,2026-08-16,2026-08-16T17:40:00Z,Comerica Park,R,CWS,DET,145,116,Sean Burke,Drew Anderson,680732,623454,7,5,CWS,0,12,2,N,1
824397,2026-08-16,2026-08-16T17:40:00Z,Progressive Field,R,SD,CLE,135,114,Casey Mize,Tanner Bibee,663554,676440,5,0,SD,0,5,5,N,1
824477,2026-08-16,2026-08-16T17:40:00Z,Great American Ball Park,R,MIA,CIN,146,113,Eury Pérez,Nick Lodolo,691587,666157,7,1,MIA,0,8,6,N,1
824642,2026-08-16,2026-08-16T19:15:00Z,Wrigley Field,R,STL,CHC,138,112,Hunter Dobbins,Edward Cabrera,690928,665795,11,4,STL,0,15,7,N,1
824880,2026-08-16,2026-08-16T17:35:00Z,Truist Park,R,AZ,ATL,109,144,Michael Soroka,Bryce Elder,647336,693821,3,5,ATL,1,8,2,N,1
824965,2026-08-16,2026-08-16T20:05:00Z,Sutter Health Park,R,TEX,ATH,140,133,Cody Bradford,Jacob Lopez,674003,682052,2,5,ATH,1,7,3,N,1
822939,2026-08-17,2026-08-17T22:05:00Z,Tropicana Field,R,BAL,TB,110,139,Brandon Young,Shane McClanahan,687064,663556,6,7,TB,1,13,1,N,1
823343,2026-08-17,2026-08-17T23:05:00Z,PNC Park,R,DET,PIT,116,134,Framber Valdez,Carmen Mlodzinski,664285,669387,8,5,DET,0,13,3,N,1
823427,2026-08-17,2026-08-17T22:40:00Z,Citizens Bank Park,R,MIA,PHI,146,143,Janson Junk,Cristopher Sánchez,676083,650911,5,6,PHI,1,11,1,N,1
823589,2026-08-17,2026-08-17T23:10:00Z,Citi Field,R,SD,NYM,135,121,Walker Buehler,Nolan McLean,621111,690997,1,2,NYM,1,3,1,N,1
823668,2026-08-17,2026-08-17T23:40:00Z,Target Field,R,ATL,MIN,144,142,Martín Pérez,Bailey Ober,527048,641927,2,4,MIN,1,6,2,N,1
824077,2026-08-17,2026-08-17T23:40:00Z,Kauffman Stadium,R,ATH,KC,133,118,Mason Barnett,Michael Wacha,686930,608379,5,9,KC,1,14,4,N,1
824320,2026-08-17,2026-08-18T00:40:00Z,Coors Field,R,LAD,COL,119,115,Blake Snell,Tomoyuki Sugano,605483,608372,11,5,LAD,0,16,6,N,1
824478,2026-08-17,2026-08-17T22:40:00Z,Great American Ball Park,R,STL,CIN,138,113,Andre Pallante,Rhett Lowder,669467,695076,5,6,CIN,1,11,1,S,2
824514,2026-08-17,2026-08-17T17:40:00Z,Great American Ball Park,R,STL,CIN,138,113,Quinn Mathews,Kent Emanuel,687273,592288,2,1,STL,0,3,1,S,1
824641,2026-08-17,2026-08-18T00:05:00Z,Wrigley Field,R,CWS,CHC,145,112,Luis Castillo,Shota Imanaga,622491,684007,5,7,CHC,1,12,2,N,1
824725,2026-08-17,2026-08-17T23:10:00Z,Fenway Park,R,AZ,BOS,109,111,Mitch Bratt,Alec Gamboa,683352,687941,1,11,BOS,1,12,10,N,1
822859,2026-08-18,2026-08-19T00:05:00Z,Globe Life Field,R,WSH,TEX,120,140,Jackson Kent,Cal Quantrill,800600,615698,0,5,TEX,1,5,5,N,1
822938,2026-08-18,2026-08-18T22:40:00Z,Tropicana Field,R,TOR,TB,141,139,José Soriano,Nick Martinez,667755,607259,10,5,TOR,0,15,5,N,1
823341,2026-08-18,2026-08-18T22:40:00Z,PNC Park,R,DET,PIT,116,134,Keider Montero,Braxton Ashcraft,672456,677952,1,4,PIT,1,5,3,N,1
823423,2026-08-18,2026-08-18T22:40:00Z,Citizens Bank Park,R,MIA,PHI,146,143,Cade Gibson,Zack Wheeler,806188,554430,4,6,PHI,1,10,2,N,1
823586,2026-08-18,2026-08-18T23:10:00Z,Citi Field,R,SD,NYM,135,121,Robbie Ray,Zac Thornton,592662,804267,5,2,SD,0,7,3,N,1
823667,2026-08-18,2026-08-18T23:40:00Z,Target Field,R,ATL,MIN,144,142,Tyler Mahle,Zebby Matthews,641816,805673,1,4,MIN,1,5,3,N,1
823749,2026-08-18,2026-08-18T23:40:00Z,American Family Field,R,SEA,MIL,136,158,Bryce Miller,Kyle Harrison,682243,690986,0,22,MIL,1,22,22,N,1
824075,2026-08-18,2026-08-18T23:40:00Z,Kauffman Stadium,R,ATH,KC,133,118,Brady Basso,Daniel Lynch IV,669620,663738,3,4,KC,1,7,1,N,1
824154,2026-08-18,2026-08-19T00:10:00Z,Daikin Park,R,LAA,HOU,108,117,George Klassen,Cristian Javier,691946,664299,3,1,LAA,0,4,2,N,1
824319,2026-08-18,2026-08-19T00:40:00Z,Coors Field,R,LAD,COL,119,115,Eric Lauer,Ryan Feltner,641778,663372,7,6,LAD,0,13,1,N,1
824398,2026-08-18,2026-08-18T22:40:00Z,Progressive Field,R,SF,CLE,137,114,Carson Whisenhunt,Foster Griffin,687931,656492,1,8,CLE,1,9,7,N,1
824475,2026-08-18,2026-08-18T22:40:00Z,Great American Ball Park,R,STL,CIN,138,113,Kyle Leahy,Andrew Abbott,681517,671096,3,0,STL,0,3,3,N,1
824639,2026-08-18,2026-08-19T00:05:00Z,Wrigley Field,R,CWS,CHC,145,112,Bryan Hudson,Kevin Gausman,663542,592332,3,4,CHC,1,7,1,N,1
824723,2026-08-18,2026-08-18T23:10:00Z,Fenway Park,R,AZ,BOS,109,111,Merrill Kelly,Ranger Suarez,518876,624133,4,9,BOS,1,13,5,N,1
824803,2026-08-18,2026-08-18T22:35:00Z,Oriole Park at Camden Yards,R,NYY,BAL,147,110,Carlos Rodón,Shane Baz,607074,669358,3,1,NYY,0,4,2,N,1
822860,2026-08-19,2026-08-20T00:05:00Z,Globe Life Field,R,WSH,TEX,120,140,Cade Cavalli,Kumar Rocker,676917,677958,6,0,WSH,0,6,6,N,1
822937,2026-08-19,2026-08-19T22:40:00Z,Tropicana Field,R,TOR,TB,141,139,Max Scherzer,Drew Rasmussen,453286,656876,6,7,TB,1,13,1,N,1
823342,2026-08-19,2026-08-19T16:35:00Z,PNC Park,R,DET,PIT,116,134,Jackson Jobe,Paul Skenes,695549,694973,3,4,PIT,1,7,1,N,1
823424,2026-08-19,2026-08-19T22:05:00Z,Citizens Bank Park,R,MIA,PHI,146,143,Sandy Alcantara,Aaron Nola,645261,605400,1,4,PHI,1,5,3,N,1
823587,2026-08-19,2026-08-19T17:10:00Z,Citi Field,R,SD,NYM,135,121,Michael King,Robert Stock,650633,476594,2,4,NYM,1,6,2,N,1
823664,2026-08-19,2026-08-19T17:40:00Z,Target Field,R,ATL,MIN,144,142,AJ Smith-Shawver,Taj Bradley,700363,671737,4,6,MIN,1,10,2,N,1
823748,2026-08-19,2026-08-19T23:40:00Z,American Family Field,R,SEA,MIL,136,158,Logan Gilbert,Dustin May,669302,669160,7,5,SEA,0,12,2,N,1
824076,2026-08-19,2026-08-19T23:40:00Z,Kauffman Stadium,R,ATH,KC,133,118,Jeffrey Springs,Seth Lugo,605488,607625,7,9,KC,1,16,2,N,1
824155,2026-08-19,2026-08-20T00:10:00Z,Daikin Park,R,LAA,HOU,108,117,Walbert Ureña,Ethan Pecko,700712,814490,2,3,HOU,1,5,1,N,1
824318,2026-08-19,2026-08-20T00:40:00Z,Coors Field,R,LAD,COL,119,115,Roki Sasaki,Kyle Freeland,808963,607536,6,4,LAD,0,10,2,N,1
824394,2026-08-19,2026-08-19T22:40:00Z,Progressive Field,R,SF,CLE,137,114,Matt Wilkinson,Parker Messick,683363,800048,1,0,SF,0,1,1,N,1
824476,2026-08-19,2026-08-19T22:40:00Z,Great American Ball Park,R,STL,CIN,138,113,Matthew Liberatore,Chase Burns,669461,695505,4,5,CIN,1,9,1,N,1
824640,2026-08-19,2026-08-19T18:20:00Z,Wrigley Field,R,CWS,CHC,145,112,Sean Newcomb,Clay Holmes,656794,605280,3,0,CWS,0,3,3,N,1
824722,2026-08-19,2026-08-19T20:10:00Z,Fenway Park,R,AZ,BOS,109,111,Brandon Pfaadt,Payton Tolle,694297,801139,7,6,AZ,0,13,1,N,1
824801,2026-08-19,2026-08-19T22:35:00Z,Oriole Park at Camden Yards,R,NYY,BAL,147,110,Will Warren,Chris Bassitt,701542,605135,5,3,NYY,0,8,2,N,1
822861,2026-08-20,2026-08-21T00:05:00Z,Globe Life Field,R,WSH,TEX,120,140,Andrew Alvarez,Jacob deGrom,674841,594798,0,2,TEX,1,2,2,N,1
822934,2026-08-20,2026-08-20T17:10:00Z,Tropicana Field,R,TOR,TB,141,139,Shane Bieber,Ian Seymour,669456,693855,5,1,TOR,0,6,4,N,1
823747,2026-08-20,2026-08-20T18:10:00Z,American Family Field,R,SEA,MIL,136,158,George Kirby,Robert Gasser,669923,688107,4,7,MIL,1,11,3,N,1
824074,2026-08-20,2026-08-20T18:10:00Z,Kauffman Stadium,R,ATH,KC,133,118,Gage Jump,Randy Dobnak,695611,677976,2,6,KC,1,8,4,N,1
824153,2026-08-20,2026-08-21T00:10:00Z,Daikin Park,R,LAA,HOU,108,117,Grayson Rodriguez,Peter Lambert,680570,663567,18,3,LAA,0,21,15,N,1
824395,2026-08-20,2026-08-20T17:10:00Z,Progressive Field,R,SF,CLE,137,114,Landen Roupp,Gavin Williams,694738,668909,2,5,CLE,1,7,3,N,1
824474,2026-08-20,2026-08-20T16:40:00Z,Great American Ball Park,R,STL,CIN,138,113,Michael McGreevy,Brady Singer,700241,663903,10,9,STL,0,19,1,N,1
824589,2026-08-20,2026-08-20T18:10:00Z,Rate Field,R,ATL,CWS,144,145,Grant Holmes,Anthony Kay,656550,641743,2,0,ATL,0,2,2,N,1
824802,2026-08-20,2026-08-20T22:35:00Z,Oriole Park at Camden Yards,R,NYY,BAL,147,110,Gerrit Cole,Kyle Bradish,543037,680694,6,1,NYY,0,7,5,N,1
822857,2026-08-21,2026-08-22T00:15:00Z,Globe Life Field,R,LAA,TEX,108,140,Reid Detmers,MacKenzie Gore,672282,669022,1,2,TEX,1,3,1,N,1
823101,2026-08-21,2026-08-22T02:10:00Z,T-Mobile Park,R,CHC,SEA,112,136,Matthew Boyd,Emerson Hancock,571510,676106,5,6,SEA,1,11,1,N,1
823262,2026-08-21,2026-08-22T01:40:00Z,Petco Park,R,MIN,SD,142,135,Connor Prielipp,Randy Vásquez,687570,681190,2,6,SD,1,8,4,N,1
823420,2026-08-21,2026-08-21T22:40:00Z,Citizens Bank Park,R,STL,PHI,138,143,Hunter Dobbins,Jesús Luzardo,690928,666200,6,7,PHI,1,13,1,N,1
823510,2026-08-21,2026-08-21T23:05:00Z,Yankee Stadium,R,TOR,NYY,141,147,Mason Fluharty,Cam Schlittler,689254,693645,1,3,NYY,1,4,2,N,1
823746,2026-08-21,2026-08-21T20:10:00Z,American Family Field,R,ATL,MIL,144,158,Chris Sale,Jacob Misiorowski,519242,694819,1,2,MIL,1,3,1,N,1
823830,2026-08-21,2026-08-21T23:10:00Z,loanDepot park,R,WSH,MIA,120,146,Brad Lord,Ryan Gusto,695418,687473,2,3,MIA,1,5,1,N,1
823911,2026-08-21,2026-08-22T02:10:00Z,UNIQLO Field at Dodger Stadium,R,PIT,LAD,134,119,Bubba Chandler,Yoshinobu Yamamoto,696149,808967,4,5,LAD,1,9,1,N,1
824072,2026-08-21,2026-08-22T00:10:00Z,Kauffman Stadium,R,DET,KC,116,118,Troy Melton,Noah Cameron,675512,702070,2,5,KC,1,7,3,N,1
824152,2026-08-21,2026-08-22T00:10:00Z,Daikin Park,R,ATH,HOU,133,117,J.T. Ginn,Hayden Wesneski,669372,669713,0,4,HOU,1,4,4,N,1
824317,2026-08-21,2026-08-22T00:40:00Z,Coors Field,R,CLE,COL,114,115,Joey Cantillo,Tanner Gordon,676282,685299,9,1,CLE,0,10,8,N,1
824559,2026-08-21,2026-08-21T23:40:00Z,Rate Field,R,NYM,CWS,121,145,Sean Manaea,Sean Burke,640455,680732,4,6,CWS,1,10,2,N,1
824721,2026-08-21,2026-08-21T23:10:00Z,Fenway Park,R,SF,BOS,137,111,Logan Webb,Sonny Gray,657277,543243,4,6,BOS,1,10,2,N,1
824800,2026-08-21,2026-08-21T23:15:00Z,Oriole Park at Camden Yards,R,TB,BAL,139,110,Freddy Peralta,Trevor Rogers,642547,669432,3,5,BAL,1,8,2,N,1
825045,2026-08-21,2026-08-22T01:40:00Z,Chase Field,R,CIN,AZ,113,109,Nick Lodolo,Eduardo Rodriguez,666157,593958,0,9,AZ,1,9,9,N,1
822858,2026-08-22,2026-08-22T23:05:00Z,Globe Life Field,R,LAA,TEX,108,140,Ryan Johnson,Cody Bradford,696270,674003,3,0,LAA,0,3,3,N,1
823100,2026-08-22,2026-08-22T23:15:00Z,T-Mobile Park,R,CHC,SEA,112,136,David Peterson,Kade Anderson,656849,807739,4,5,SEA,1,9,1,N,1
823261,2026-08-22,2026-08-23T00:40:00Z,Petco Park,R,MIN,SD,142,135,Dean Kremer,Casey Mize,665152,663554,5,7,SD,1,12,2,N,1
823422,2026-08-22,2026-08-22T22:05:00Z,Citizens Bank Park,R,STL,PHI,138,143,Quinn Mathews,Andrew Painter,687273,691725,3,12,PHI,1,15,9,N,1
823509,2026-08-22,2026-08-22T17:35:00Z,Yankee Stadium,R,TOR,NYY,141,147,Dylan Cease,Ryan Weathers,656302,677960,4,3,TOR,0,7,1,N,1
823743,2026-08-22,2026-08-22T18:10:00Z,American Family Field,R,ATL,MIL,144,158,Martín Pérez,Logan Henderson,527048,701656,1,4,MIL,1,5,3,N,1
823831,2026-08-22,2026-08-22T20:10:00Z,loanDepot park,R,WSH,MIA,120,146,Jake Irvin,Eury Pérez,663623,691587,2,4,MIA,1,6,2,N,1
823910,2026-08-22,2026-08-22T23:15:00Z,UNIQLO Field at Dodger Stadium,R,PIT,LAD,134,119,Jared Jones,Tarik Skubal,683003,669373,3,4,LAD,1,7,1,N,1
824073,2026-08-22,2026-08-22T23:15:00Z,Kauffman Stadium,R,DET,KC,116,118,Drew Anderson,Michael Wacha,623454,608379,1,3,KC,1,4,2,N,1
824151,2026-08-22,2026-08-22T23:10:00Z,Daikin Park,R,ATH,HOU,133,117,Jacob Lopez,Hunter Brown,682052,686613,4,3,ATH,0,7,1,N,1
824316,2026-08-22,2026-08-23T00:10:00Z,Coors Field,R,CLE,COL,114,115,Tanner Bibee,Gabriel Hughes,676440,687312,4,3,CLE,0,7,1,N,1
824560,2026-08-22,2026-08-22T23:10:00Z,Rate Field,R,NYM,CWS,121,145,Christian Scott,Luis Castillo,681035,622491,10,5,NYM,0,15,5,N,1
824718,2026-08-22,2026-08-22T23:15:00Z,Fenway Park,R,SF,BOS,137,111,Blade Tidwell,Patrick Sandoval,694918,663776,2,3,BOS,1,5,1,N,1
824798,2026-08-22,2026-08-22T23:05:00Z,Oriole Park at Camden Yards,R,TB,BAL,139,110,Shane McClanahan,Brandon Young,663556,687064,2,3,BAL,1,5,1,N,1
825044,2026-08-22,2026-08-23T00:10:00Z,Chase Field,R,CIN,AZ,113,109,Rhett Lowder,Michael Soroka,695076,647336,11,5,CIN,0,16,6,N,1
822856,2026-08-23,2026-08-23T18:35:00Z,Globe Life Field,R,LAA,TEX,108,140,Yusei Kikuchi,Cal Quantrill,579328,615698,3,5,TEX,1,8,2,N,1
823099,2026-08-23,2026-08-23T20:10:00Z,T-Mobile Park,R,CHC,SEA,112,136,Shota Imanaga,Bryce Miller,684007,682243,19,2,CHC,0,21,17,N,1
823258,2026-08-23,2026-08-23T20:10:00Z,Petco Park,R,MIN,SD,142,135,Bailey Ober,Walker Buehler,641927,621111,1,8,SD,1,9,7,N,1
823421,2026-08-23,2026-08-23T17:35:00Z,Citizens Bank Park,R,STL,PHI,138,143,Kyle Leahy,Cristopher Sánchez,681517,650911,4,6,PHI,1,10,2,N,1
823507,2026-08-23,2026-08-23T17:35:00Z,Yankee Stadium,R,TOR,NYY,141,147,José Soriano,Carlos Rodón,667755,607074,3,8,NYY,1,11,5,N,1
823745,2026-08-23,2026-08-23T23:10:00Z,Journey Bank Ballpark,R,ATL,MIL,144,158,Tyler Mahle,Shane Drohan,641816,675660,4,2,ATL,0,6,2,N,1
823827,2026-08-23,2026-08-23T17:40:00Z,loanDepot park,R,WSH,MIA,120,146,Jackson Kent,Janson Junk,800600,676083,2,6,MIA,1,8,4,N,1
823909,2026-08-23,2026-08-23T20:10:00Z,UNIQLO Field at Dodger Stadium,R,PIT,LAD,134,119,Lake Bachar,Blake Snell,669199,605483,0,4,LAD,1,4,4,N,1
824071,2026-08-23,2026-08-23T18:10:00Z,Kauffman Stadium,R,DET,KC,116,118,Jacob Waguespack,Daniel Lynch IV,621097,663738,7,11,KC,1,18,4,N,1
824150,2026-08-23,2026-08-23T18:10:00Z,Daikin Park,R,ATH,HOU,133,117,Brady Basso,Cristian Javier,669620,664299,7,6,ATH,0,13,1,N,1
824315,2026-08-23,2026-08-23T19:10:00Z,Coors Field,R,CLE,COL,114,115,Foster Griffin,Tomoyuki Sugano,656492,608372,7,2,CLE,0,9,5,N,1
824558,2026-08-23,2026-08-23T18:10:00Z,Rate Field,R,NYM,CWS,121,145,Nolan McLean,Sean Newcomb,690997,656794,1,2,CWS,1,3,1,N,1
824720,2026-08-23,2026-08-23T19:15:00Z,Fenway Park,R,SF,BOS,137,111,Matt Wilkinson,Jake Bennett,683363,687562,4,5,BOS,1,9,1,N,1
824799,2026-08-23,2026-08-23T17:35:00Z,Oriole Park at Camden Yards,R,TB,BAL,139,110,Nick Martinez,Shane Baz,607259,669358,3,1,TB,0,4,2,N,1
825043,2026-08-23,2026-08-23T20:15:00Z,Chase Field,R,CIN,AZ,113,109,Andrew Abbott,Mitch Bratt,671096,683352,3,5,AZ,1,8,2,N,1
822695,2026-08-24,2026-08-24T22:45:00Z,Nationals Park,R,COL,WSH,115,120,Ryan Feltner,Cade Cavalli,663372,676917,3,13,WSH,1,16,10,N,1
823097,2026-08-24,2026-08-25T01:40:00Z,T-Mobile Park,R,PHI,SEA,143,136,Zack Wheeler,Logan Gilbert,554430,669302,2,9,SEA,1,11,7,N,1
823183,2026-08-24,2026-08-25T01:45:00Z,Oracle Park,R,CIN,SF,113,137,Chase Burns,Carson Whisenhunt,695505,687931,0,5,SF,1,5,5,N,1
823260,2026-08-24,2026-08-25T01:40:00Z,Petco Park,R,PIT,SD,134,135,Braxton Ashcraft,Robbie Ray,677952,592662,3,2,PIT,0,5,1,N,1
823828,2026-08-24,2026-08-24T22:40:00Z,loanDepot park,R,BOS,MIA,111,146,Ranger Suarez,Sandy Alcantara,624133,645261,4,2,BOS,0,6,2,N,1
823992,2026-08-24,2026-08-25T01:38:00Z,Angel Stadium,R,CLE,LAA,114,108,Parker Messick,George Klassen,800048,691946,4,2,CLE,0,6,2,N,1
824235,2026-08-24,2026-08-24T22:40:00Z,Comerica Park,R,TB,DET,139,116,Drew Rasmussen,Framber Valdez,656876,664285,4,1,TB,0,5,3,N,1
824557,2026-08-24,2026-08-24T23:40:00Z,Rate Field,R,TEX,CWS,140,145,Kumar Rocker,José Urquidy,677958,664353,11,2,TEX,0,13,9,N,1
824964,2026-08-24,2026-08-25T01:40:00Z,Sutter Health Park,R,MIN,ATH,142,133,Zebby Matthews,Jeffrey Springs,805673,605488,9,6,MIN,0,15,3,N,1
825041,2026-08-24,2026-08-25T01:40:00Z,Chase Field,R,CHC,AZ,112,109,Kevin Gausman,Merrill Kelly,592332,518876,7,0,CHC,0,7,7,N,1
822693,2026-08-25,2026-08-25T22:45:00Z,Nationals Park,R,COL,WSH,115,120,Mason Adams,Andrew Alvarez,690279,674841,3,1,COL,0,4,2,N,1
822773,2026-08-25,2026-08-25T23:07:00Z,Rogers Centre,R,KC,TOR,118,141,Seth Lugo,Max Scherzer,607625,453286,5,3,KC,0,8,2,N,1
823016,2026-08-25,2026-08-25T23:45:00Z,Busch Stadium,R,BAL,STL,110,138,Chris Bassitt,Matthew Liberatore,605135,669461,13,1,BAL,0,14,12,N,1
823098,2026-08-25,2026-08-26T01:40:00Z,T-Mobile Park,R,PHI,SEA,143,136,Aaron Nola,George Kirby,605400,669923,1,4,SEA,1,5,3,N,1
823181,2026-08-25,2026-08-26T01:45:00Z,Oracle Park,R,CIN,SF,113,137,Brady Singer,Adrian Houser,663903,605288,1,3,SF,1,4,2,N,1
823259,2026-08-25,2026-08-26T01:40:00Z,Petco Park,R,PIT,SD,134,135,Paul Skenes,Michael King,694973,650633,1,0,PIT,0,1,1,N,1
823505,2026-08-25,2026-08-25T23:05:00Z,Yankee Stadium,R,HOU,NYY,117,147,Ethan Pecko,Will Warren,814490,701542,9,7,HOU,0,16,2,N,1
823585,2026-08-25,2026-08-25T23:10:00Z,Citi Field,R,MIL,NYM,158,121,Kyle Harrison,Zac Thornton,690986,804267,2,3,NYM,1,5,1,N,1
823826,2026-08-25,2026-08-25T22:40:00Z,loanDepot park,R,BOS,MIA,111,146,Payton Tolle,Tyler Phillips,801139,663969,7,3,BOS,0,10,4,N,1
823989,2026-08-25,2026-08-26T01:38:00Z,Angel Stadium,R,CLE,LAA,114,108,Gavin Williams,Walbert Ureña,668909,700712,8,6,CLE,0,14,2,N,1
824233,2026-08-25,2026-08-25T22:40:00Z,Comerica Park,R,TB,DET,139,116,Casey Legumina,Jackson Jobe,668984,695549,1,4,DET,1,5,3,N,1
824556,2026-08-25,2026-08-25T23:40:00Z,Rate Field,R,TEX,CWS,140,145,Jacob deGrom,Anthony Kay,594798,641743,7,11,CWS,1,18,4,N,1
824881,2026-08-25,2026-08-25T23:15:00Z,Truist Park,R,LAD,ATL,119,144,Tyler Glasnow,Bryce Elder,607192,693821,3,4,ATL,1,7,1,N,1
824962,2026-08-25,2026-08-26T01:40:00Z,Sutter Health Park,R,MIN,ATH,142,133,Taj Bradley,Gage Jump,671737,695611,2,4,ATH,1,6,2,N,1
825042,2026-08-25,2026-08-26T01:40:00Z,Chase Field,R,CHC,AZ,112,109,Clay Holmes,Brandon Pfaadt,605280,694297,4,5,AZ,1,9,1,N,1
822692,2026-08-26,2026-08-26T22:45:00Z,Nationals Park,R,COL,WSH,115,120,Tanner Gordon,Matt Waldron,685299,663362,13,1,COL,0,14,12,N,1
822772,2026-08-26,2026-08-26T23:07:00Z,Rogers Centre,R,KC,TOR,118,141,Randy Dobnak,Spencer Miles,677976,693686,0,3,TOR,1,3,3,N,1
823015,2026-08-26,2026-08-26T23:45:00Z,Busch Stadium,R,BAL,STL,110,138,Kyle Bradish,Michael McGreevy,680694,700241,8,7,BAL,0,15,1,N,1
823096,2026-08-26,2026-08-26T20:10:00Z,T-Mobile Park,R,PHI,SEA,143,136,Jesús Luzardo,Bryan Woo,666200,693433,6,0,PHI,0,6,6,N,1
823180,2026-08-26,2026-08-26T19:45:00Z,Oracle Park,R,CIN,SF,113,137,Nick Lodolo,Logan Webb,666157,657277,10,9,CIN,0,19,1,N,1
823255,2026-08-26,2026-08-26T20:10:00Z,Petco Park,R,PIT,SD,134,135,Bubba Chandler,Randy Vásquez,696149,681190,0,3,SD,1,3,3,N,1
823506,2026-08-26,2026-08-26T23:05:00Z,Yankee Stadium,R,HOU,NYY,117,147,Peter Lambert,Elmer Rodríguez,663567,695684,3,9,NYY,1,12,6,N,1
823584,2026-08-26,2026-08-26T23:10:00Z,Citi Field,R,MIL,NYM,158,121,Dustin May,Robert Stock,669160,476594,8,1,MIL,0,9,7,N,1
823825,2026-08-26,2026-08-26T22:40:00Z,loanDepot park,R,BOS,MIA,111,146,Sonny Gray,Ryan Gusto,543243,687473,0,4,MIA,1,4,4,N,1
823988,2026-08-26,2026-08-26T20:07:00Z,Angel Stadium,R,CLE,LAA,114,108,Joey Cantillo,Grayson Rodriguez,676282,680570,4,3,CLE,0,7,1,N,1
824234,2026-08-26,2026-08-26T17:10:00Z,Comerica Park,R,TB,DET,139,116,Freddy Peralta,Troy Melton,642547,675512,3,0,TB,0,3,3,N,1
824555,2026-08-26,2026-08-26T23:40:00Z,Rate Field,R,TEX,CWS,140,145,MacKenzie Gore,Sean Burke,669022,680732,4,10,CWS,1,14,6,N,1
824878,2026-08-26,2026-08-26T23:15:00Z,Truist Park,R,LAD,ATL,119,144,Roki Sasaki,AJ Smith-Shawver,808963,700363,5,6,ATL,1,11,1,N,1
824963,2026-08-26,2026-08-27T01:05:00Z,Sutter Health Park,R,MIN,ATH,142,133,Connor Prielipp,J.T. Ginn,687570,669372,4,7,ATH,1,11,3,N,1
825039,2026-08-26,2026-08-26T19:40:00Z,Chase Field,R,CHC,AZ,112,109,Matthew Boyd,Eduardo Rodriguez,571510,593958,0,2,AZ,1,2,2,N,1
822694,2026-08-27,2026-08-27T17:05:00Z,Nationals Park,R,COL,WSH,115,120,Gabriel Hughes,Jake Irvin,687312,663623,1,7,WSH,1,8,6,N,1
822771,2026-08-27,2026-08-27T23:07:00Z,Rogers Centre,R,KC,TOR,118,141,Noah Cameron,Spencer Arrighetti,702070,681293,13,2,KC,0,15,11,N,1
823014,2026-08-27,2026-08-27T18:15:00Z,Busch Stadium,R,BAL,STL,110,138,Trevor Rogers,Gordon Graceffo,669432,700669,5,7,STL,1,12,2,N,1
823179,2026-08-27,2026-08-28T01:45:00Z,Oracle Park,R,AZ,SF,109,137,Jose Cabrera,Landen Roupp,703615,694738,1,6,SF,1,7,5,N,1
823503,2026-08-27,2026-08-27T23:05:00Z,Yankee Stadium,R,HOU,NYY,117,147,Hayden Wesneski,Gerrit Cole,669713,543037,5,1,HOU,0,6,4,N,1
823581,2026-08-27,2026-08-27T23:10:00Z,Citi Field,R,MIL,NYM,158,121,Jacob Misiorowski,Sean Manaea,694819,640455,8,2,MIL,0,10,6,N,1
824879,2026-08-27,2026-08-27T23:15:00Z,Truist Park,R,LAD,ATL,119,144,Yoshinobu Yamamoto,Chris Sale,808967,519242,0,1,ATL,1,1,1,N,1
822691,2026-08-28,2026-08-28T22:45:00Z,Nationals Park,R,MIA,WSH,146,120,Eury Pérez,Jackson Kent,691587,800600,2,9,WSH,1,11,7,N,1
822769,2026-08-28,2026-08-28T23:15:00Z,Rogers Centre,R,SEA,TOR,136,141,Emerson Hancock,Dylan Cease,676106,656302,1,8,TOR,1,9,7,N,1
822935,2026-08-28,2026-08-28T23:10:00Z,Tropicana Field,R,SD,TB,135,139,Casey Mize,Shane McClanahan,663554,663556,4,9,TB,1,13,5,N,1
823013,2026-08-28,2026-08-29T00:15:00Z,Busch Stadium,R,PIT,STL,134,138,Jared Jones,Quinn Mathews,683003,687273,1,4,STL,1,5,3,N,1
823178,2026-08-28,2026-08-29T02:15:00Z,Oracle Park,R,AZ,SF,109,137,Kohl Drake,Blade Tidwell,684442,694918,10,6,AZ,0,16,4,N,1
823504,2026-08-28,2026-08-28T23:15:00Z,Yankee Stadium,R,BOS,NYY,111,147,Patrick Sandoval,Cam Schlittler,663776,693645,0,1,NYY,1,1,1,N,1
823583,2026-08-28,2026-08-28T23:10:00Z,Citi Field,R,HOU,NYM,117,121,Hunter Brown,Christian Scott,686613,681035,3,1,HOU,0,4,2,N,1
823666,2026-08-28,2026-08-29T00:10:00Z,Target Field,R,CWS,MIN,145,142,Luis Castillo,Dean Kremer,622491,665152,7,4,CWS,0,11,3,N,1
823744,2026-08-28,2026-08-28T23:40:00Z,American Family Field,R,TEX,MIL,140,158,Cody Bradford,Logan Henderson,674003,701656,1,6,MIL,1,7,5,N,1
823985,2026-08-28,2026-08-29T01:38:00Z,Angel Stadium,R,PHI,LAA,143,108,Andrew Painter,Reid Detmers,691725,672282,5,3,PHI,0,8,2,N,1
824231,2026-08-28,2026-08-28T22:40:00Z,Comerica Park,R,LAD,DET,119,116,Tarik Skubal,Drew Anderson,669373,623454,2,1,LAD,0,3,1,N,1
824396,2026-08-28,2026-08-28T23:10:00Z,Progressive Field,R,KC,CLE,118,114,Michael Wacha,Tanner Bibee,608379,676440,3,0,KC,0,3,3,N,1
824638,2026-08-28,2026-08-28T18:20:00Z,Wrigley Field,R,CIN,CHC,113,112,Rhett Lowder,David Peterson,695076,656849,10,8,CIN,0,18,2,N,1
824877,2026-08-28,2026-08-28T23:15:00Z,Truist Park,R,COL,ATL,115,144,Tomoyuki Sugano,Grant Holmes,608372,656550,4,6,ATL,1,10,2,N,1
824960,2026-08-28,2026-08-29T01:40:00Z,Sutter Health Park,R,BAL,ATH,110,133,Brandon Young,Jacob Lopez,687064,682052,4,3,BAL,0,7,1,N,1
822690,2026-08-29,2026-08-29T20:05:00Z,Nationals Park,R,MIA,WSH,146,120,Sandy Alcantara,Cade Cavalli,645261,676917,4,5,WSH,1,9,1,N,1
822770,2026-08-29,2026-08-29T19:07:00Z,Rogers Centre,R,SEA,TOR,136,141,Kade Anderson,José Soriano,807739,667755,3,4,TOR,1,7,1,N,1
822936,2026-08-29,2026-08-29T20:10:00Z,Tropicana Field,R,SD,TB,135,139,Walker Buehler,Nick Martinez,621111,607259,6,7,TB,1,13,1,N,1
823011,2026-08-29,2026-08-29T18:15:00Z,Busch Stadium,R,PIT,STL,134,138,Lake Bachar,Kyle Leahy,669199,681517,6,2,PIT,0,8,4,N,1
823176,2026-08-29,2026-08-30T02:05:00Z,Oracle Park,R,AZ,SF,109,137,Mitch Bratt,Yunior Marte,683352,805074,2,7,SF,1,9,5,S,2
823177,2026-08-29,2026-08-29T20:05:00Z,Oracle Park,R,AZ,SF,109,137,Merrill Kelly,Matt Wilkinson,518876,683363,7,1,AZ,0,8,6,S,1
823501,2026-08-29,2026-08-29T23:15:00Z,Yankee Stadium,R,BOS,NYY,111,147,Alec Gamboa,Max Fried,687941,608331,2,9,NYY,1,11,7,S,2
823539,2026-08-29,2026-08-29T17:05:00Z,Yankee Stadium,R,BOS,NYY,111,147,Jake Bennett,Carlos Rodón,687562,607074,6,0,BOS,0,6,6,S,1
823582,2026-08-29,2026-08-29T20:10:00Z,Citi Field,R,HOU,NYM,117,121,Bennett Sousa,Nolan McLean,656986,690997,2,6,NYM,1,8,4,N,1
823665,2026-08-29,2026-08-29T18:10:00Z,Target Field,R,CWS,MIN,145,142,Erick Fedde,Bailey Ober,607200,641927,3,2,CWS,0,5,1,N,1
823741,2026-08-29,2026-08-29T23:15:00Z,American Family Field,R,TEX,MIL,140,158,Cal Quantrill,Shane Drohan,615698,675660,3,5,MIL,1,8,2,N,1
823986,2026-08-29,2026-08-30T02:07:00Z,Angel Stadium,R,PHI,LAA,143,108,Cristopher Sánchez,Ryan Johnson,650911,696270,4,2,PHI,0,6,2,N,1
824230,2026-08-29,2026-08-29T17:10:00Z,Comerica Park,R,LAD,DET,119,116,Blake Snell,Keider Montero,605483,672456,1,2,DET,1,3,1,N,1
824392,2026-08-29,2026-08-29T20:10:00Z,Progressive Field,R,KC,CLE,118,114,Daniel Lynch IV,Foster Griffin,663738,656492,8,3,KC,0,11,5,N,1
824637,2026-08-29,2026-08-29T18:20:00Z,Wrigley Field,R,CIN,CHC,113,112,Andrew Abbott,Kevin Gausman,671096,592332,5,17,CHC,1,22,12,N,1
824874,2026-08-29,2026-08-29T20:10:00Z,Truist Park,R,COL,ATL,115,144,Zach Agnos,Martín Pérez,688642,527048,1,2,ATL,1,3,1,N,1
824961,2026-08-29,2026-08-30T02:05:00Z,Sutter Health Park,R,BAL,ATH,110,133,Shane Baz,Jack Perkins,669358,678022,5,3,BAL,0,8,2,N,1
822688,2026-08-30,2026-08-30T16:15:00Z,Nationals Park,R,MIA,WSH,146,120,Janson Junk,Andrew Alvarez,676083,674841,6,2,MIA,0,8,4,N,1
822766,2026-08-30,2026-08-30T17:37:00Z,Rogers Centre,R,SEA,TOR,136,141,Logan Gilbert,Max Scherzer,669302,453286,0,7,TOR,1,7,7,N,1
822933,2026-08-30,2026-08-30T17:40:00Z,Tropicana Field,R,SD,TB,135,139,Robbie Ray,Drew Rasmussen,592662,656876,4,5,TB,1,9,1,N,1
823010,2026-08-30,2026-08-30T18:15:00Z,Busch Stadium,R,PIT,STL,134,138,Braxton Ashcraft,Matthew Liberatore,677952,669461,5,4,PIT,0,9,1,N,1
823502,2026-08-30,2026-08-30T17:35:00Z,Yankee Stadium,R,BOS,NYY,111,147,Ranger Suarez,Will Warren,624133,701542,1,16,NYY,1,17,15,N,1
823580,2026-08-30,2026-08-30T19:10:00Z,Citi Field,R,HOU,NYM,117,121,Ethan Pecko,Zac Thornton,814490,804267,6,3,HOU,0,9,3,N,1
823662,2026-08-30,2026-08-30T18:10:00Z,Target Field,R,CWS,MIN,145,142,Jordan Hicks,Zebby Matthews,663855,805673,1,5,MIN,1,6,4,N,1
823740,2026-08-30,2026-08-30T18:10:00Z,American Family Field,R,TEX,MIL,140,158,Kumar Rocker,Dustin May,677958,669160,7,4,TEX,0,11,3,N,1
823987,2026-08-30,2026-08-30T20:07:00Z,Angel Stadium,R,PHI,LAA,143,108,Zack Wheeler,Yusei Kikuchi,554430,579328,5,2,PHI,0,7,3,N,1
824232,2026-08-30,2026-08-30T17:40:00Z,Comerica Park,R,LAD,DET,119,116,Tyler Glasnow,Framber Valdez,607192,664285,6,1,LAD,0,7,5,N,1
824393,2026-08-30,2026-08-30T17:40:00Z,Progressive Field,R,KC,CLE,118,114,Seth Lugo,Parker Messick,607625,800048,1,11,CLE,1,12,10,N,1
824636,2026-08-30,2026-08-30T23:20:00Z,Wrigley Field,R,CIN,CHC,113,112,Chase Burns,Shota Imanaga,695505,684007,7,5,CIN,0,12,2,N,1
824876,2026-08-30,2026-08-30T17:35:00Z,Truist Park,R,COL,ATL,115,144,Mason Adams,Tyler Mahle,690279,641816,2,3,ATL,1,5,1,N,1
824959,2026-08-30,2026-08-30T20:05:00Z,Sutter Health Park,R,BAL,ATH,110,133,Chris Bassitt,Jeffrey Springs,605135,605488,8,5,BAL,0,13,3,N,1
822689,2026-08-31,2026-08-31T22:45:00Z,Nationals Park,R,MIA,WSH,146,120,Ryan Gusto,Will Dion,687473,702021,3,6,WSH,1,9,3,N,1
822855,2026-08-31,2026-09-01T00:05:00Z,Globe Life Field,R,ATH,TEX,133,140,Gage Jump,Jacob deGrom,695611,594798,1,8,TEX,1,9,7,N,1
822932,2026-08-31,2026-08-31T22:40:00Z,Tropicana Field,R,NYM,TB,121,139,Robert Stock,Ian Seymour,476594,693855,3,2,NYM,0,5,1,N,1
823663,2026-08-31,2026-08-31T23:40:00Z,Target Field,R,DET,MIN,116,142,Jackson Jobe,Taj Bradley,695549,671737,1,11,MIN,1,12,10,N,1
823982,2026-08-31,2026-09-01T01:38:00Z,Angel Stadium,R,NYY,LAA,147,108,Elmer Rodríguez,Walbert Ureña,695684,700712,1,10,LAA,1,11,9,N,1
824149,2026-08-31,2026-09-01T00:10:00Z,Daikin Park,R,CWS,HOU,145,117,Anthony Kay,Peter Lambert,641743,663567,3,6,HOU,1,9,3,N,1
824314,2026-08-31,2026-09-01T00:40:00Z,Coors Field,R,BAL,COL,110,115,Cade Povich,Tanner Gordon,700249,685299,2,1,BAL,0,3,1,N,1
824473,2026-08-31,2026-08-31T22:40:00Z,Great American Ball Park,R,SD,CIN,135,113,Michael King,Brady Singer,650633,663903,5,0,SD,0,5,5,N,1
824635,2026-08-31,2026-08-31T23:40:00Z,Wrigley Field,R,MIL,CHC,158,112,Kyle Harrison,Clay Holmes,690986,605280,3,17,CHC,1,20,14,N,1
824719,2026-08-31,2026-08-31T22:45:00Z,Fenway Park,R,SEA,BOS,136,111,George Kirby,Payton Tolle,669923,801139,8,9,BOS,1,17,1,N,1
824911,2026-08-31,2026-08-31T22:05:00Z,Truist Park,R,SF,ATL,137,144,Anthony Molina,Bryce Elder,683627,693821,7,3,SF,0,10,4,N,1
825040,2026-08-31,2026-09-01T01:40:00Z,Chase Field,R,PHI,AZ,143,109,Aaron Nola,Brandon Pfaadt,605400,694297,2,1,PHI,0,3,1,N,1
822687,2026-09-01,2026-09-01T22:45:00Z,Nationals Park,R,ATL,WSH,144,120,AJ Smith-Shawver,Jake Irvin,700363,663623,5,9,WSH,1,14,4,N,1
822854,2026-09-01,2026-09-02T00:05:00Z,Globe Life Field,R,ATH,TEX,133,140,Brady Basso,MacKenzie Gore,669620,669022,5,8,TEX,1,13,3,N,1
822929,2026-09-01,2026-09-01T22:40:00Z,Tropicana Field,R,NYM,TB,121,139,Sean Manaea,Freddy Peralta,640455,642547,2,6,TB,1,8,4,N,1
823340,2026-09-01,2026-09-01T22:40:00Z,PNC Park,R,SF,PIT,137,134,Logan Webb,Paul Skenes,657277,694973,12,13,PIT,1,25,1,N,1
823661,2026-09-01,2026-09-01T23:40:00Z,Target Field,R,DET,MIN,116,142,Troy Melton,Andrew Morris,675512,702193,2,15,MIN,1,17,13,N,1
823908,2026-09-01,2026-09-02T02:10:00Z,UNIQLO Field at Dodger Stadium,R,STL,LAD,138,119,Michael McGreevy,Eric Lauer,700241,641778,13,8,STL,0,21,5,N,1
823984,2026-09-01,2026-09-02T01:38:00Z,Angel Stadium,R,NYY,LAA,147,108,Gerrit Cole,Grayson Rodriguez,543037,680570,7,3,NYY,0,10,4,N,1
824070,2026-09-01,2026-09-01T23:40:00Z,Kauffman Stadium,R,MIA,KC,146,118,Tyler Phillips,Randy Dobnak,663969,677976,6,3,MIA,0,9,3,N,1
824148,2026-09-01,2026-09-02T00:10:00Z,Daikin Park,R,CWS,HOU,145,117,Sean Burke,Ronel Blanco,680732,669854,5,1,CWS,0,6,4,N,1
824313,2026-09-01,2026-09-02T00:40:00Z,Coors Field,R,BAL,COL,110,115,Kyle Bradish,Gabriel Hughes,680694,687312,2,4,COL,1,6,2,N,1
824391,2026-09-01,2026-09-01T22:40:00Z,Progressive Field,R,TOR,CLE,141,114,Spencer Miles,Gavin Williams,693686,668909,1,6,CLE,1,7,5,N,1
824472,2026-09-01,2026-09-01T22:40:00Z,Great American Ball Park,R,SD,CIN,135,113,Randy Vásquez,Nick Lodolo,681190,666157,3,4,CIN,1,7,1,N,1
824633,2026-09-01,2026-09-01T23:40:00Z,Wrigley Field,R,MIL,CHC,158,112,Robert Gasser,Matthew Boyd,688107,571510,9,4,MIL,0,13,5,N,1
824716,2026-09-01,2026-09-01T22:45:00Z,Fenway Park,R,SEA,BOS,136,111,Bryan Woo,Jedixson Paez,693433,699151,9,6,SEA,0,15,3,N,1
825038,2026-09-01,2026-09-02T01:40:00Z,Chase Field,R,PHI,AZ,143,109,Jesús Luzardo,Eduardo Rodriguez,666200,593958,7,1,PHI,0,8,6,N,1
822686,2026-09-02,2026-09-02T17:05:00Z,Nationals Park,R,ATL,WSH,144,120,Grant Holmes,Brad Lord,656550,695418,9,0,ATL,0,9,9,N,1
822851,2026-09-02,2026-09-02T18:35:00Z,Globe Life Field,R,ATH,TEX,133,140,Jacob Lopez,Cody Bradford,682052,674003,9,2,ATH,0,11,7,N,1
822931,2026-09-02,2026-09-02T22:40:00Z,Tropicana Field,R,NYM,TB,121,139,Justin Hagenman,Griffin Jax,663795,643377,10,4,NYM,0,14,6,N,1
823339,2026-09-02,2026-09-02T22:40:00Z,PNC Park,R,SF,PIT,137,134,Landen Roupp,Bubba Chandler,694738,696149,5,4,SF,0,9,1,N,1
823660,2026-09-02,2026-09-02T23:40:00Z,Target Field,R,DET,MIN,116,142,Drew Anderson,Dean Kremer,623454,665152,11,6,DET,0,17,5,N,1
823906,2026-09-02,2026-09-03T02:10:00Z,UNIQLO Field at Dodger Stadium,R,STL,LAD,138,119,Brycen Mautz,Yoshinobu Yamamoto,802408,808967,8,6,STL,0,14,2,N,1
823983,2026-09-02,2026-09-03T01:38:00Z,Angel Stadium,R,NYY,LAA,147,108,Cam Schlittler,Reid Detmers,693645,672282,6,3,NYY,0,9,3,N,1
824068,2026-09-02,2026-09-02T23:40:00Z,Kauffman Stadium,R,MIA,KC,146,118,Eury Pérez,Noah Cameron,691587,702070,9,6,MIA,0,15,3,N,1
824147,2026-09-02,2026-09-03T00:10:00Z,Daikin Park,R,CWS,HOU,145,117,Davis Martin,Hayden Wesneski,663436,669713,0,2,HOU,1,2,2,N,1
824312,2026-09-02,2026-09-02T19:10:00Z,Coors Field,R,BAL,COL,110,115,Trevor Rogers,Tomoyuki Sugano,669432,608372,5,6,COL,1,11,1,N,1
824390,2026-09-02,2026-09-02T22:40:00Z,Progressive Field,R,TOR,CLE,141,114,Dylan Cease,Joey Cantillo,656302,676282,11,0,TOR,0,11,11,N,1
824470,2026-09-02,2026-09-02T16:40:00Z,Great American Ball Park,R,SD,CIN,135,113,Casey Mize,Brandon Williamson,663554,682227,3,7,CIN,1,10,4,N,1
824634,2026-09-02,2026-09-02T23:40:00Z,Wrigley Field,R,MIL,CHC,158,112,Jacob Misiorowski,David Peterson,694819,656849,9,5,MIL,0,14,4,N,1
824717,2026-09-02,2026-09-02T20:10:00Z,Fenway Park,R,SEA,BOS,136,111,Bryce Miller,Patrick Sandoval,682243,663776,8,3,SEA,0,11,5,N,1
825037,2026-09-02,2026-09-02T19:40:00Z,Chase Field,R,PHI,AZ,143,109,Andrew Painter,Taylor Clarke,691725,664199,0,1,AZ,1,1,1,N,1
822853,2026-09-03,2026-09-04T00:05:00Z,Globe Life Field,R,TB,TEX,139,140,Shane McClanahan,Cal Quantrill,663556,615698,0,6,TEX,1,6,6,N,1
823095,2026-09-03,2026-09-04T01:40:00Z,T-Mobile Park,R,ATH,SEA,133,136,Jack Perkins,Kade Anderson,678022,807739,7,4,ATH,0,11,3,N,1
823337,2026-09-03,2026-09-03T16:35:00Z,PNC Park,R,SF,PIT,137,134,Blade Tidwell,Lake Bachar,694918,669199,2,5,PIT,1,7,3,N,1
823907,2026-09-03,2026-09-04T02:10:00Z,UNIQLO Field at Dodger Stadium,R,STL,LAD,138,119,Quinn Mathews,Tarik Skubal,687273,669373,2,3,LAD,1,5,1,N,1
824069,2026-09-03,2026-09-03T23:40:00Z,Kauffman Stadium,R,MIA,KC,146,118,Sandy Alcantara,Michael Wacha,645261,608379,3,7,KC,1,10,4,N,1
824144,2026-09-03,2026-09-03T18:10:00Z,Daikin Park,R,CWS,HOU,145,117,Luis Castillo,Hunter Brown,622491,686613,2,6,HOU,1,8,4,N,1
824388,2026-09-03,2026-09-03T17:10:00Z,Progressive Field,R,TOR,CLE,141,114,José Soriano,Tanner Bibee,667755,676440,6,3,TOR,0,9,3,N,1
824632,2026-09-03,2026-09-03T23:15:00Z,Wrigley Field,R,MIL,CHC,158,112,Logan Henderson,Kevin Gausman,701656,592332,1,2,CHC,1,3,1,N,1
824796,2026-09-03,2026-09-03T23:15:00Z,Oriole Park at Camden Yards,R,BOS,BAL,111,110,Jake Bennett,Brandon Young,687562,687064,6,5,BOS,0,11,1,N,1
822852,2026-09-04,2026-09-05T00:05:00Z,Globe Life Field,R,TB,TEX,139,140,Nick Martinez,Trevor Williams,607259,592866,7,6,TB,0,13,1,N,1
823093,2026-09-04,2026-09-05T02:10:00Z,T-Mobile Park,R,ATH,SEA,133,136,Kade Morris,Logan Gilbert,695034,669302,7,6,ATH,0,13,1,N,1
823256,2026-09-04,2026-09-05T01:40:00Z,Petco Park,R,NYY,SD,147,135,Max Fried,Walker Buehler,608331,621111,2,3,SD,1,5,1,N,1
823338,2026-09-04,2026-09-04T22:45:00Z,PNC Park,R,LAA,PIT,108,134,Ryan Johnson,Jared Jones,696270,683003,0,1,PIT,1,1,1,N,1
823418,2026-09-04,2026-09-04T22:40:00Z,Citizens Bank Park,R,ATL,PHI,144,143,Chris Sale,Cristopher Sánchez,519242,650911,5,2,ATL,0,7,3,N,1
823579,2026-09-04,2026-09-04T23:10:00Z,Citi Field,R,SF,NYM,137,121,Matt Wilkinson,Nolan McLean,683363,690997,6,10,NYM,1,16,4,N,1
823824,2026-09-04,2026-09-04T23:10:00Z,loanDepot park,R,CHC,MIA,112,146,Shota Imanaga,Janson Junk,684007,676083,6,1,CHC,0,7,5,N,1
823905,2026-09-04,2026-09-05T02:10:00Z,UNIQLO Field at Dodger Stadium,R,WSH,LAD,120,119,Jackson Kent,Blake Snell,800600,605483,3,5,LAD,1,8,2,N,1
824067,2026-09-04,2026-09-05T00:10:00Z,Kauffman Stadium,R,TOR,KC,141,118,Jameson Taillon,Daniel Lynch IV,592791,663738,9,2,TOR,0,11,7,N,1
824146,2026-09-04,2026-09-05T00:10:00Z,Daikin Park,R,AZ,HOU,109,117,Merrill Kelly,Cristian Javier,518876,664299,1,3,HOU,1,4,2,N,1
824311,2026-09-04,2026-09-05T00:40:00Z,Coors Field,R,STL,COL,138,115,Andre Pallante,Ryan Feltner,669467,663372,7,6,STL,0,13,1,N,1
824387,2026-09-04,2026-09-04T23:15:00Z,Progressive Field,R,DET,CLE,116,114,Andrew Sears,Foster Griffin,808825,656492,3,4,CLE,1,7,1,S,2
824424,2026-09-04,2026-09-04T18:10:00Z,Progressive Field,R,DET,CLE,116,114,Keider Montero,Logan Allen,672456,671106,6,7,CLE,1,13,1,S,1
824471,2026-09-04,2026-09-04T22:10:00Z,Great American Ball Park,R,MIL,CIN,158,113,Shane Drohan,Rhett Lowder,675660,695076,10,7,MIL,0,17,3,N,1
824554,2026-09-04,2026-09-04T23:40:00Z,Rate Field,R,MIN,CWS,142,145,Zebby Matthews,Erick Fedde,805673,607200,1,4,CWS,1,5,3,N,1
824797,2026-09-04,2026-09-04T23:05:00Z,Oriole Park at Camden Yards,R,BOS,BAL,111,110,Ranger Suarez,Shane Baz,624133,669358,1,0,BOS,0,1,1,N,1
822850,2026-09-05,2026-09-05T23:05:00Z,Globe Life Field,R,TB,TEX,139,140,Drew Rasmussen,Jacob deGrom,656876,594798,6,3,TB,0,9,3,N,1
823094,2026-09-05,2026-09-06T01:40:00Z,T-Mobile Park,R,ATH,SEA,133,136,Jeffrey Springs,George Kirby,605488,669923,6,2,ATH,0,8,4,N,1
823257,2026-09-05,2026-09-05T23:15:00Z,Petco Park,R,NYY,SD,147,135,Carlos Rodón,Robbie Ray,607074,592662,5,1,NYY,0,6,4,N,1
823335,2026-09-05,2026-09-05T22:40:00Z,PNC Park,R,LAA,PIT,108,134,Yusei Kikuchi,Braxton Ashcraft,579328,677952,6,1,LAA,0,7,5,N,1
823419,2026-09-05,2026-09-05T22:05:00Z,Citizens Bank Park,R,ATL,PHI,144,143,Martín Pérez,Zack Wheeler,527048,554430,2,4,PHI,1,6,2,N,1
823577,2026-09-05,2026-09-05T20:10:00Z,Citi Field,R,SF,NYM,137,121,Anthony Molina,Zac Thornton,683627,804267,9,5,SF,0,14,4,N,1
823823,2026-09-05,2026-09-05T20:10:00Z,loanDepot park,R,CHC,MIA,112,146,Javier Assad,Ryan Gusto,665871,687473,6,5,CHC,0,11,1,N,1
823904,2026-09-05,2026-09-06T01:10:00Z,UNIQLO Field at Dodger Stadium,R,WSH,LAD,120,119,Cade Cavalli,Tyler Glasnow,676917,607192,5,6,LAD,1,11,1,N,1
824066,2026-09-05,2026-09-05T23:10:00Z,Kauffman Stadium,R,TOR,KC,141,118,Max Scherzer,Seth Lugo,453286,607625,4,3,TOR,0,7,1,N,1
824145,2026-09-05,2026-09-05T23:15:00Z,Daikin Park,R,AZ,HOU,109,117,Brandon Pfaadt,Ethan Pecko,694297,814490,4,3,AZ,0,7,1,N,1
824310,2026-09-05,2026-09-06T00:10:00Z,Coors Field,R,STL,COL,138,115,Matthew Liberatore,Mason Adams,669461,690279,7,10,COL,1,17,3,N,1
824389,2026-09-05,2026-09-05T22:10:00Z,Progressive Field,R,DET,CLE,116,114,Framber Valdez,Parker Messick,664285,800048,6,0,DET,0,6,6,N,1
824468,2026-09-05,2026-09-05T22:40:00Z,Great American Ball Park,R,MIL,CIN,158,113,Dustin May,Andrew Abbott,669160,671096,3,5,CIN,1,8,2,N,1
824553,2026-09-05,2026-09-05T23:10:00Z,Rate Field,R,MIN,CWS,142,145,Taj Bradley,Anthony Kay,671737,641743,6,4,MIN,0,10,2,N,1
824795,2026-09-05,2026-09-05T23:05:00Z,Oriole Park at Camden Yards,R,BOS,BAL,111,110,Sonny Gray,Chris Bassitt,543243,605135,5,0,BOS,0,5,5,N,1
822848,2026-09-06,2026-09-06T18:35:00Z,Globe Life Field,R,TB,TEX,139,140,Ian Seymour,MacKenzie Gore,693855,669022,6,8,TEX,1,14,2,N,1
823091,2026-09-06,2026-09-06T20:10:00Z,T-Mobile Park,R,ATH,SEA,133,136,Gage Jump,Bryan Woo,695611,693433,0,2,SEA,1,2,2,N,1
823253,2026-09-06,2026-09-06T20:10:00Z,Petco Park,R,NYY,SD,147,135,Gerrit Cole,Michael King,543037,650633,3,4,SD,1,7,1,N,1
823336,2026-09-06,2026-09-06T17:35:00Z,PNC Park,R,LAA,PIT,108,134,Walbert Ureña,Paul Skenes,700712,694973,0,1,PIT,1,1,1,N,1
823417,2026-09-06,2026-09-06T17:10:00Z,Citizens Bank Park,R,ATL,PHI,144,143,Tyler Mahle,Aaron Nola,641816,605400,5,4,ATL,0,9,1,N,1
823578,2026-09-06,2026-09-06T17:40:00Z,Citi Field,R,SF,NYM,137,121,Cesar Perdomo,Christian Scott,702885,681035,2,4,NYM,1,6,2,N,1
823822,2026-09-06,2026-09-06T17:40:00Z,loanDepot park,R,CHC,MIA,112,146,Clay Holmes,Tyler Phillips,605280,663969,3,10,MIA,1,13,7,N,1
823903,2026-09-06,2026-09-07T02:10:00Z,UNIQLO Field at Dodger Stadium,R,WSH,LAD,120,119,Andrew Alvarez,Justin Wrobleski,674841,680736,5,7,LAD,1,12,2,N,1
824065,2026-09-06,2026-09-06T18:10:00Z,Kauffman Stadium,R,TOR,KC,141,118,Spencer Arrighetti,Randy Dobnak,681293,677976,1,6,KC,1,7,5,N,1
824142,2026-09-06,2026-09-06T18:10:00Z,Daikin Park,R,AZ,HOU,109,117,Eduardo Rodriguez,Peter Lambert,593958,663567,3,2,AZ,0,5,1,N,1
824309,2026-09-06,2026-09-06T19:10:00Z,Coors Field,R,STL,COL,138,115,Kyle Leahy,Tanner Gordon,681517,685299,10,8,STL,0,18,2,N,1
824385,2026-09-06,2026-09-06T17:40:00Z,Progressive Field,R,DET,CLE,116,114,Jackson Jobe,Gavin Williams,695549,668909,2,3,CLE,1,5,1,N,1
824469,2026-09-06,2026-09-06T16:10:00Z,Great American Ball Park,R,MIL,CIN,158,113,Kyle Harrison,Brady Singer,690986,663903,8,12,CIN,1,20,4,N,1
824552,2026-09-06,2026-09-06T22:20:00Z,Rate Field,R,MIN,CWS,142,145,Bailey Ober,Bryan Hudson,641927,663542,1,10,CWS,1,11,9,N,1
824794,2026-09-06,2026-09-06T17:35:00Z,Oriole Park at Camden Yards,R,BOS,BAL,111,110,Payton Tolle,Kyle Bradish,801139,680694,3,1,BOS,0,4,2,N,1
823088,2026-09-10,2026-09-10T20:10:00Z,T-Mobile Park,R,TEX,SEA,140,136,Jacob deGrom,Logan Gilbert,594798,669302,3,4,SEA,1,7,1,N,1
823413,2026-09-10,2026-09-10T17:05:00Z,Citizens Bank Park,R,HOU,PHI,117,143,Cristian Javier,Zack Wheeler,664299,554430,2,1,HOU,0,3,1,N,1
823499,2026-09-10,2026-09-10T23:05:00Z,Yankee Stadium,R,COL,NYY,115,147,Ryan Feltner,Max Fried,663372,608331,3,10,NYY,1,13,7,N,1
824550,2026-09-10,2026-09-10T23:40:00Z,Rate Field,R,PIT,CWS,134,145,Jared Jones,Hagen Smith,683003,696146,2,0,PIT,0,2,2,N,1
824872,2026-09-10,2026-09-10T16:15:00Z,Truist Park,R,TB,ATL,139,144,Nick Martinez,Martín Pérez,607259,527048,1,3,ATL,1,4,2,N,1
